amount,customerAvgAmount,transactionsLast10Min,transactionsLast24Hours,failedAttempts,accountAge,isNewDevice,isNewIp,previousFraudCount,paymentMethod,currency,isFraud,transactionId,customerId
76.08,79.1,1,2,0,44,0,0,0,CARD,USD,0,TXN_108522,CUS_8413
182.92,106.14,0,2,0,38,0,0,0,CARD,INR,0,TXN_102569,CUS_6551
141.22,158.92,0,0,0,66,0,0,0,CARD,USD,0,TXN_113171,CUS_4352
92.48,137.45,0,2,2,282,0,0,0,UPI,INR,0,TXN_100465,CUS_5178
571.78,361.77,0,1,0,366,0,0,0,CARD,INR,0,TXN_113354,CUS_4477
141.31,126.69,2,5,0,779,0,0,0,UPI,USD,0,TXN_108741,CUS_6932
173.91,138.24,0,2,1,40,0,0,0,CARD,USD,0,TXN_114663,CUS_3829
30.47,41.74,0,3,0,482,0,0,0,UPI,INR,0,TXN_114818,CUS_4549
64.44,52.27,1,5,0,616,1,0,0,CARD,INR,0,TXN_103173,CUS_9037
181.56,167.83,0,3,0,96,0,0,0,WALLET,INR,0,TXN_101023,CUS_2976
143.17,75.62,0,1,0,108,0,0,1,UPI,USD,0,TXN_109131,CUS_6946
33.69,58.93,0,2,0,49,0,0,0,CARD,INR,0,TXN_103148,CUS_2398
195.57,209.46,0,2,0,219,0,1,0,NET_BANKING,INR,0,TXN_114891,CUS_7577
29.57,48.3,0,2,0,68,0,1,0,CARD,INR,0,TXN_100505,CUS_2164
33.76,125.37,0,2,0,77,0,0,0,CARD,EUR,0,TXN_100174,CUS_2103
21.37,21.71,2,6,0,403,0,0,0,UPI,INR,0,TXN_108922,CUS_7893
428.92,460.06,0,0,1,96,0,0,0,CARD,EUR,0,TXN_108348,CUS_1722
111.74,79.62,0,1,1,43,1,1,0,WALLET,INR,0,TXN_112464,CUS_1328
34.57,69.66,0,3,0,78,0,0,0,CARD,INR,0,TXN_106092,CUS_2549
147.68,155.05,1,5,0,437,0,0,0,UPI,INR,0,TXN_110459,CUS_4968
137.42,91.88,0,6,0,560,0,0,0,NET_BANKING,USD,0,TXN_109809,CUS_5356
158.29,363.46,0,1,1,559,0,0,0,CARD,EUR,0,TXN_113314,CUS_5664
100.89,138.52,1,3,0,204,0,0,0,UPI,USD,0,TXN_112339,CUS_1794
148.68,117.84,0,1,0,84,0,0,0,NET_BANKING,INR,0,TXN_112929,CUS_3476
625.22,460.92,0,1,0,38,0,0,0,CARD,INR,0,TXN_110719,CUS_8950
179.51,405.1,0,1,0,128,0,0,0,WALLET,INR,0,TXN_107499,CUS_3250
111.51,74.02,0,5,0,75,0,0,0,CARD,EUR,0,TXN_103015,CUS_5635
146.9,107.58,0,3,0,476,0,0,0,CARD,USD,0,TXN_103547,CUS_6997
240.38,269.88,0,1,0,42,1,0,0,CARD,INR,0,TXN_101914,CUS_3326
66.49,66.45,0,1,0,155,0,0,0,WALLET,INR,0,TXN_103812,CUS_1829
62.97,66.59,2,5,0,250,0,0,0,UPI,INR,0,TXN_110197,CUS_1803
153.53,135.52,0,1,0,209,0,0,0,WALLET,INR,0,TXN_103622,CUS_9039
684.32,581.56,2,3,0,71,0,0,0,CARD,INR,0,TXN_113453,CUS_8717
34.05,75.96,0,2,0,664,0,0,0,CARD,INR,0,TXN_106518,CUS_7314
61.55,41.7,0,2,0,726,0,0,0,NET_BANKING,INR,0,TXN_105031,CUS_2907
280.46,320.48,1,1,0,69,0,0,0,CARD,INR,0,TXN_106620,CUS_9968
132.35,103.78,0,1,0,780,0,0,0,UPI,INR,0,TXN_100345,CUS_4601
306.37,259.22,0,3,0,183,0,0,0,NET_BANKING,INR,0,TXN_106895,CUS_6852
32.4,52.54,1,4,0,312,0,0,0,WALLET,INR,0,TXN_112154,CUS_9971
337.35,263.14,0,1,0,162,0,0,0,CARD,INR,0,TXN_114745,CUS_4823
57.16,105.67,1,3,1,272,0,0,0,CARD,USD,0,TXN_108158,CUS_2830
257.57,42.79,4,6,5,64,1,1,1,WALLET,INR,1,TXN_108425,CUS_5254
66.74,70.52,0,2,1,374,1,0,0,NET_BANKING,USD,0,TXN_100530,CUS_6483
98.59,115.47,2,4,0,299,0,1,0,CARD,INR,0,TXN_101517,CUS_6088
93.04,110.7,0,2,0,192,0,0,0,UPI,INR,0,TXN_106731,CUS_2133
40.81,40.35,0,6,0,174,0,0,0,CARD,USD,0,TXN_101595,CUS_2513
46.51,35.02,0,1,0,809,0,0,0,NET_BANKING,USD,0,TXN_107418,CUS_6828
118.3,109.73,1,2,0,94,0,0,0,UPI,INR,0,TXN_101576,CUS_2412
77.06,91.39,1,3,0,263,1,0,0,CARD,INR,0,TXN_106437,CUS_3366
50.73,75.42,0,4,0,364,0,0,0,UPI,USD,0,TXN_108043,CUS_6841
384.91,557.52,0,0,0,298,0,0,0,CARD,INR,0,TXN_112872,CUS_1094
188.63,142.21,0,1,0,363,0,0,0,UPI,INR,0,TXN_110967,CUS_9763
288.83,279.58,0,3,0,1074,0,0,0,CARD,USD,0,TXN_103611,CUS_5640
84.19,139.9,0,1,0,816,1,1,0,CARD,USD,0,TXN_112119,CUS_6986
76.21,89.32,2,4,0,84,1,0,0,UPI,INR,0,TXN_108230,CUS_8654
70.35,58.92,0,4,0,275,0,0,0,UPI,INR,0,TXN_111885,CUS_8903
73.97,65.96,0,5,2,214,0,0,0,CARD,USD,0,TXN_113837,CUS_9569
193.76,146.21,2,6,0,413,0,1,0,CARD,INR,0,TXN_109116,CUS_2034
98.64,112.14,1,3,1,225,0,0,0,CARD,USD,0,TXN_109964,CUS_6682
282.39,227.09,1,2,0,54,0,0,0,CARD,INR,0,TXN_105551,CUS_8888
112.51,162.77,0,5,0,54,0,0,0,CARD,INR,0,TXN_106851,CUS_1271
408.77,322.3,0,1,1,206,0,0,0,CARD,INR,0,TXN_112473,CUS_8380
166.42,91.25,0,3,0,262,0,1,0,NET_BANKING,INR,0,TXN_107513,CUS_1725
44.12,49.97,1,3,0,141,0,0,0,CARD,USD,0,TXN_110806,CUS_3771
146.87,141.42,0,2,0,153,1,1,0,CARD,USD,0,TXN_105195,CUS_5442
196.11,302.98,1,3,0,42,1,1,0,NET_BANKING,USD,0,TXN_111293,CUS_8853
39.69,48.67,0,2,0,415,0,0,0,CARD,INR,0,TXN_114674,CUS_2348
125.0,102.31,1,7,0,379,0,0,0,UPI,INR,0,TXN_103885,CUS_2287
249.91,147.78,2,3,0,198,1,0,0,CARD,INR,0,TXN_103266,CUS_4961
94.42,131.68,0,7,0,165,1,0,0,CARD,EUR,0,TXN_101304,CUS_5527
671.28,644.44,0,2,0,1458,0,0,0,UPI,USD,0,TXN_111618,CUS_6089
74.55,99.12,0,1,1,209,0,0,0,CARD,INR,0,TXN_106276,CUS_1278
65.06,69.63,0,1,1,217,0,0,0,UPI,INR,0,TXN_113950,CUS_8128
204.23,129.49,1,6,0,327,0,0,0,CARD,EUR,0,TXN_114413,CUS_8111
85.17,71.36,0,2,0,262,0,0,0,CARD,INR,0,TXN_103225,CUS_1415
144.58,125.75,0,1,0,301,0,0,0,CARD,USD,0,TXN_107402,CUS_5146
58.09,49.82,0,1,0,61,0,0,0,CARD,INR,0,TXN_112999,CUS_9057
127.42,100.15,0,1,0,199,0,0,0,UPI,INR,0,TXN_105676,CUS_7868
101.46,103.07,0,1,0,81,0,0,0,CARD,INR,0,TXN_112362,CUS_6184
156.93,143.9,0,2,0,77,0,0,0,CARD,INR,0,TXN_108384,CUS_6434
28.06,29.53,0,2,0,868,0,1,0,NET_BANKING,USD,0,TXN_113039,CUS_9258
61.42,43.11,0,2,1,228,0,0,0,CARD,INR,0,TXN_108797,CUS_4855
52.55,57.5,0,3,0,427,0,0,0,NET_BANKING,INR,0,TXN_111908,CUS_4955
88.0,170.85,0,6,0,297,0,0,0,CARD,USD,0,TXN_104054,CUS_4045
121.64,103.8,0,2,0,777,1,0,0,NET_BANKING,INR,0,TXN_101710,CUS_2124
35.28,24.42,0,1,0,85,0,0,0,CARD,INR,0,TXN_104533,CUS_6939
42.5,62.47,0,4,1,540,0,0,0,NET_BANKING,INR,0,TXN_109595,CUS_9365
100.93,120.35,1,2,0,58,0,0,0,NET_BANKING,EUR,0,TXN_101903,CUS_4601
39.95,35.84,1,3,2,704,1,0,0,CARD,EUR,0,TXN_101636,CUS_7132
101.71,122.97,0,2,1,724,0,0,0,UPI,USD,0,TXN_100299,CUS_3619
141.13,105.82,0,1,0,99,0,0,0,CARD,USD,0,TXN_108906,CUS_1036
88.28,51.51,0,1,0,477,0,0,0,UPI,INR,0,TXN_114366,CUS_9339
35.36,52.52,0,6,0,242,0,0,0,WALLET,INR,0,TXN_101055,CUS_7403
68.0,61.27,0,4,0,254,0,0,0,CARD,EUR,0,TXN_107448,CUS_9782
46.07,58.22,0,0,0,729,0,0,0,UPI,INR,0,TXN_106645,CUS_8206
205.05,154.47,0,1,0,163,0,0,0,UPI,USD,0,TXN_101969,CUS_7605
66.97,57.29,0,3,0,185,0,0,0,UPI,EUR,0,TXN_108681,CUS_9253
76.37,98.26,0,6,0,507,0,0,0,CARD,USD,0,TXN_102460,CUS_2734
38.7,28.9,0,0,0,109,0,1,0,CARD,USD,0,TXN_111348,CUS_6076
19.76,24.05,0,2,0,955,0,0,0,UPI,INR,0,TXN_102081,CUS_2448
71.57,97.07,1,3,0,371,0,1,0,CARD,INR,0,TXN_113255,CUS_9716
109.46,136.99,0,1,0,131,0,0,0,CARD,INR,0,TXN_110162,CUS_5649
39.75,57.99,0,1,0,339,0,0,0,CARD,USD,0,TXN_113974,CUS_1150
280.51,354.23,0,1,0,31,0,0,0,UPI,USD,0,TXN_113028,CUS_3765
187.8,120.53,0,1,0,156,0,0,0,CARD,INR,0,TXN_100905,CUS_5948
47.72,46.99,0,3,0,57,0,0,0,NET_BANKING,USD,0,TXN_106776,CUS_4128
57.25,44.43,0,1,0,271,0,1,0,UPI,USD,0,TXN_100068,CUS_6935
260.04,222.83,2,4,0,133,0,0,0,CARD,INR,0,TXN_109900,CUS_2128
129.49,104.68,1,5,0,444,0,0,0,CARD,INR,0,TXN_110295,CUS_1341
13.16,24.27,0,4,0,181,0,0,0,CARD,USD,0,TXN_105603,CUS_2411
100.68,122.64,0,3,0,235,0,0,0,CARD,INR,0,TXN_107364,CUS_4761
45.01,35.21,1,4,0,210,0,1,0,CARD,INR,0,TXN_109907,CUS_8931
67.35,53.1,1,2,1,235,0,0,0,UPI,INR,0,TXN_106949,CUS_9759
26.41,125.37,0,1,0,85,0,0,0,UPI,USD,0,TXN_101586,CUS_8281
71.88,108.02,2,4,0,367,0,0,0,CARD,USD,0,TXN_104924,CUS_5977
79.31,139.71,1,2,0,208,0,0,0,UPI,INR,0,TXN_103519,CUS_5170
109.46,62.91,0,5,0,301,0,0,0,UPI,INR,0,TXN_114319,CUS_9357
37.91,127.74,0,4,0,49,0,0,0,UPI,INR,0,TXN_111239,CUS_4740
121.6,142.28,1,4,0,38,0,1,0,CARD,INR,0,TXN_104109,CUS_4335
5.0,41.8,0,2,0,179,0,0,0,UPI,INR,0,TXN_104602,CUS_2651
314.34,482.77,0,2,0,44,0,0,0,WALLET,INR,0,TXN_112393,CUS_5434
386.2,251.23,0,1,0,134,0,0,0,CARD,EUR,0,TXN_101681,CUS_1216
135.36,166.15,0,5,0,81,0,0,0,CARD,EUR,0,TXN_112419,CUS_5482
287.65,221.56,1,5,0,996,0,0,0,CARD,INR,0,TXN_113880,CUS_3398
175.56,141.15,1,2,0,269,1,0,0,CARD,USD,0,TXN_107136,CUS_2774
112.53,112.94,0,6,1,261,0,1,0,UPI,INR,0,TXN_113035,CUS_5770
191.91,179.97,0,2,0,679,0,0,0,NET_BANKING,USD,0,TXN_106648,CUS_5034
26.74,117.88,0,2,0,291,0,1,0,CARD,USD,0,TXN_101246,CUS_1684
160.6,240.02,1,3,0,786,0,0,0,CARD,USD,0,TXN_102683,CUS_7557
47.04,48.75,0,7,1,806,0,0,0,WALLET,INR,0,TXN_111577,CUS_6520
94.8,84.37,0,3,0,608,0,0,0,CARD,INR,0,TXN_102721,CUS_6182
26.67,63.33,0,4,0,110,0,0,0,CARD,USD,0,TXN_113012,CUS_9975
184.49,201.22,1,3,0,341,0,0,0,NET_BANKING,INR,0,TXN_103010,CUS_6261
66.49,90.37,0,2,0,484,0,0,0,CARD,INR,0,TXN_101697,CUS_2213
35.14,52.84,0,1,0,82,0,0,0,NET_BANKING,INR,0,TXN_105636,CUS_6630
171.94,219.21,0,0,0,82,0,1,0,CARD,INR,0,TXN_102762,CUS_9413
438.16,361.64,0,3,0,241,0,0,0,UPI,USD,0,TXN_109311,CUS_9891
65.96,71.85,0,1,1,350,0,0,0,CARD,EUR,0,TXN_113699,CUS_8961
112.62,135.01,1,1,0,75,0,0,0,CARD,USD,0,TXN_114876,CUS_9373
69.01,81.24,0,1,0,243,0,0,0,UPI,INR,0,TXN_108712,CUS_2344
453.11,402.88,0,2,0,774,0,0,0,UPI,INR,0,TXN_112257,CUS_4897
110.55,109.56,1,5,0,176,0,0,0,UPI,INR,0,TXN_110714,CUS_4674
95.6,73.05,0,2,0,132,0,0,0,CARD,INR,0,TXN_109133,CUS_4785
59.37,90.51,1,1,0,136,0,0,0,UPI,INR,0,TXN_105592,CUS_3433
150.71,168.41,0,2,0,798,0,0,0,CARD,INR,0,TXN_113378,CUS_1965
130.49,146.68,0,0,1,179,0,0,0,WALLET,INR,0,TXN_106439,CUS_6122
137.34,128.59,0,0,0,114,0,0,0,NET_BANKING,USD,0,TXN_113259,CUS_4860
155.55,101.81,0,1,0,190,0,0,0,CARD,INR,0,TXN_113327,CUS_5369
122.69,287.27,0,2,0,128,0,0,0,UPI,USD,0,TXN_111113,CUS_9298
146.8,158.05,0,4,0,188,0,0,0,UPI,INR,0,TXN_110050,CUS_8274
42.93,36.11,0,1,0,1457,0,0,0,UPI,EUR,0,TXN_104354,CUS_4295
147.67,150.52,0,1,0,71,0,0,0,CARD,EUR,0,TXN_102160,CUS_2985
156.93,167.17,0,2,0,476,0,0,0,NET_BANKING,INR,0,TXN_112831,CUS_1756
45.03,55.3,0,3,0,665,0,0,0,NET_BANKING,INR,0,TXN_101431,CUS_3827
97.75,64.86,0,2,0,66,0,0,0,UPI,INR,0,TXN_113011,CUS_1049
145.07,231.3,1,2,0,228,0,0,0,WALLET,INR,0,TXN_100928,CUS_2736
104.85,94.47,1,3,0,38,0,0,0,CARD,INR,0,TXN_110324,CUS_4686
77.39,155.02,0,1,0,400,0,0,0,WALLET,INR,0,TXN_101569,CUS_3520
55.58,58.71,0,2,1,157,0,0,0,NET_BANKING,USD,0,TXN_106418,CUS_5116
47.01,180.13,0,3,0,141,0,0,0,UPI,EUR,0,TXN_106531,CUS_7690
96.0,87.33,0,1,0,260,0,0,0,CARD,EUR,0,TXN_105065,CUS_2611
102.61,90.41,1,2,0,144,0,0,0,NET_BANKING,USD,0,TXN_112098,CUS_1983
37.94,53.63,1,5,0,103,0,0,0,CARD,INR,0,TXN_109438,CUS_4007
50.2,70.4,0,1,0,128,0,0,0,CARD,INR,0,TXN_103849,CUS_5824
136.72,269.57,0,3,0,50,0,0,0,UPI,INR,0,TXN_104647,CUS_2576
233.5,223.31,0,1,0,458,0,0,0,CARD,INR,0,TXN_108197,CUS_6111
75.54,75.57,0,4,0,501,0,0,0,UPI,EUR,0,TXN_107987,CUS_6287
97.21,113.31,0,2,0,134,0,1,0,CARD,INR,0,TXN_113754,CUS_6120
525.06,63.3,6,7,2,108,1,0,1,CARD,INR,1,TXN_114386,CUS_4299
137.4,141.8,1,4,1,82,0,1,0,UPI,INR,0,TXN_101538,CUS_5765
26.05,31.81,0,0,0,341,0,0,0,UPI,USD,0,TXN_101913,CUS_5629
63.33,38.03,0,2,0,148,0,0,0,NET_BANKING,INR,0,TXN_107069,CUS_3271
103.96,109.91,0,2,0,45,0,0,0,CARD,INR,0,TXN_102656,CUS_3313
51.14,62.71,0,0,0,370,0,0,0,CARD,EUR,0,TXN_110411,CUS_8581
49.0,61.3,0,2,0,712,0,0,0,CARD,USD,0,TXN_100210,CUS_6357
14.05,344.67,7,8,2,10,1,1,3,CARD,INR,1,TXN_102847,CUS_9184
130.1,235.55,0,5,0,194,0,0,0,CARD,USD,0,TXN_113441,CUS_2721
99.07,123.27,1,4,0,599,0,0,0,WALLET,INR,0,TXN_109868,CUS_9833
308.81,503.32,0,1,0,475,1,0,0,CARD,INR,0,TXN_112488,CUS_3418
64.94,60.0,1,1,0,144,0,0,0,UPI,INR,0,TXN_109880,CUS_3767
110.65,248.14,0,3,0,97,0,0,0,UPI,USD,0,TXN_109659,CUS_4373
37.52,58.0,0,3,0,190,0,0,0,CARD,INR,0,TXN_112183,CUS_7053
211.93,117.97,2,5,0,378,0,0,0,NET_BANKING,INR,0,TXN_110772,CUS_3887
286.69,208.51,0,1,0,274,0,0,0,CARD,INR,0,TXN_114247,CUS_9593
35.87,58.64,0,1,0,263,0,0,0,NET_BANKING,INR,0,TXN_101946,CUS_4416
165.24,228.0,0,0,0,521,0,1,0,NET_BANKING,EUR,0,TXN_114018,CUS_5268
90.81,86.38,2,6,0,231,0,0,0,CARD,INR,0,TXN_108591,CUS_9069
157.41,127.86,1,3,0,126,0,0,0,CARD,INR,0,TXN_100933,CUS_8192
53.63,97.17,0,0,0,344,0,0,0,CARD,USD,0,TXN_107944,CUS_6996
22.13,43.16,0,1,0,305,1,1,0,UPI,INR,0,TXN_108771,CUS_9817
42.77,44.09,2,3,0,351,1,0,0,NET_BANKING,EUR,0,TXN_114135,CUS_6179
80.85,58.63,0,2,0,68,0,1,0,WALLET,INR,0,TXN_107283,CUS_4899
59.7,93.31,0,4,0,110,0,0,0,NET_BANKING,INR,0,TXN_100626,CUS_2304
217.22,206.11,0,3,0,92,0,0,0,NET_BANKING,INR,0,TXN_106902,CUS_5550
58.51,126.99,1,4,0,110,0,1,0,CARD,USD,0,TXN_108656,CUS_7351
187.37,183.55,0,2,0,153,1,0,0,CARD,INR,0,TXN_101952,CUS_7750
103.28,226.92,2,6,0,81,0,0,0,UPI,USD,0,TXN_110063,CUS_7994
168.59,309.03,0,1,0,774,0,1,0,UPI,INR,0,TXN_102313,CUS_7559
81.13,103.88,0,4,1,227,0,0,0,CARD,INR,0,TXN_101718,CUS_5625
69.58,57.91,1,2,0,190,0,0,0,CARD,USD,0,TXN_111053,CUS_4024
97.26,85.58,0,3,0,82,0,0,0,NET_BANKING,INR,0,TXN_106915,CUS_7244
274.72,150.25,1,7,0,76,0,0,0,UPI,INR,0,TXN_101396,CUS_7727
7.52,46.98,0,4,0,555,0,0,0,CARD,USD,0,TXN_109584,CUS_6827
219.09,242.46,1,5,1,108,0,0,0,WALLET,INR,0,TXN_104614,CUS_3270
176.32,119.11,0,1,0,284,0,0,0,WALLET,EUR,0,TXN_112953,CUS_9747
71.15,72.95,0,3,0,366,0,0,0,CARD,USD,0,TXN_105444,CUS_2018
53.58,46.76,0,2,0,781,0,0,0,CARD,INR,0,TXN_106240,CUS_3033
37.73,62.08,0,1,0,287,0,0,0,UPI,INR,0,TXN_104253,CUS_3816
39.16,47.33,0,3,1,80,0,0,0,CARD,INR,0,TXN_109120,CUS_9752
38.37,61.93,0,0,0,133,0,0,0,NET_BANKING,USD,0,TXN_108808,CUS_3244
216.6,170.28,0,3,0,161,0,0,0,CARD,USD,0,TXN_114527,CUS_4473
168.49,101.47,1,2,0,63,1,1,0,CARD,INR,0,TXN_108658,CUS_7545
55.75,64.04,0,1,0,174,0,0,0,NET_BANKING,USD,0,TXN_106630,CUS_2287
88.69,86.22,1,2,0,569,0,0,0,CARD,INR,0,TXN_112600,CUS_8108
207.34,241.7,0,2,0,66,0,0,0,CARD,USD,0,TXN_106897,CUS_6064
46.04,49.65,0,1,0,30,0,0,0,CARD,INR,0,TXN_108245,CUS_2652
80.99,70.15,0,1,0,120,0,0,0,UPI,INR,0,TXN_101157,CUS_6283
418.76,92.8,4,8,4,15,1,1,1,NET_BANKING,USD,1,TXN_108275,CUS_2055
38.46,73.68,0,1,0,185,0,0,0,CARD,INR,0,TXN_101638,CUS_5022
89.08,87.39,0,3,0,369,0,0,0,CARD,INR,0,TXN_110845,CUS_9274
156.61,111.19,0,4,0,223,0,0,0,CARD,INR,0,TXN_102643,CUS_8592
66.98,58.5,0,3,0,233,0,1,0,CARD,USD,0,TXN_112983,CUS_5271
134.29,130.12,2,5,0,98,0,0,0,NET_BANKING,INR,0,TXN_107288,CUS_7307
35.72,86.59,0,4,1,184,0,1,0,CARD,INR,0,TXN_110116,CUS_4280
227.93,165.34,0,2,0,204,0,0,0,CARD,INR,0,TXN_107394,CUS_4212
174.34,148.61,0,2,0,68,0,0,0,CARD,INR,0,TXN_108441,CUS_3332
83.2,76.91,1,4,0,188,0,0,0,WALLET,INR,0,TXN_114040,CUS_9396
96.22,61.01,0,1,0,111,0,0,0,UPI,INR,0,TXN_105190,CUS_5661
62.84,81.96,1,1,0,136,0,0,0,WALLET,INR,0,TXN_113794,CUS_7620
181.15,280.92,0,1,0,755,0,0,0,CARD,USD,0,TXN_103345,CUS_8387
155.22,157.94,0,2,0,72,0,0,0,CARD,EUR,0,TXN_110307,CUS_4842
37.63,68.54,1,2,0,766,0,0,0,CARD,INR,0,TXN_106519,CUS_9202
97.06,115.11,0,1,0,254,0,0,0,CARD,USD,0,TXN_110261,CUS_1233
278.66,255.74,2,5,0,596,0,0,0,NET_BANKING,USD,0,TXN_101140,CUS_1665
123.68,132.14,0,3,0,43,0,0,0,CARD,USD,0,TXN_101601,CUS_4334
118.82,141.06,0,5,0,95,0,0,0,CARD,INR,0,TXN_103085,CUS_5276
28.45,35.98,0,0,0,220,0,0,0,UPI,INR,0,TXN_111693,CUS_4875
202.85,159.23,0,1,0,58,0,0,0,CARD,INR,0,TXN_102527,CUS_6075
38.92,31.83,1,3,0,430,1,0,0,NET_BANKING,INR,0,TXN_105369,CUS_3553
58.99,55.18,2,4,1,257,0,0,0,CARD,EUR,0,TXN_109845,CUS_3357
133.71,137.94,1,3,0,48,0,0,0,CARD,USD,0,TXN_100486,CUS_6126
178.28,566.96,0,2,0,134,1,0,0,CARD,EUR,0,TXN_104164,CUS_2832
120.91,100.39,1,2,0,191,0,0,0,CARD,INR,0,TXN_100631,CUS_7414
78.08,54.62,0,3,0,146,0,0,0,UPI,INR,0,TXN_114349,CUS_6878
98.77,71.39,0,1,0,1001,0,1,0,UPI,USD,0,TXN_104573,CUS_7840
172.78,140.53,0,7,0,380,0,0,0,NET_BANKING,USD,0,TXN_112974,CUS_6719
160.39,108.1,0,2,0,116,0,1,0,UPI,EUR,0,TXN_100674,CUS_3366
16.01,26.0,1,4,0,311,0,0,0,WALLET,INR,0,TXN_104486,CUS_5823
26.25,35.99,0,2,0,133,0,0,0,UPI,USD,0,TXN_102526,CUS_5613
180.22,143.7,0,1,0,275,0,0,0,NET_BANKING,USD,0,TXN_105296,CUS_9308
62.93,70.68,0,3,0,588,0,0,0,CARD,INR,0,TXN_111696,CUS_8374
188.44,22.15,7,10,3,93,0,1,1,CARD,EUR,1,TXN_112646,CUS_6304
39.74,42.3,0,2,1,408,1,0,0,CARD,INR,0,TXN_112508,CUS_8205
110.0,106.01,1,3,0,310,0,0,0,CARD,INR,0,TXN_113735,CUS_5660
846.93,608.51,0,2,1,168,0,0,0,UPI,INR,0,TXN_108587,CUS_6205
657.4,458.04,0,3,0,50,0,0,0,NET_BANKING,USD,0,TXN_108839,CUS_9407
145.97,323.22,0,1,2,367,0,0,0,UPI,INR,0,TXN_113622,CUS_3071
121.81,102.14,1,2,0,241,0,0,0,UPI,INR,0,TXN_109847,CUS_1789
143.07,170.88,0,2,0,75,0,0,0,NET_BANKING,INR,0,TXN_103359,CUS_9050
137.05,264.71,0,0,0,163,0,0,0,UPI,INR,0,TXN_100511,CUS_4310
174.84,144.87,1,1,0,220,0,0,0,CARD,EUR,0,TXN_110247,CUS_1331
168.82,124.64,0,2,0,143,0,1,0,UPI,EUR,0,TXN_100669,CUS_5293
66.61,58.2,0,2,0,322,0,0,0,CARD,INR,0,TXN_102294,CUS_7850
38.02,44.98,1,5,0,40,0,1,0,CARD,INR,0,TXN_106796,CUS_3898
83.2,68.39,1,3,0,126,0,0,0,CARD,INR,0,TXN_104113,CUS_7577
103.53,139.16,0,2,0,685,0,1,0,CARD,USD,0,TXN_102106,CUS_2822
119.75,87.88,0,3,0,161,0,0,0,CARD,INR,0,TXN_105978,CUS_1693
71.71,70.94,0,3,0,138,0,0,0,CARD,EUR,0,TXN_103952,CUS_7037
210.16,197.79,0,1,0,33,0,0,0,UPI,USD,0,TXN_101436,CUS_1464
108.78,116.31,1,2,0,54,0,0,0,CARD,USD,0,TXN_114538,CUS_1709
404.45,56.53,6,14,4,12,1,1,0,CARD,USD,1,TXN_107048,CUS_8671
28.5,28.03,0,3,0,355,0,0,0,UPI,INR,0,TXN_112894,CUS_4833
163.37,209.69,0,0,0,499,0,0,0,CARD,INR,0,TXN_107709,CUS_3529
2920.68,229.47,3,13,1,27,0,0,1,CARD,INR,1,TXN_101999,CUS_8529
117.07,83.85,1,1,0,186,0,0,0,UPI,INR,0,TXN_114790,CUS_8115
93.94,83.42,0,3,0,137,0,0,0,UPI,INR,0,TXN_103177,CUS_2198
152.06,131.77,0,0,1,66,0,1,0,NET_BANKING,INR,0,TXN_114524,CUS_9805
71.45,106.34,1,5,0,466,0,0,0,CARD,EUR,0,TXN_114423,CUS_8497
92.47,73.31,0,4,0,286,0,0,0,CARD,USD,0,TXN_110807,CUS_3867
1032.62,125.32,5,8,2,21,1,1,1,CARD,USD,1,TXN_102639,CUS_7332
146.81,124.36,2,5,0,149,0,0,0,UPI,USD,0,TXN_102698,CUS_2950
88.54,60.77,1,2,0,239,0,0,0,UPI,INR,0,TXN_112570,CUS_3962
116.08,97.39,1,2,0,92,0,1,0,UPI,USD,0,TXN_108645,CUS_8919
40.05,55.0,0,0,0,195,0,0,0,CARD,USD,0,TXN_107140,CUS_9898
187.19,149.83,0,1,0,366,0,0,0,CARD,INR,0,TXN_101316,CUS_8590
102.67,118.61,1,2,0,102,0,0,0,UPI,INR,0,TXN_103439,CUS_1853
70.26,81.78,1,5,0,199,0,0,0,UPI,USD,0,TXN_107912,CUS_3595
43.9,34.75,1,3,0,172,1,0,0,CARD,USD,0,TXN_109679,CUS_9395
138.26,120.95,0,4,0,90,0,0,0,CARD,INR,0,TXN_109109,CUS_5191
175.11,186.16,1,3,0,178,0,0,0,CARD,INR,0,TXN_113268,CUS_5512
208.08,185.2,0,3,0,35,0,0,0,CARD,INR,0,TXN_103514,CUS_2263
59.45,56.41,0,3,0,54,0,0,0,CARD,INR,0,TXN_106413,CUS_2897
30.7,41.01,0,2,1,169,1,0,0,CARD,INR,0,TXN_107697,CUS_1734
141.56,179.75,0,1,0,44,0,0,0,CARD,EUR,0,TXN_102412,CUS_1062
195.44,143.14,0,4,0,96,0,0,0,UPI,USD,0,TXN_107484,CUS_7673
69.83,72.89,0,3,0,89,0,0,0,UPI,USD,0,TXN_102917,CUS_3668
248.54,235.9,0,2,0,281,0,0,0,CARD,INR,0,TXN_106899,CUS_4757
157.31,122.48,1,3,0,295,0,0,0,CARD,EUR,0,TXN_109814,CUS_1665
137.8,186.57,1,4,0,593,0,0,0,UPI,INR,0,TXN_112283,CUS_2584
35.46,52.59,0,3,0,430,0,0,0,CARD,USD,0,TXN_100612,CUS_1014
43.8,25.59,2,2,0,1243,0,1,0,UPI,USD,0,TXN_111699,CUS_9348
89.8,97.02,2,5,0,86,0,0,0,UPI,USD,0,TXN_106257,CUS_7957
82.66,82.69,1,5,0,62,0,0,0,CARD,EUR,0,TXN_112050,CUS_1461
146.52,174.46,1,4,0,155,0,0,0,CARD,INR,0,TXN_114918,CUS_9073
92.04,97.4,0,1,0,330,0,0,0,UPI,INR,0,TXN_106029,CUS_7291
352.15,269.31,0,1,0,878,0,0,0,NET_BANKING,USD,0,TXN_110562,CUS_4847
50.63,65.27,1,3,0,51,0,0,0,UPI,USD,0,TXN_106920,CUS_7972
131.35,189.89,0,1,0,354,0,0,0,UPI,USD,0,TXN_109128,CUS_3338
232.66,193.01,0,4,0,212,0,1,0,CARD,INR,0,TXN_114532,CUS_5889
55.76,83.7,0,3,0,36,0,0,0,WALLET,INR,0,TXN_105423,CUS_3849
156.71,150.73,0,0,0,359,0,1,0,UPI,USD,0,TXN_111266,CUS_2856
79.58,89.01,0,2,1,737,0,0,0,UPI,INR,0,TXN_104884,CUS_7366
73.09,92.2,0,0,0,47,0,0,0,UPI,USD,0,TXN_109864,CUS_1786
210.41,182.69,1,3,0,106,0,0,0,CARD,EUR,0,TXN_100427,CUS_7910
56.16,70.66,1,3,0,945,0,1,0,CARD,INR,0,TXN_107550,CUS_7537
5.34,43.29,1,6,1,49,0,0,0,CARD,USD,0,TXN_102141,CUS_6055
111.39,68.11,0,3,0,967,0,0,0,CARD,USD,0,TXN_105456,CUS_4569
68.8,73.82,0,4,0,154,0,0,0,UPI,INR,0,TXN_105818,CUS_6653
167.0,101.8,0,3,0,315,0,0,0,NET_BANKING,INR,0,TXN_110216,CUS_7518
217.15,174.23,0,0,0,369,0,0,0,NET_BANKING,EUR,0,TXN_105458,CUS_1381
53.05,49.61,1,2,0,72,0,0,0,UPI,INR,0,TXN_105947,CUS_5190
137.25,133.79,0,0,0,216,0,0,0,UPI,INR,0,TXN_101927,CUS_1998
134.34,193.91,0,3,0,107,0,0,0,CARD,USD,0,TXN_111140,CUS_1828
120.23,86.53,0,1,0,88,0,0,0,UPI,INR,0,TXN_110420,CUS_2048
205.97,216.0,1,2,0,295,0,0,0,CARD,USD,0,TXN_105631,CUS_1150
204.49,192.15,0,1,0,108,0,0,0,UPI,INR,0,TXN_101621,CUS_4796
21.66,19.02,0,1,0,72,0,0,0,UPI,INR,0,TXN_108909,CUS_2694
45.47,126.37,0,2,1,67,0,0,0,CARD,USD,0,TXN_100317,CUS_4322
98.26,79.33,0,2,0,272,0,0,0,NET_BANKING,INR,0,TXN_111773,CUS_4826
49.09,87.03,0,1,0,309,0,0,0,CARD,INR,0,TXN_107326,CUS_3110
34.89,38.91,0,4,0,99,0,0,0,UPI,INR,0,TXN_114572,CUS_9309
85.76,100.31,1,1,0,423,0,1,0,CARD,USD,0,TXN_105176,CUS_3454
67.18,95.0,0,1,0,57,0,0,0,CARD,USD,0,TXN_104318,CUS_6198
58.71,65.18,0,1,0,117,0,0,0,CARD,INR,0,TXN_112244,CUS_2397
5.0,72.06,0,2,0,1023,0,1,0,CARD,USD,0,TXN_114248,CUS_3421
8.21,113.16,6,6,4,102,1,1,1,CARD,USD,1,TXN_106087,CUS_4301
82.25,68.18,0,1,1,424,0,0,0,CARD,INR,0,TXN_111376,CUS_4864
78.86,111.38,0,1,0,1289,0,0,0,CARD,INR,0,TXN_109977,CUS_6012
90.06,85.9,1,2,0,560,0,0,0,CARD,INR,0,TXN_100190,CUS_5587
513.15,481.52,1,6,0,36,0,0,0,UPI,USD,0,TXN_103441,CUS_5771
39.81,49.39,0,3,1,498,0,0,0,CARD,INR,0,TXN_113418,CUS_6786
195.07,256.44,3,7,0,146,0,0,0,CARD,INR,0,TXN_108583,CUS_3620
116.23,82.97,0,2,0,308,0,0,0,WALLET,INR,0,TXN_105355,CUS_6186
55.52,64.66,0,1,0,420,0,0,0,CARD,INR,0,TXN_108816,CUS_3696
133.31,98.63,1,1,0,275,0,1,0,WALLET,INR,0,TXN_103251,CUS_7816
265.15,237.74,0,2,0,693,0,0,0,UPI,INR,0,TXN_105897,CUS_1164
61.11,76.53,1,3,0,356,0,0,0,CARD,USD,0,TXN_103580,CUS_3126
32.98,36.32,0,2,0,546,0,0,0,NET_BANKING,INR,0,TXN_101843,CUS_3029
101.23,86.15,1,2,0,257,0,0,0,UPI,INR,0,TXN_105782,CUS_1835
159.06,107.54,0,4,0,425,0,0,0,UPI,INR,0,TXN_104754,CUS_3539
126.34,86.7,0,2,0,854,0,0,0,CARD,USD,0,TXN_106426,CUS_6506
101.36,95.28,1,4,0,219,0,0,0,WALLET,INR,0,TXN_110332,CUS_6026
581.58,766.77,0,2,0,169,0,1,0,CARD,USD,0,TXN_112409,CUS_1532
58.49,56.84,0,1,1,131,0,0,0,CARD,INR,0,TXN_108176,CUS_4287
118.28,106.32,1,1,0,380,0,0,0,UPI,INR,0,TXN_106362,CUS_3326
27.06,52.78,0,2,0,392,1,0,0,CARD,INR,0,TXN_110541,CUS_4623
32.66,68.64,0,1,0,189,0,0,0,CARD,INR,0,TXN_104084,CUS_7357
35.57,64.15,0,0,0,245,0,0,0,CARD,USD,0,TXN_105251,CUS_4627
367.44,283.22,0,4,0,113,0,0,0,UPI,INR,0,TXN_100586,CUS_9622
172.83,135.3,0,1,0,131,0,0,0,UPI,INR,0,TXN_105993,CUS_8571
180.04,136.22,1,2,0,326,0,0,0,CARD,INR,0,TXN_100602,CUS_8362
136.84,95.88,0,2,0,201,0,0,0,CARD,INR,0,TXN_108390,CUS_2902
85.43,71.12,1,5,0,306,0,0,0,CARD,USD,0,TXN_114647,CUS_3253
86.05,106.9,0,1,0,151,0,0,0,UPI,USD,0,TXN_102602,CUS_7457
143.58,118.43,1,2,0,136,0,0,0,CARD,USD,0,TXN_114729,CUS_7390
22.52,46.46,1,1,0,569,0,1,0,CARD,USD,0,TXN_107237,CUS_1222
21.08,40.54,0,2,0,189,0,0,0,CARD,INR,0,TXN_104047,CUS_6327
31.28,43.68,0,2,1,47,1,0,0,CARD,INR,0,TXN_106971,CUS_9269
42.47,71.07,0,5,0,575,1,0,0,CARD,EUR,0,TXN_109573,CUS_1738
44.76,34.09,0,1,1,378,0,0,0,UPI,INR,0,TXN_106892,CUS_3430
101.06,118.38,1,2,0,178,0,0,0,UPI,USD,0,TXN_110009,CUS_8048
332.06,285.91,0,1,0,114,0,0,0,CARD,USD,0,TXN_105756,CUS_7156
100.92,77.49,1,2,0,77,0,0,0,CARD,INR,0,TXN_110625,CUS_9817
48.87,99.44,0,2,1,117,0,0,0,WALLET,INR,0,TXN_108001,CUS_5891
141.2,138.23,0,3,0,320,1,0,0,CARD,INR,0,TXN_108789,CUS_7843
256.71,311.2,2,4,0,85,0,0,0,WALLET,EUR,0,TXN_109865,CUS_4811
125.94,142.05,0,4,0,264,0,0,0,NET_BANKING,USD,0,TXN_102542,CUS_5017
100.07,94.22,0,4,0,542,0,0,0,UPI,USD,0,TXN_107251,CUS_5806
162.53,215.99,0,4,0,39,0,0,0,NET_BANKING,INR,0,TXN_103236,CUS_7209
241.68,273.48,2,4,0,191,0,0,0,CARD,INR,0,TXN_113647,CUS_8032
79.24,59.91,0,2,0,815,0,0,0,WALLET,EUR,0,TXN_108845,CUS_5859
27.93,80.85,0,1,0,362,0,0,0,UPI,USD,0,TXN_111457,CUS_4895
102.52,70.26,0,4,1,364,0,0,0,CARD,USD,0,TXN_104487,CUS_2104
195.35,224.08,1,3,0,776,0,0,0,UPI,INR,0,TXN_113795,CUS_2315
189.26,194.6,0,0,0,227,0,0,0,NET_BANKING,USD,0,TXN_113662,CUS_7865
52.23,42.14,0,3,0,112,0,0,0,WALLET,INR,0,TXN_113113,CUS_2486
300.28,180.07,0,2,0,107,0,0,0,CARD,USD,0,TXN_100134,CUS_6038
276.84,202.69,0,1,0,105,0,0,0,CARD,USD,0,TXN_100124,CUS_9041
289.26,379.61,0,1,0,247,0,0,0,CARD,INR,0,TXN_107592,CUS_1298
240.5,33.13,4,7,3,45,1,1,2,CARD,USD,1,TXN_108433,CUS_4657
184.11,47.12,3,10,5,6,1,1,0,CARD,INR,1,TXN_114137,CUS_2440
158.71,193.97,1,1,2,436,0,0,0,UPI,EUR,0,TXN_108173,CUS_4757
104.14,160.29,0,2,0,565,0,1,0,UPI,USD,0,TXN_109667,CUS_4034
134.18,167.67,0,0,0,95,0,0,0,CARD,INR,0,TXN_109163,CUS_7013
105.51,227.56,1,5,0,533,1,0,0,CARD,INR,0,TXN_100782,CUS_2218
48.86,44.08,0,3,0,112,0,1,0,CARD,INR,0,TXN_114332,CUS_5553
46.38,37.89,0,2,0,438,0,0,0,CARD,USD,0,TXN_114585,CUS_1512
151.94,183.87,1,3,0,320,0,0,0,CARD,USD,0,TXN_105228,CUS_8147
60.38,92.41,0,4,0,204,0,1,0,UPI,INR,0,TXN_105122,CUS_4142
39.47,57.05,0,1,0,462,0,0,0,NET_BANKING,INR,0,TXN_109448,CUS_3786
106.5,79.73,0,2,1,221,0,0,0,UPI,EUR,0,TXN_102490,CUS_3664
52.76,35.74,0,4,0,145,0,0,0,CARD,USD,0,TXN_108651,CUS_2341
34.94,65.92,0,2,0,65,0,0,0,CARD,INR,0,TXN_113550,CUS_6685
139.63,162.69,2,5,0,32,0,0,0,WALLET,USD,0,TXN_112134,CUS_2368
80.73,70.18,0,4,0,363,0,1,0,CARD,INR,0,TXN_112099,CUS_2937
126.57,112.55,1,3,0,255,0,0,0,NET_BANKING,INR,0,TXN_101317,CUS_5678
94.35,96.38,1,6,0,419,0,0,0,UPI,INR,0,TXN_101337,CUS_6203
117.07,140.13,1,3,0,521,0,0,0,WALLET,INR,0,TXN_111501,CUS_4258
37.57,28.95,0,5,0,315,1,0,0,CARD,INR,0,TXN_104604,CUS_4522
63.98,68.85,1,5,0,86,0,0,0,CARD,USD,0,TXN_108949,CUS_8997
31.05,71.39,0,3,0,110,1,0,0,CARD,USD,0,TXN_101841,CUS_8443
182.3,228.38,0,1,0,1562,0,0,0,CARD,USD,0,TXN_112149,CUS_5326
132.81,115.05,0,2,0,153,0,0,0,CARD,USD,0,TXN_110179,CUS_8249
334.96,233.85,0,5,1,84,0,0,0,CARD,INR,0,TXN_105751,CUS_8447
134.95,126.84,1,2,0,83,0,0,0,WALLET,USD,0,TXN_106097,CUS_9011
188.36,135.95,1,3,0,763,0,0,0,CARD,USD,0,TXN_101762,CUS_4481
29.99,41.03,0,1,0,327,1,0,0,UPI,INR,0,TXN_108264,CUS_5952
115.11,159.6,0,4,0,173,0,0,0,UPI,INR,0,TXN_113407,CUS_8146
87.82,95.31,0,7,0,108,0,0,0,UPI,USD,0,TXN_114569,CUS_7453
46.94,42.86,0,1,0,195,0,0,0,CARD,INR,0,TXN_100027,CUS_9045
133.46,351.23,0,2,0,230,0,0,0,CARD,INR,0,TXN_109903,CUS_8439
80.03,53.52,0,2,0,301,0,1,0,NET_BANKING,USD,0,TXN_113953,CUS_2593
32.77,71.94,0,2,0,238,0,0,0,UPI,INR,0,TXN_105842,CUS_7156
86.55,210.75,0,1,0,98,0,0,0,WALLET,INR,0,TXN_106779,CUS_9460
169.26,446.59,1,5,0,321,0,0,0,CARD,USD,0,TXN_113222,CUS_8140
92.51,79.2,0,2,0,281,0,0,0,CARD,USD,0,TXN_114142,CUS_1534
375.5,491.88,0,1,0,76,0,0,0,UPI,USD,0,TXN_109904,CUS_4422
113.06,90.7,0,1,0,146,0,0,0,CARD,EUR,0,TXN_102800,CUS_5321
92.88,109.87,0,1,0,31,0,0,0,UPI,INR,0,TXN_113720,CUS_6252
323.8,233.88,0,0,1,89,0,0,0,CARD,INR,0,TXN_105692,CUS_9300
75.32,121.89,1,2,0,197,0,1,0,UPI,INR,0,TXN_106863,CUS_6558
133.55,79.88,0,3,0,530,0,0,0,WALLET,INR,0,TXN_109281,CUS_1632
261.38,289.63,0,2,0,137,1,0,0,CARD,INR,0,TXN_100894,CUS_2199
48.68,84.21,1,4,0,695,1,0,0,CARD,EUR,0,TXN_114805,CUS_3338
156.11,108.48,3,5,0,200,0,0,0,UPI,INR,0,TXN_106115,CUS_2295
58.11,91.49,0,3,0,319,0,0,0,CARD,INR,0,TXN_100382,CUS_3471
234.44,141.93,0,3,0,276,0,0,0,CARD,EUR,0,TXN_101941,CUS_7759
67.83,45.43,0,0,0,488,0,0,0,WALLET,INR,0,TXN_110211,CUS_5980
195.93,173.28,0,0,0,59,1,0,0,CARD,INR,0,TXN_103820,CUS_8053
288.35,187.27,2,6,0,98,0,0,0,CARD,USD,0,TXN_113801,CUS_9382
38.87,74.93,0,0,0,95,0,0,0,WALLET,INR,0,TXN_104761,CUS_7532
47.23,41.48,1,5,0,202,0,0,0,UPI,INR,0,TXN_107328,CUS_9831
54.81,50.03,0,2,0,215,0,0,0,CARD,INR,0,TXN_110322,CUS_9167
60.27,42.98,0,0,0,39,0,0,0,UPI,USD,0,TXN_106922,CUS_1570
90.54,178.5,0,0,0,432,0,1,0,UPI,USD,0,TXN_105688,CUS_1746
108.11,84.05,0,3,0,547,0,0,0,UPI,INR,0,TXN_106636,CUS_4342
63.82,57.1,0,0,0,137,0,0,0,UPI,INR,0,TXN_108418,CUS_5296
191.99,164.28,0,4,0,70,0,0,0,CARD,EUR,0,TXN_102604,CUS_3898
73.12,56.29,0,1,0,249,0,0,0,WALLET,INR,0,TXN_104807,CUS_4420
105.93,54.04,0,2,1,148,0,1,0,WALLET,INR,0,TXN_112547,CUS_1477
251.54,235.48,0,2,0,184,0,0,0,NET_BANKING,INR,0,TXN_100114,CUS_7980
173.24,187.97,0,2,0,619,0,0,0,UPI,INR,0,TXN_103662,CUS_4911
359.19,729.06,2,5,0,249,1,0,0,CARD,USD,0,TXN_104260,CUS_6132
68.33,78.32,2,3,0,332,0,1,0,CARD,INR,0,TXN_109182,CUS_4743
324.56,220.62,0,4,0,374,0,0,0,NET_BANKING,INR,0,TXN_113185,CUS_9221
59.54,49.72,2,4,0,135,0,0,0,CARD,EUR,0,TXN_111151,CUS_6379
92.74,80.59,0,2,0,104,0,0,0,UPI,INR,0,TXN_111013,CUS_3965
190.67,161.0,0,0,0,201,0,0,0,WALLET,INR,0,TXN_112184,CUS_5730
417.77,330.07,1,2,1,283,0,0,0,NET_BANKING,INR,0,TXN_109088,CUS_3339
129.31,102.5,0,1,0,338,0,0,0,CARD,EUR,0,TXN_107086,CUS_4902
320.68,302.79,0,0,0,968,1,0,0,CARD,INR,0,TXN_110890,CUS_4834
85.46,79.77,1,4,0,124,0,0,0,CARD,EUR,0,TXN_114152,CUS_8761
84.36,78.78,0,5,0,225,0,0,0,CARD,USD,0,TXN_104170,CUS_6379
164.08,111.37,0,2,0,659,0,0,0,CARD,INR,0,TXN_106358,CUS_5679
39.27,52.27,0,1,0,439,0,0,0,UPI,USD,0,TXN_104241,CUS_8437
128.2,109.53,1,2,0,626,0,0,0,NET_BANKING,USD,0,TXN_104736,CUS_9197
33.52,29.53,1,4,0,51,0,1,0,UPI,INR,0,TXN_108435,CUS_8420
73.33,128.74,0,0,0,128,0,0,0,CARD,INR,0,TXN_114185,CUS_4226
48.49,35.26,1,4,0,509,0,1,0,NET_BANKING,INR,0,TXN_110623,CUS_9257
162.49,130.08,0,1,0,316,0,0,0,UPI,EUR,0,TXN_105362,CUS_4424
15.92,28.94,0,3,0,459,0,0,0,CARD,INR,0,TXN_100546,CUS_6866
157.04,119.66,0,0,0,76,0,0,0,CARD,EUR,0,TXN_113082,CUS_8446
1272.41,90.84,4,6,3,5,1,1,1,CARD,INR,1,TXN_103210,CUS_3524
124.07,149.95,0,1,0,56,0,0,0,WALLET,INR,0,TXN_100611,CUS_3051
149.2,252.93,0,2,0,169,0,0,0,CARD,INR,0,TXN_114081,CUS_7478
346.78,396.82,0,2,1,621,0,0,0,UPI,INR,0,TXN_104615,CUS_5432
44.45,42.29,0,2,0,627,0,0,0,UPI,INR,0,TXN_100862,CUS_3895
41.66,34.92,1,3,0,767,0,0,0,CARD,EUR,0,TXN_108068,CUS_4006
1787.57,416.81,3,14,2,37,1,1,1,CARD,INR,1,TXN_112210,CUS_6450
96.49,119.79,0,2,0,188,0,0,0,UPI,USD,0,TXN_104225,CUS_7641
213.25,221.66,0,3,0,241,1,0,0,WALLET,EUR,0,TXN_106078,CUS_9922
151.12,196.19,0,0,0,91,0,0,0,CARD,USD,0,TXN_101877,CUS_8217
142.75,130.75,1,2,1,677,0,0,0,WALLET,USD,0,TXN_111270,CUS_1811
126.79,135.94,0,1,0,520,0,0,0,UPI,INR,0,TXN_101615,CUS_1937
21.4,30.46,0,1,0,70,0,0,0,CARD,USD,0,TXN_100484,CUS_1379
230.53,172.33,0,5,0,282,0,0,0,CARD,INR,0,TXN_102735,CUS_9463
38.17,42.97,0,1,0,334,0,0,0,UPI,USD,0,TXN_101202,CUS_7303
267.9,221.69,0,1,0,234,0,1,0,WALLET,INR,0,TXN_100085,CUS_3620
34.09,59.74,0,2,0,58,0,0,0,NET_BANKING,EUR,0,TXN_114733,CUS_4647
796.08,102.11,4,13,0,151,1,0,0,CARD,INR,1,TXN_105532,CUS_3574
353.67,260.94,0,3,0,461,0,0,0,UPI,INR,0,TXN_102242,CUS_3411
369.84,274.37,0,2,0,542,0,0,0,CARD,INR,0,TXN_106574,CUS_3472
190.31,232.11,0,3,0,327,0,1,0,UPI,INR,0,TXN_109571,CUS_6518
188.5,257.18,0,1,0,186,0,1,0,UPI,USD,0,TXN_105120,CUS_1938
259.4,176.28,0,4,0,522,0,0,0,CARD,INR,0,TXN_112087,CUS_4584
456.03,302.69,1,1,0,480,0,0,0,CARD,INR,0,TXN_107751,CUS_2779
18.8,33.13,0,2,0,609,0,0,0,NET_BANKING,INR,0,TXN_111698,CUS_3935
208.24,165.12,0,1,0,109,0,1,0,UPI,INR,0,TXN_100767,CUS_5746
129.21,170.7,0,4,0,86,0,0,0,CARD,USD,0,TXN_103806,CUS_3426
5.0,23.28,1,2,0,108,0,0,0,CARD,USD,0,TXN_100874,CUS_1427
94.13,67.59,0,0,0,375,0,0,0,UPI,INR,0,TXN_105293,CUS_8094
232.65,204.29,0,0,0,1038,1,0,0,CARD,INR,0,TXN_105686,CUS_8582
79.86,66.79,1,4,0,144,0,0,0,CARD,INR,0,TXN_100153,CUS_8680
164.0,172.4,1,4,1,49,0,0,0,CARD,INR,0,TXN_102763,CUS_9108
71.68,72.16,0,1,0,286,0,0,0,UPI,INR,0,TXN_104016,CUS_1226
150.96,191.89,1,4,1,641,0,0,0,CARD,INR,0,TXN_105095,CUS_7466
41.79,45.99,1,3,0,34,0,0,0,UPI,EUR,0,TXN_112047,CUS_8934
68.23,79.01,1,1,1,708,0,0,0,CARD,INR,0,TXN_102985,CUS_2748
62.82,67.21,0,3,0,45,0,1,0,NET_BANKING,INR,0,TXN_109767,CUS_6295
31.6,47.61,0,1,0,96,0,0,0,WALLET,INR,0,TXN_113782,CUS_2853
114.02,118.95,0,3,0,162,0,0,0,CARD,USD,0,TXN_113000,CUS_4899
98.9,89.31,1,4,0,99,0,0,0,CARD,INR,0,TXN_110542,CUS_3158
76.71,77.83,0,1,1,109,0,1,0,CARD,INR,0,TXN_106709,CUS_3540
51.06,40.46,0,2,0,599,0,0,0,CARD,INR,0,TXN_111769,CUS_7834
108.9,93.39,0,1,0,316,0,0,0,CARD,USD,0,TXN_113403,CUS_9069
105.89,140.3,0,1,0,58,0,0,0,UPI,INR,0,TXN_112704,CUS_7874
38.74,123.69,3,4,0,574,0,0,0,CARD,USD,0,TXN_108314,CUS_3501
168.54,195.86,1,4,0,389,0,0,0,WALLET,INR,0,TXN_103674,CUS_3023
92.47,133.38,1,3,0,78,0,0,0,CARD,INR,0,TXN_112649,CUS_6081
78.22,63.61,1,3,0,730,0,0,0,CARD,USD,0,TXN_110884,CUS_8690
116.16,112.69,0,0,0,514,0,0,0,CARD,INR,0,TXN_106384,CUS_1851
53.23,63.36,0,2,0,345,0,1,0,CARD,USD,0,TXN_110023,CUS_4909
36.33,24.37,0,1,0,490,0,0,0,UPI,INR,0,TXN_104196,CUS_1850
46.96,47.06,0,4,0,301,1,0,0,CARD,INR,0,TXN_110516,CUS_5127
76.97,49.49,0,2,0,43,0,1,0,CARD,USD,0,TXN_108446,CUS_8494
57.76,101.99,0,1,0,440,0,0,0,CARD,INR,0,TXN_108753,CUS_9639
153.82,111.78,0,3,0,427,0,0,0,WALLET,INR,0,TXN_114036,CUS_4002
25.64,42.88,0,3,0,127,0,0,0,CARD,INR,0,TXN_111304,CUS_6357
154.96,164.65,0,0,0,197,0,0,0,WALLET,INR,0,TXN_107802,CUS_3378
149.09,161.93,0,1,0,153,0,0,0,CARD,USD,0,TXN_102186,CUS_9035
101.6,95.47,0,2,0,33,0,0,0,UPI,INR,0,TXN_107188,CUS_4152
43.53,30.87,0,3,0,379,0,0,0,WALLET,INR,0,TXN_100300,CUS_6545
36.54,53.0,0,0,0,421,0,0,0,WALLET,INR,0,TXN_110649,CUS_1779
79.03,119.63,0,0,0,334,0,0,0,UPI,INR,0,TXN_112168,CUS_6965
133.15,126.26,0,0,0,74,0,0,0,WALLET,INR,0,TXN_110344,CUS_3250
71.52,61.16,0,4,0,273,0,0,0,UPI,INR,0,TXN_111412,CUS_4063
207.58,139.3,1,3,1,232,0,0,0,WALLET,INR,0,TXN_111550,CUS_1483
55.69,43.02,2,5,0,651,0,0,0,CARD,INR,0,TXN_104437,CUS_7055
91.76,127.8,0,2,0,435,0,0,0,CARD,EUR,0,TXN_109860,CUS_8040
102.87,107.91,0,1,1,70,1,0,0,CARD,EUR,0,TXN_107330,CUS_1872
58.57,45.39,0,1,0,309,0,0,0,CARD,INR,0,TXN_107901,CUS_6647
65.65,85.23,0,1,0,92,0,0,0,WALLET,INR,0,TXN_108862,CUS_3145
55.94,58.91,0,1,0,361,0,0,0,CARD,INR,0,TXN_103584,CUS_9902
483.08,363.73,2,3,0,234,0,0,0,CARD,INR,0,TXN_100123,CUS_8315
55.28,59.81,0,4,0,382,0,0,0,CARD,USD,0,TXN_102001,CUS_8789
115.44,125.92,1,6,0,56,0,1,0,CARD,INR,0,TXN_100876,CUS_8253
73.42,55.74,0,2,0,269,0,0,0,UPI,INR,0,TXN_113722,CUS_8818
267.27,172.06,0,2,0,241,0,0,0,CARD,INR,0,TXN_103224,CUS_3238
147.29,138.61,0,5,1,241,0,0,0,UPI,INR,0,TXN_104458,CUS_2835
143.75,121.46,1,3,0,222,0,1,0,CARD,INR,0,TXN_104433,CUS_5355
43.74,38.38,0,0,0,143,0,0,0,UPI,INR,0,TXN_112465,CUS_6792
76.49,109.17,2,4,0,33,0,0,0,CARD,INR,0,TXN_100426,CUS_1780
295.76,278.28,0,2,0,237,0,0,0,WALLET,USD,0,TXN_112480,CUS_4955
46.01,92.52,1,1,0,69,0,0,0,CARD,USD,0,TXN_113655,CUS_1848
84.57,87.46,0,3,0,187,0,0,0,UPI,USD,0,TXN_104956,CUS_2902
56.27,105.99,1,3,0,256,0,0,0,CARD,INR,0,TXN_105862,CUS_9306
162.86,183.13,1,4,0,709,0,0,0,UPI,INR,0,TXN_105514,CUS_6772
114.09,86.28,0,2,0,182,0,0,0,CARD,INR,0,TXN_111509,CUS_3471
50.8,54.14,2,4,0,284,0,0,0,WALLET,INR,0,TXN_110738,CUS_7350
71.38,112.32,1,4,0,78,0,0,0,UPI,INR,0,TXN_105746,CUS_3730
163.88,191.14,1,2,0,306,0,0,0,CARD,INR,0,TXN_111897,CUS_6703
66.15,264.9,0,4,0,169,0,0,0,CARD,INR,0,TXN_102383,CUS_3942
98.75,102.12,0,3,0,696,0,0,0,UPI,USD,0,TXN_114462,CUS_9678
87.59,101.33,0,2,0,1284,0,1,0,CARD,USD,0,TXN_107919,CUS_9775
391.69,322.86,0,2,0,379,0,0,0,UPI,EUR,0,TXN_105034,CUS_1340
83.22,85.52,2,3,0,465,0,0,0,CARD,INR,0,TXN_106560,CUS_5593
63.76,46.91,0,0,0,214,0,0,0,NET_BANKING,INR,0,TXN_104968,CUS_5448
202.2,124.36,0,4,0,353,0,1,0,CARD,INR,0,TXN_113632,CUS_3869
50.07,43.04,1,6,0,512,0,0,0,CARD,INR,0,TXN_102229,CUS_8495
60.33,49.19,1,2,0,243,0,0,0,UPI,INR,0,TXN_103575,CUS_2114
95.15,77.24,0,1,0,299,0,0,0,WALLET,INR,0,TXN_112780,CUS_8509
71.39,121.58,0,2,0,428,0,0,0,CARD,INR,0,TXN_106959,CUS_5503
55.16,52.74,0,3,0,393,0,0,0,NET_BANKING,EUR,0,TXN_104268,CUS_9978
229.34,202.64,0,2,0,148,1,0,0,WALLET,USD,0,TXN_102305,CUS_2577
424.4,347.95,0,2,0,388,0,0,0,CARD,INR,0,TXN_102871,CUS_1043
28.8,21.93,0,4,0,713,0,0,0,CARD,INR,0,TXN_109819,CUS_1248
60.59,88.97,1,3,0,128,0,0,0,CARD,USD,0,TXN_105932,CUS_2653
69.67,47.33,0,2,0,96,0,1,0,WALLET,USD,0,TXN_109727,CUS_7177
164.14,126.06,1,1,0,134,1,0,0,CARD,INR,0,TXN_106304,CUS_4153
261.1,247.46,2,4,0,298,0,0,0,CARD,INR,0,TXN_107929,CUS_7245
116.69,89.94,0,1,0,40,0,1,0,CARD,INR,0,TXN_108160,CUS_1491
50.86,61.29,0,2,0,151,0,0,0,CARD,INR,0,TXN_104999,CUS_2672
230.41,313.89,1,3,0,651,0,1,0,CARD,INR,0,TXN_112932,CUS_7276
21.52,37.65,0,2,0,54,0,0,0,NET_BANKING,INR,0,TXN_113424,CUS_1986
56.24,375.45,0,3,0,100,0,0,0,CARD,INR,0,TXN_104970,CUS_5517
80.69,57.36,0,1,0,383,0,0,0,UPI,INR,0,TXN_109654,CUS_5388
21.94,68.23,1,3,0,412,0,0,0,CARD,USD,0,TXN_102329,CUS_3001
30.41,63.3,0,2,0,77,0,0,0,CARD,INR,0,TXN_105169,CUS_2540
57.66,131.84,1,2,0,556,0,0,0,CARD,INR,0,TXN_107142,CUS_8017
110.37,141.99,0,1,0,203,0,0,0,UPI,INR,0,TXN_112212,CUS_5690
200.3,134.75,1,5,0,522,0,0,0,NET_BANKING,INR,0,TXN_110270,CUS_1121
108.08,85.69,1,3,0,101,0,0,0,CARD,INR,0,TXN_114576,CUS_3591
58.92,59.57,0,0,0,57,0,1,0,CARD,INR,0,TXN_112865,CUS_4546
1177.24,252.29,2,17,2,19,0,1,1,CARD,USD,1,TXN_110593,CUS_1990
54.72,58.61,1,4,0,127,0,0,0,CARD,INR,0,TXN_106670,CUS_9653
272.97,210.17,1,2,0,834,0,1,0,WALLET,INR,0,TXN_108529,CUS_5884
106.65,130.64,1,2,0,319,0,0,0,CARD,USD,0,TXN_103393,CUS_3855
25.11,40.18,1,5,0,272,0,0,0,CARD,INR,0,TXN_104545,CUS_9044
81.24,71.35,2,6,0,64,0,0,0,CARD,USD,0,TXN_113093,CUS_3679
67.41,114.41,0,3,0,175,0,0,0,CARD,INR,0,TXN_112981,CUS_5958
70.06,70.9,0,2,0,456,0,0,0,CARD,USD,0,TXN_110964,CUS_9845
51.58,46.27,0,4,0,232,1,0,0,CARD,USD,0,TXN_101141,CUS_9754
221.52,187.08,0,2,0,449,0,1,0,NET_BANKING,INR,0,TXN_109170,CUS_7769
175.03,165.94,1,2,0,1236,0,1,0,CARD,INR,0,TXN_109451,CUS_9555
230.1,147.02,0,5,0,541,0,0,0,WALLET,INR,0,TXN_101577,CUS_3012
61.76,47.75,0,1,0,270,0,0,0,WALLET,INR,0,TXN_103377,CUS_6673
130.31,117.03,0,1,0,464,0,1,0,CARD,INR,0,TXN_101412,CUS_7311
40.53,28.64,0,4,0,131,0,0,0,UPI,INR,0,TXN_108704,CUS_9526
127.76,110.08,1,3,0,196,0,0,0,WALLET,INR,0,TXN_109576,CUS_6437
26.76,47.08,2,3,0,306,0,0,0,CARD,INR,0,TXN_101310,CUS_2894
74.51,87.76,0,0,0,727,0,0,0,UPI,INR,0,TXN_103747,CUS_2577
191.17,179.82,0,0,0,115,0,0,0,CARD,INR,0,TXN_105896,CUS_9693
293.94,215.37,0,1,0,104,1,0,0,CARD,INR,0,TXN_112150,CUS_7248
64.84,53.63,2,2,0,171,0,0,0,NET_BANKING,INR,0,TXN_104654,CUS_9069
156.1,88.72,0,0,0,281,0,0,0,CARD,INR,0,TXN_103176,CUS_1803
48.4,87.99,0,0,0,115,0,0,0,CARD,USD,0,TXN_101618,CUS_4040
87.08,77.41,1,2,0,46,0,0,0,CARD,EUR,0,TXN_105010,CUS_4963
138.59,280.22,2,4,0,82,0,0,0,WALLET,INR,0,TXN_112638,CUS_3891
48.76,59.22,0,2,0,89,0,0,0,CARD,INR,0,TXN_101415,CUS_4404
292.15,182.71,0,1,0,114,0,0,0,CARD,INR,0,TXN_110210,CUS_9569
132.6,154.18,0,0,0,361,0,0,0,UPI,USD,0,TXN_104933,CUS_7531
66.29,55.37,0,0,0,297,0,0,0,UPI,USD,0,TXN_108296,CUS_1615
240.15,231.93,1,3,0,241,0,0,0,CARD,INR,0,TXN_112914,CUS_6233
75.65,46.31,1,7,0,420,0,0,0,CARD,INR,0,TXN_111954,CUS_4691
89.14,77.87,0,2,0,64,0,0,0,NET_BANKING,USD,0,TXN_108259,CUS_5431
73.36,80.4,0,1,0,38,1,0,0,CARD,EUR,0,TXN_114905,CUS_1525
309.63,248.62,0,2,1,70,0,0,0,NET_BANKING,INR,0,TXN_113059,CUS_3733
383.96,443.2,0,1,1,1114,0,0,0,CARD,USD,0,TXN_111887,CUS_2547
190.17,145.14,0,2,0,123,0,0,0,CARD,INR,0,TXN_105504,CUS_4332
141.35,110.39,0,5,0,132,0,0,0,CARD,EUR,0,TXN_110237,CUS_5679
467.32,434.35,0,1,0,43,0,0,0,CARD,EUR,0,TXN_106408,CUS_8107
52.93,146.78,0,3,0,47,0,0,0,UPI,USD,0,TXN_111090,CUS_7620
43.73,77.95,1,2,0,660,0,0,0,CARD,USD,0,TXN_101152,CUS_6068
34.83,73.64,0,4,0,492,0,0,0,CARD,INR,0,TXN_109970,CUS_6792
292.26,46.01,2,9,4,57,1,1,1,CARD,USD,1,TXN_113125,CUS_3507
97.94,70.59,0,0,0,419,1,0,0,CARD,INR,0,TXN_100172,CUS_6509
179.96,209.0,0,4,1,88,0,1,0,WALLET,INR,0,TXN_104134,CUS_5239
237.37,153.12,1,4,1,269,0,0,0,CARD,USD,0,TXN_112980,CUS_9401
278.41,209.12,0,1,0,146,0,0,0,UPI,INR,0,TXN_112500,CUS_3136
292.48,202.64,0,2,0,106,0,0,0,NET_BANKING,USD,0,TXN_103342,CUS_7124
53.23,35.89,0,1,0,166,0,0,0,CARD,USD,0,TXN_107770,CUS_2605
69.72,69.32,0,1,0,37,0,1,0,NET_BANKING,INR,0,TXN_111032,CUS_6970
25.93,43.88,1,6,0,380,0,0,0,UPI,INR,0,TXN_110400,CUS_6227
165.7,159.39,0,3,0,107,0,0,0,CARD,INR,0,TXN_101833,CUS_1192
65.12,47.2,2,6,1,315,0,1,0,CARD,INR,0,TXN_100132,CUS_6808
21.69,26.89,0,0,0,339,0,0,0,NET_BANKING,INR,0,TXN_105791,CUS_3206
58.95,79.13,2,4,1,157,0,0,0,CARD,EUR,0,TXN_108540,CUS_8201
37.21,44.64,1,5,0,44,0,0,0,WALLET,USD,0,TXN_110958,CUS_9693
64.69,51.02,0,3,0,34,0,0,0,UPI,INR,0,TXN_111483,CUS_7190
60.52,120.45,0,1,0,77,0,1,0,UPI,INR,0,TXN_106621,CUS_3628
101.36,94.87,1,2,0,420,0,0,0,UPI,INR,0,TXN_112127,CUS_8365
276.9,217.68,0,3,0,134,0,0,0,CARD,INR,0,TXN_104173,CUS_3900
234.4,273.24,0,2,0,51,0,1,0,CARD,INR,0,TXN_109271,CUS_8939
363.49,219.03,0,3,0,61,0,0,0,UPI,INR,0,TXN_111989,CUS_3943
353.07,268.18,0,2,0,112,0,0,0,UPI,INR,0,TXN_103351,CUS_3115
92.03,91.99,0,2,0,42,0,0,0,UPI,USD,0,TXN_106995,CUS_2580
230.07,217.58,0,0,0,364,0,0,0,CARD,USD,0,TXN_101050,CUS_6651
66.02,62.95,0,3,0,148,0,0,0,NET_BANKING,INR,0,TXN_107112,CUS_8100
297.37,302.65,1,2,0,234,0,0,0,UPI,USD,0,TXN_109587,CUS_4179
161.69,163.64,0,0,0,517,0,0,0,CARD,USD,0,TXN_106692,CUS_6513
61.77,62.13,0,1,0,113,1,0,0,WALLET,USD,0,TXN_113041,CUS_3077
149.74,139.31,0,1,0,570,0,0,0,CARD,INR,0,TXN_106913,CUS_8029
33.18,135.28,1,4,0,77,0,0,0,WALLET,INR,0,TXN_114959,CUS_1461
284.11,275.28,0,3,0,338,0,0,0,UPI,INR,0,TXN_114961,CUS_1828
120.99,120.44,0,0,0,212,0,0,0,CARD,INR,0,TXN_100179,CUS_6486
595.18,76.48,3,11,4,12,1,1,0,CARD,USD,1,TXN_113331,CUS_3739
39.54,44.33,1,2,0,80,0,1,0,CARD,INR,0,TXN_103249,CUS_5298
527.14,311.59,2,5,0,711,0,0,0,CARD,INR,0,TXN_106840,CUS_2597
176.84,124.55,0,2,0,856,0,0,0,WALLET,EUR,0,TXN_104345,CUS_9816
52.59,116.35,0,1,0,82,1,0,0,CARD,USD,0,TXN_114352,CUS_7558
139.17,92.24,0,2,1,118,1,0,0,CARD,INR,0,TXN_102730,CUS_2929
142.01,112.2,0,3,0,127,0,0,0,UPI,USD,0,TXN_113709,CUS_7948
266.46,257.01,0,1,0,115,0,0,0,UPI,INR,0,TXN_110334,CUS_2302
139.43,149.02,1,4,0,148,0,0,0,CARD,INR,0,TXN_111857,CUS_2423
171.62,215.5,0,0,0,230,0,0,0,UPI,EUR,0,TXN_112966,CUS_6942
43.52,36.48,0,2,0,85,0,1,0,UPI,USD,0,TXN_110271,CUS_2345
47.57,33.82,1,3,0,147,0,1,0,CARD,INR,0,TXN_113326,CUS_8640
36.81,52.96,1,8,0,155,0,0,0,CARD,INR,0,TXN_109708,CUS_4342
83.09,76.7,0,3,0,280,0,1,0,CARD,INR,0,TXN_110690,CUS_3014
172.01,85.93,0,0,0,154,0,0,0,CARD,INR,0,TXN_110184,CUS_8007
191.81,343.69,0,3,0,138,0,0,0,CARD,INR,0,TXN_107325,CUS_5997
181.72,197.37,1,2,0,245,0,1,0,CARD,INR,0,TXN_107580,CUS_1538
59.65,44.31,0,0,0,112,0,0,0,WALLET,INR,0,TXN_114218,CUS_6014
167.52,127.47,1,3,1,58,0,0,0,CARD,INR,0,TXN_114715,CUS_3783
121.62,77.29,0,0,1,205,0,0,0,UPI,INR,0,TXN_108788,CUS_8577
72.45,85.19,0,6,0,289,0,0,0,CARD,USD,0,TXN_102646,CUS_3833
63.52,66.56,0,2,1,107,0,1,0,UPI,INR,0,TXN_112205,CUS_9428
45.19,102.36,0,1,0,702,0,0,0,CARD,INR,0,TXN_110225,CUS_2444
81.52,88.59,0,0,0,90,0,0,0,UPI,INR,0,TXN_112531,CUS_9890
60.15,91.68,0,1,0,69,0,0,0,CARD,INR,0,TXN_102118,CUS_4335
182.31,201.74,1,6,0,101,0,0,0,UPI,INR,0,TXN_101058,CUS_9659
182.37,207.77,0,1,0,52,0,1,0,CARD,INR,0,TXN_108389,CUS_9109
342.8,253.35,0,2,0,122,0,0,0,CARD,INR,0,TXN_101221,CUS_3802
89.99,118.88,0,2,0,217,0,0,0,UPI,USD,0,TXN_106314,CUS_6319
445.52,292.99,1,5,0,162,0,0,0,UPI,USD,0,TXN_113325,CUS_7419
301.49,246.69,1,3,0,206,0,0,0,UPI,EUR,0,TXN_104358,CUS_2124
54.83,66.47,0,3,0,514,0,0,0,CARD,INR,0,TXN_106747,CUS_9615
84.17,78.9,1,3,0,152,0,0,0,WALLET,USD,0,TXN_113778,CUS_6076
74.04,83.87,0,3,0,252,0,0,0,CARD,INR,0,TXN_108670,CUS_7694
65.05,70.39,0,2,0,88,0,0,0,CARD,USD,0,TXN_107447,CUS_8892
176.38,44.92,3,7,4,18,1,1,1,CARD,USD,1,TXN_105841,CUS_9868
60.41,63.34,0,3,0,147,0,0,0,NET_BANKING,INR,0,TXN_110771,CUS_6210
27.76,36.95,0,3,0,418,0,0,0,UPI,EUR,0,TXN_102774,CUS_9286
5.0,405.81,2,3,0,44,0,0,0,CARD,USD,0,TXN_106251,CUS_8527
175.57,125.79,0,3,0,145,0,0,0,UPI,INR,0,TXN_112839,CUS_6673
248.28,194.69,1,4,0,341,0,1,0,UPI,INR,0,TXN_104599,CUS_8715
334.58,201.75,0,3,0,172,0,0,0,CARD,EUR,0,TXN_104686,CUS_5472
76.04,65.25,0,4,0,454,0,1,0,CARD,INR,0,TXN_112116,CUS_2949
63.53,45.04,0,4,0,113,0,1,0,UPI,INR,0,TXN_108971,CUS_9265
64.11,147.01,1,3,0,199,0,0,0,NET_BANKING,INR,0,TXN_112392,CUS_7393
53.03,37.99,2,8,0,207,0,0,0,NET_BANKING,INR,0,TXN_102966,CUS_8966
94.76,98.07,2,4,0,61,0,0,0,CARD,INR,0,TXN_114468,CUS_2556
125.61,103.79,0,0,0,370,0,0,0,NET_BANKING,INR,0,TXN_100947,CUS_5450
41.38,51.26,0,2,0,67,0,0,0,CARD,USD,0,TXN_114919,CUS_3914
318.15,244.37,0,0,1,94,0,0,0,UPI,INR,0,TXN_106105,CUS_2557
11.84,45.09,0,1,0,164,0,0,0,UPI,INR,0,TXN_102673,CUS_7753
48.48,56.43,0,2,1,548,0,0,0,CARD,INR,0,TXN_112503,CUS_8738
380.24,649.94,1,4,0,219,0,0,0,UPI,INR,0,TXN_101506,CUS_5666
59.38,72.82,0,3,0,56,0,0,0,CARD,INR,0,TXN_101154,CUS_6736
59.48,95.94,0,2,0,145,0,0,0,UPI,INR,0,TXN_105733,CUS_5370
79.2,54.97,0,2,0,40,0,0,0,CARD,EUR,0,TXN_112213,CUS_9277
78.29,48.15,0,2,1,309,0,0,0,NET_BANKING,INR,0,TXN_112890,CUS_5504
56.33,61.05,0,5,0,238,0,0,0,UPI,INR,0,TXN_106471,CUS_3522
93.53,110.18,0,3,0,305,0,0,0,CARD,INR,0,TXN_102546,CUS_2297
102.58,133.37,0,1,0,174,0,0,0,NET_BANKING,INR,0,TXN_113522,CUS_3145
63.68,60.62,1,3,0,546,0,0,0,CARD,USD,0,TXN_113050,CUS_6553
365.55,370.36,0,1,0,314,1,0,0,CARD,INR,0,TXN_108386,CUS_4586
260.03,243.97,0,1,0,62,0,0,0,CARD,INR,0,TXN_114061,CUS_6597
286.26,66.25,5,10,3,82,1,1,2,WALLET,INR,1,TXN_113445,CUS_8163
67.51,66.13,1,2,0,53,0,0,0,UPI,INR,0,TXN_102319,CUS_3728
131.48,195.05,1,1,0,225,0,0,0,CARD,INR,0,TXN_106617,CUS_4521
45.66,53.4,0,3,0,48,0,0,0,UPI,USD,0,TXN_113917,CUS_5145
125.58,152.57,0,4,0,157,0,0,0,CARD,INR,0,TXN_100675,CUS_9460
69.31,119.96,1,2,0,80,0,0,0,UPI,EUR,0,TXN_106019,CUS_2955
353.14,300.36,0,0,0,103,0,0,0,CARD,USD,0,TXN_110918,CUS_9544
121.74,112.87,2,4,0,145,0,0,0,CARD,INR,0,TXN_109562,CUS_1092
87.33,101.11,0,1,0,116,0,0,0,CARD,INR,0,TXN_111872,CUS_4179
400.2,231.68,1,2,0,226,0,0,0,CARD,USD,0,TXN_108768,CUS_8767
60.21,82.19,0,4,0,62,0,0,0,NET_BANKING,INR,0,TXN_101844,CUS_4330
129.32,96.03,0,1,1,165,0,0,0,CARD,USD,0,TXN_114680,CUS_1867
120.9,174.83,0,0,0,197,0,0,0,CARD,USD,0,TXN_108082,CUS_1899
117.87,109.23,0,1,0,216,0,0,0,UPI,USD,0,TXN_100880,CUS_2558
101.33,97.75,1,5,0,43,0,0,0,CARD,INR,0,TXN_107420,CUS_1501
85.77,66.81,1,3,0,245,0,0,0,UPI,USD,0,TXN_112201,CUS_7805
454.88,209.44,1,3,0,115,1,1,0,UPI,INR,0,TXN_100492,CUS_8196
5.0,69.57,1,3,0,1009,0,0,0,UPI,INR,0,TXN_100512,CUS_7333
285.12,311.15,0,0,0,105,0,0,1,CARD,INR,0,TXN_101647,CUS_9688
37.13,38.29,0,4,0,352,0,0,0,CARD,USD,0,TXN_109523,CUS_2537
123.52,79.25,0,3,0,394,0,0,0,CARD,INR,0,TXN_111892,CUS_5745
369.63,88.39,3,9,2,52,1,1,1,CARD,INR,1,TXN_100146,CUS_9953
104.13,111.96,0,3,0,245,0,0,0,CARD,INR,0,TXN_108612,CUS_7648
238.75,177.44,1,1,0,133,0,0,0,UPI,INR,0,TXN_101282,CUS_5857
40.46,57.13,0,3,0,199,0,0,0,CARD,EUR,0,TXN_100802,CUS_1359
129.97,176.87,0,5,0,322,0,0,0,CARD,INR,0,TXN_100064,CUS_1155
95.54,105.19,0,3,0,1265,0,0,0,UPI,USD,0,TXN_114310,CUS_5113
73.28,66.63,0,2,0,330,0,0,0,CARD,USD,0,TXN_106660,CUS_9398
202.14,164.28,0,1,0,88,0,0,0,CARD,INR,0,TXN_114543,CUS_4645
65.09,67.49,0,2,0,141,0,0,0,CARD,INR,0,TXN_108806,CUS_8692
361.32,294.89,0,1,0,166,0,0,0,CARD,USD,0,TXN_107153,CUS_4551
168.93,102.33,0,3,0,78,0,0,0,UPI,INR,0,TXN_105171,CUS_8315
31.74,73.06,0,3,0,107,0,0,0,CARD,INR,0,TXN_107530,CUS_4561
126.18,127.18,0,0,0,162,0,1,0,UPI,USD,0,TXN_109511,CUS_4051
48.86,48.11,0,2,0,268,0,0,0,CARD,INR,0,TXN_114028,CUS_7934
118.93,140.95,0,1,0,224,1,0,0,CARD,INR,0,TXN_102063,CUS_3280
73.63,80.1,0,1,1,34,0,0,0,NET_BANKING,INR,0,TXN_114109,CUS_7199
68.59,116.53,0,3,0,127,0,0,0,UPI,USD,0,TXN_103865,CUS_5406
99.83,140.93,0,3,0,132,0,0,0,WALLET,INR,0,TXN_102232,CUS_3262
138.64,95.5,1,8,0,46,0,0,0,UPI,INR,0,TXN_108032,CUS_3919
326.95,68.63,5,6,4,3,1,1,1,CARD,USD,1,TXN_102887,CUS_6119
23.99,19.71,0,3,1,101,0,0,0,UPI,INR,0,TXN_101126,CUS_4713
162.58,112.72,0,2,0,55,1,1,0,NET_BANKING,USD,0,TXN_107383,CUS_1489
45.61,51.03,0,6,0,187,0,1,0,UPI,USD,0,TXN_100558,CUS_4699
365.33,223.57,0,1,2,91,0,0,0,UPI,INR,0,TXN_107065,CUS_3234
221.68,202.69,0,1,0,859,0,0,0,UPI,USD,0,TXN_114821,CUS_6141
85.25,178.51,0,2,0,141,0,0,0,CARD,USD,0,TXN_113184,CUS_4237
171.87,146.51,0,3,0,103,0,0,0,CARD,INR,0,TXN_112608,CUS_6076
149.91,119.48,1,3,0,56,0,0,0,CARD,INR,0,TXN_101120,CUS_1055
352.53,301.17,1,2,0,506,0,0,0,CARD,USD,0,TXN_112947,CUS_1319
51.53,64.38,2,3,1,203,0,0,0,NET_BANKING,INR,0,TXN_113369,CUS_4305
181.07,120.0,0,3,0,353,0,0,0,WALLET,INR,0,TXN_109155,CUS_6077
247.35,190.35,0,2,0,410,0,0,0,CARD,USD,0,TXN_105353,CUS_9212
201.39,178.59,1,4,0,268,0,0,0,CARD,INR,0,TXN_104637,CUS_8288
211.02,179.29,0,3,0,36,0,1,0,UPI,USD,0,TXN_114246,CUS_1071
152.86,130.7,0,0,0,160,0,0,0,CARD,USD,0,TXN_110863,CUS_4826
212.57,196.99,0,1,0,1227,0,1,0,UPI,INR,0,TXN_103588,CUS_8932
33.32,94.88,0,5,0,89,0,0,0,CARD,INR,0,TXN_110897,CUS_9632
279.87,195.51,0,2,0,180,0,0,0,CARD,INR,0,TXN_109099,CUS_5320
42.87,51.94,0,0,0,173,1,0,0,CARD,INR,0,TXN_104737,CUS_1643
72.3,142.87,1,5,0,172,0,0,0,WALLET,INR,0,TXN_102332,CUS_7708
39.58,29.23,0,3,0,356,0,0,0,UPI,USD,0,TXN_104385,CUS_8819
117.03,67.76,1,3,0,165,0,0,0,UPI,INR,0,TXN_104072,CUS_6857
86.72,89.66,0,0,0,51,0,0,0,UPI,INR,0,TXN_110577,CUS_1816
335.22,315.91,0,4,0,135,0,0,0,CARD,EUR,0,TXN_111242,CUS_8591
30.22,84.16,0,2,0,53,0,0,0,NET_BANKING,INR,0,TXN_100923,CUS_4115
30.49,62.38,0,1,1,337,0,0,0,NET_BANKING,INR,0,TXN_103078,CUS_9399
37.58,48.57,0,2,0,158,0,0,0,UPI,INR,0,TXN_106436,CUS_1580
142.88,150.94,1,4,0,714,0,0,0,CARD,INR,0,TXN_111512,CUS_1400
27.11,52.12,0,1,0,341,0,0,0,UPI,USD,0,TXN_107502,CUS_2038
90.85,62.41,0,0,0,74,0,0,0,WALLET,INR,0,TXN_102145,CUS_6220
40.77,38.22,1,5,0,533,1,0,0,WALLET,INR,0,TXN_105446,CUS_3009
475.57,495.26,1,4,0,404,0,0,0,UPI,INR,0,TXN_111638,CUS_5568
20.56,36.31,0,3,1,94,0,0,0,UPI,USD,0,TXN_114283,CUS_7104
111.33,78.74,1,3,0,323,0,0,1,CARD,INR,0,TXN_109028,CUS_4039
129.02,108.71,1,2,0,593,0,0,0,UPI,INR,0,TXN_109162,CUS_5664
98.43,167.73,0,5,0,174,0,0,0,CARD,INR,0,TXN_110303,CUS_2224
139.06,190.85,1,2,0,53,0,0,0,CARD,INR,0,TXN_104011,CUS_4619
60.2,55.69,0,0,0,523,0,0,0,UPI,INR,0,TXN_112426,CUS_8490
306.87,288.86,0,6,0,32,0,0,0,NET_BANKING,EUR,0,TXN_105816,CUS_2669
78.7,69.58,0,1,0,185,1,0,0,NET_BANKING,USD,0,TXN_100581,CUS_7521
69.32,81.75,0,1,0,387,0,0,0,CARD,INR,0,TXN_102605,CUS_4987
227.31,246.87,0,2,1,588,0,0,0,CARD,INR,0,TXN_107584,CUS_6189
242.94,283.27,1,2,0,41,0,1,0,CARD,EUR,0,TXN_111356,CUS_4873
527.84,66.54,2,7,1,34,1,1,1,CARD,USD,1,TXN_109806,CUS_3157
395.94,35.66,4,11,0,37,0,0,0,CARD,EUR,1,TXN_108992,CUS_1674
510.02,489.03,0,2,0,238,0,0,0,CARD,INR,0,TXN_113299,CUS_9266
83.22,97.99,1,5,0,370,0,0,0,WALLET,INR,0,TXN_108090,CUS_6313
132.75,132.21,2,3,0,285,0,0,0,CARD,USD,0,TXN_109750,CUS_3457
81.39,97.68,0,4,0,125,0,0,0,CARD,INR,0,TXN_112621,CUS_6298
55.56,102.68,0,3,0,48,0,0,0,CARD,INR,0,TXN_110986,CUS_2843
208.04,457.04,0,4,0,263,1,0,0,CARD,EUR,0,TXN_106788,CUS_7439
49.23,89.38,1,3,0,84,0,0,0,CARD,INR,0,TXN_109396,CUS_3385
253.35,217.17,0,1,0,596,0,0,0,UPI,USD,0,TXN_112647,CUS_6452
51.25,47.5,0,0,0,844,0,0,0,WALLET,INR,0,TXN_114737,CUS_3956
107.96,105.22,1,4,0,344,0,0,0,NET_BANKING,INR,0,TXN_100066,CUS_6417
155.98,83.18,1,1,0,329,1,0,0,CARD,INR,0,TXN_104618,CUS_9585
40.91,85.46,0,1,0,343,0,0,0,UPI,USD,0,TXN_111269,CUS_3988
50.54,50.17,0,1,0,34,0,0,0,WALLET,USD,0,TXN_105104,CUS_1399
28.53,54.14,1,2,0,225,0,0,0,CARD,INR,0,TXN_109236,CUS_4951
58.36,74.97,0,0,0,477,0,0,0,NET_BANKING,EUR,0,TXN_112020,CUS_4058
129.24,147.39,1,3,0,207,0,0,0,CARD,EUR,0,TXN_108746,CUS_4473
77.73,80.43,0,4,0,239,0,0,0,UPI,INR,0,TXN_105894,CUS_5942
289.01,160.48,0,2,0,649,1,0,0,NET_BANKING,INR,0,TXN_112752,CUS_3670
24.34,46.98,1,3,0,207,0,0,0,UPI,USD,0,TXN_109096,CUS_9680
175.08,94.33,0,2,0,155,0,0,0,CARD,USD,0,TXN_101452,CUS_7053
165.36,164.34,0,2,0,244,0,0,0,NET_BANKING,INR,0,TXN_101129,CUS_4069
62.09,80.94,0,3,1,550,0,0,0,CARD,INR,0,TXN_111474,CUS_9530
39.48,42.83,0,0,0,345,0,1,0,NET_BANKING,INR,0,TXN_113745,CUS_8742
36.16,31.81,0,3,0,59,0,1,0,CARD,INR,0,TXN_100589,CUS_9545
81.67,81.0,0,0,0,76,0,0,0,CARD,USD,0,TXN_104996,CUS_5883
32.95,35.4,0,1,0,525,0,0,0,CARD,USD,0,TXN_111212,CUS_9938
93.49,122.87,0,2,0,406,0,0,0,UPI,EUR,0,TXN_106311,CUS_4858
1.22,22.68,6,6,3,6,0,1,1,CARD,INR,1,TXN_106267,CUS_2455
106.56,245.75,0,4,1,487,0,0,0,UPI,INR,0,TXN_114217,CUS_3438
155.81,222.44,0,2,0,397,0,0,0,CARD,INR,0,TXN_113480,CUS_5360
506.5,395.23,1,2,0,220,0,0,0,UPI,INR,0,TXN_113531,CUS_4524
33.87,60.51,0,2,0,545,0,1,0,UPI,USD,0,TXN_114479,CUS_8032
41.15,42.09,2,4,0,136,0,0,0,CARD,EUR,0,TXN_103854,CUS_3162
55.75,51.75,1,3,0,147,0,0,0,UPI,USD,0,TXN_112491,CUS_9842
84.81,98.74,0,4,0,97,0,0,0,NET_BANKING,USD,0,TXN_104563,CUS_3689
27.27,72.04,0,3,1,163,0,0,0,CARD,INR,0,TXN_110732,CUS_8497
12.4,26.0,0,2,0,136,1,0,0,WALLET,INR,0,TXN_103188,CUS_8979
413.78,321.87,0,0,0,831,0,0,0,WALLET,INR,0,TXN_110499,CUS_6044
349.66,421.87,1,6,0,119,0,0,0,CARD,INR,0,TXN_100622,CUS_3547
47.26,73.85,0,0,0,148,0,0,0,CARD,INR,0,TXN_101215,CUS_1699
174.49,211.13,0,1,0,326,0,1,0,CARD,INR,0,TXN_111940,CUS_1705
70.73,53.31,2,2,0,49,0,0,0,UPI,USD,0,TXN_111800,CUS_7800
174.03,156.14,0,1,0,410,0,1,0,WALLET,USD,0,TXN_113242,CUS_7539
16.61,34.63,0,2,1,310,0,0,0,CARD,USD,0,TXN_105208,CUS_3930
151.54,164.41,0,3,0,93,0,1,0,CARD,INR,0,TXN_114214,CUS_9927
86.77,84.23,1,4,0,549,0,0,0,CARD,EUR,0,TXN_106487,CUS_6276
184.67,115.73,0,6,0,123,0,0,0,NET_BANKING,INR,0,TXN_102216,CUS_6689
282.65,342.22,0,2,0,141,0,0,0,CARD,INR,0,TXN_102949,CUS_1500
315.98,475.58,0,0,0,53,0,0,0,CARD,USD,0,TXN_103129,CUS_8623
72.73,58.82,1,7,0,116,0,0,0,UPI,EUR,0,TXN_112364,CUS_9758
74.31,100.08,0,3,0,267,0,0,0,NET_BANKING,INR,0,TXN_101371,CUS_1493
645.01,585.06,0,1,0,281,0,0,0,CARD,INR,0,TXN_109942,CUS_4431
185.64,161.03,0,2,0,50,0,0,0,CARD,INR,0,TXN_104003,CUS_1233
26.95,71.29,0,2,0,289,0,0,0,CARD,EUR,0,TXN_110357,CUS_7436
387.75,85.31,3,11,2,104,1,1,1,NET_BANKING,USD,1,TXN_109602,CUS_8912
174.07,105.44,0,5,0,712,0,0,0,CARD,INR,0,TXN_100266,CUS_3113
42.34,37.12,0,2,0,104,0,0,0,UPI,INR,0,TXN_113001,CUS_2868
316.97,303.36,1,2,0,118,0,1,0,WALLET,INR,0,TXN_109086,CUS_2059
162.3,114.99,1,2,0,49,0,1,0,NET_BANKING,INR,0,TXN_104543,CUS_3395
168.98,215.62,1,6,0,393,0,0,0,CARD,INR,0,TXN_111927,CUS_4678
80.88,79.74,0,4,0,154,0,0,0,WALLET,INR,0,TXN_107079,CUS_7498
45.6,49.16,1,1,0,1394,0,0,0,CARD,USD,0,TXN_103935,CUS_2680
90.41,73.39,1,3,0,451,0,0,0,CARD,INR,0,TXN_100637,CUS_1058
52.53,38.91,0,2,0,439,0,1,0,NET_BANKING,INR,0,TXN_107146,CUS_6815
30.72,28.52,0,2,0,228,0,0,0,NET_BANKING,USD,0,TXN_102975,CUS_2719
104.79,157.13,0,1,0,38,0,0,0,NET_BANKING,INR,0,TXN_107535,CUS_5002
31.0,40.24,0,1,1,169,0,0,0,UPI,INR,0,TXN_112951,CUS_7356
696.33,113.53,3,7,2,67,1,1,0,UPI,USD,1,TXN_101810,CUS_1706
354.54,34.62,7,7,3,76,1,1,2,CARD,USD,1,TXN_112587,CUS_9892
290.34,165.47,2,3,0,132,0,0,0,CARD,INR,0,TXN_113095,CUS_5443
140.83,120.42,0,1,0,1078,0,0,0,CARD,INR,0,TXN_101357,CUS_7514
87.23,95.46,0,0,0,99,0,0,0,UPI,INR,0,TXN_114957,CUS_2795
111.11,128.65,1,2,1,214,0,0,0,UPI,INR,0,TXN_102384,CUS_4829
50.5,123.39,0,3,0,548,0,0,0,CARD,INR,0,TXN_112140,CUS_6441
16.04,27.95,0,1,0,55,0,0,0,CARD,EUR,0,TXN_109839,CUS_4691
68.2,49.49,0,0,0,534,0,0,0,CARD,USD,0,TXN_108902,CUS_7150
101.64,72.47,0,3,0,132,0,0,0,CARD,USD,0,TXN_101835,CUS_8655
29.51,18.76,0,2,0,198,0,0,0,UPI,EUR,0,TXN_103599,CUS_2109
345.69,275.3,0,4,1,129,0,0,0,CARD,INR,0,TXN_101040,CUS_5457
231.84,235.7,0,2,0,150,1,0,0,UPI,INR,0,TXN_104957,CUS_1697
94.29,122.39,0,5,0,269,1,0,0,UPI,INR,0,TXN_105243,CUS_6202
161.82,105.77,4,7,0,894,1,0,0,UPI,EUR,0,TXN_111956,CUS_3423
224.16,243.11,0,2,0,163,0,0,0,NET_BANKING,INR,0,TXN_114631,CUS_6990
61.92,57.32,0,4,0,204,0,0,0,CARD,INR,0,TXN_103093,CUS_2203
141.85,119.23,0,0,1,509,0,0,0,CARD,INR,0,TXN_108297,CUS_6225
7.55,120.54,0,3,1,117,0,0,0,UPI,USD,0,TXN_111144,CUS_6010
78.53,63.33,0,1,0,174,0,0,0,CARD,USD,0,TXN_112862,CUS_8307
450.99,369.48,2,4,0,68,0,0,0,CARD,INR,0,TXN_108290,CUS_1694
179.74,216.81,1,6,0,61,0,0,0,CARD,INR,0,TXN_106699,CUS_1780
163.9,146.13,0,5,0,258,0,0,0,CARD,INR,0,TXN_109013,CUS_6961
196.17,178.07,1,2,0,973,0,0,0,CARD,USD,0,TXN_110741,CUS_6852
174.48,263.42,0,4,0,250,0,1,0,UPI,INR,0,TXN_106838,CUS_2125
33.12,105.65,0,3,0,51,0,0,0,WALLET,EUR,0,TXN_113359,CUS_1366
20.17,21.2,0,1,0,48,0,0,0,CARD,USD,0,TXN_109468,CUS_7168
81.82,75.32,0,3,0,135,0,0,0,CARD,INR,0,TXN_108214,CUS_9705
113.37,66.97,0,2,0,84,0,0,0,UPI,INR,0,TXN_105811,CUS_3166
85.14,60.09,2,5,0,366,0,0,0,CARD,INR,0,TXN_102869,CUS_7885
98.75,130.7,0,4,0,213,0,0,0,CARD,INR,0,TXN_103165,CUS_2669
15.36,31.55,0,2,0,55,0,0,0,CARD,INR,0,TXN_110814,CUS_2258
32.08,47.7,1,4,0,591,0,0,0,CARD,EUR,0,TXN_112622,CUS_6337
205.41,137.41,0,1,0,497,0,0,0,CARD,INR,0,TXN_104097,CUS_6297
109.34,100.93,2,4,0,106,0,0,0,NET_BANKING,INR,0,TXN_111990,CUS_2906
148.87,129.89,1,3,0,456,0,0,0,CARD,EUR,0,TXN_108755,CUS_2785
43.78,39.5,0,1,0,34,1,0,0,CARD,USD,0,TXN_106618,CUS_8849
26.35,30.9,0,3,1,482,0,0,0,UPI,USD,0,TXN_105084,CUS_8597
80.61,64.11,0,1,0,280,0,0,0,WALLET,USD,0,TXN_102315,CUS_9518
28.83,88.48,0,3,0,85,0,0,0,UPI,USD,0,TXN_109887,CUS_6913
19.01,33.78,0,6,0,85,0,0,0,CARD,EUR,0,TXN_110446,CUS_6919
1422.09,1188.86,0,1,0,277,0,0,0,CARD,USD,0,TXN_104059,CUS_1589
173.31,96.37,0,1,0,49,0,0,0,NET_BANKING,INR,0,TXN_112924,CUS_3755
249.18,248.23,0,0,0,166,0,0,0,CARD,INR,0,TXN_108935,CUS_8775
28.65,32.67,1,2,0,246,0,0,0,UPI,INR,0,TXN_113809,CUS_3472
90.83,107.94,0,3,0,74,0,1,0,CARD,INR,0,TXN_105630,CUS_3077
130.85,155.37,1,3,0,90,0,0,0,UPI,USD,0,TXN_104349,CUS_5414
26.35,35.59,0,4,0,357,0,0,0,UPI,INR,0,TXN_110629,CUS_1318
60.13,50.19,0,2,0,172,1,0,0,WALLET,USD,0,TXN_112769,CUS_4721
55.92,68.79,1,4,1,553,0,0,0,CARD,INR,0,TXN_107125,CUS_8067
137.74,121.51,2,6,0,128,0,0,0,UPI,USD,0,TXN_112694,CUS_3249
43.53,61.45,0,4,1,53,0,0,0,CARD,INR,0,TXN_106763,CUS_3746
60.33,41.06,0,1,0,148,0,0,0,CARD,EUR,0,TXN_105301,CUS_2419
53.12,105.86,0,3,0,83,0,0,0,CARD,EUR,0,TXN_102133,CUS_9929
331.62,219.87,0,2,0,64,0,0,0,CARD,USD,0,TXN_111226,CUS_4266
123.02,95.08,1,3,0,517,0,0,0,CARD,USD,0,TXN_109618,CUS_7245
213.96,247.23,1,3,0,89,0,0,0,UPI,INR,0,TXN_103656,CUS_3783
258.86,398.84,0,2,0,120,0,0,0,CARD,INR,0,TXN_111047,CUS_5826
90.07,83.47,0,0,0,175,1,0,0,NET_BANKING,USD,0,TXN_100017,CUS_8590
1533.09,113.48,3,6,1,9,1,1,1,CARD,EUR,1,TXN_105953,CUS_2121
40.69,69.78,0,2,0,290,0,0,0,UPI,INR,0,TXN_112963,CUS_2949
35.45,79.93,0,1,0,264,0,0,0,CARD,EUR,0,TXN_103918,CUS_8720
367.29,283.25,0,6,0,64,0,0,0,UPI,USD,0,TXN_100411,CUS_5281
32.89,22.95,0,2,0,257,0,1,0,CARD,INR,0,TXN_107124,CUS_1031
124.43,174.76,1,3,1,69,0,0,0,UPI,INR,0,TXN_110094,CUS_4050
88.59,105.32,0,2,0,314,0,0,0,WALLET,INR,0,TXN_109575,CUS_3826
83.08,98.77,1,2,0,181,0,0,0,CARD,USD,0,TXN_110959,CUS_8753
169.24,130.24,0,3,0,180,1,0,0,UPI,INR,0,TXN_110749,CUS_3941
40.13,88.95,0,3,0,261,0,0,0,UPI,INR,0,TXN_112853,CUS_1458
106.16,61.78,0,1,0,92,0,0,0,WALLET,EUR,0,TXN_105667,CUS_2230
144.95,106.11,0,2,0,350,0,0,0,NET_BANKING,INR,0,TXN_107813,CUS_5308
174.62,199.12,0,0,0,190,1,0,0,NET_BANKING,INR,0,TXN_113928,CUS_4206
219.85,176.91,1,3,0,70,0,0,0,CARD,INR,0,TXN_107000,CUS_2482
95.98,167.11,0,2,0,120,0,0,0,CARD,INR,0,TXN_108742,CUS_4756
69.18,67.34,0,2,0,519,0,0,0,CARD,USD,0,TXN_102177,CUS_8161
67.22,102.77,1,4,0,107,0,0,0,CARD,INR,0,TXN_109303,CUS_7566
207.51,230.21,1,4,0,198,0,0,0,UPI,INR,0,TXN_101703,CUS_9599
120.04,271.26,0,2,0,236,0,0,0,CARD,EUR,0,TXN_107526,CUS_7062
49.76,32.03,0,0,0,376,0,0,0,CARD,USD,0,TXN_108120,CUS_2704
148.76,184.05,0,2,0,96,1,0,0,UPI,INR,0,TXN_107933,CUS_2054
59.83,59.2,0,3,0,489,0,0,0,CARD,EUR,0,TXN_110185,CUS_2236
15.09,21.55,1,3,0,114,0,0,0,NET_BANKING,INR,0,TXN_112103,CUS_5691
92.29,91.35,0,1,0,230,0,1,0,WALLET,EUR,0,TXN_106700,CUS_8489
59.17,156.69,0,1,1,397,0,0,0,CARD,INR,0,TXN_105701,CUS_1407
292.08,196.08,1,7,0,660,1,0,0,UPI,INR,0,TXN_110428,CUS_9860
46.49,83.57,0,0,0,202,0,0,0,CARD,USD,0,TXN_106001,CUS_8216
408.68,326.0,0,5,0,108,0,0,0,UPI,EUR,0,TXN_113317,CUS_8872
5.0,82.81,0,3,0,339,0,0,0,CARD,INR,0,TXN_114655,CUS_5181
38.8,51.49,1,1,0,188,0,0,0,UPI,USD,0,TXN_107515,CUS_2711
198.09,22.74,6,8,4,17,0,1,2,CARD,USD,1,TXN_113405,CUS_7037
77.05,64.39,0,3,0,389,0,0,0,CARD,INR,0,TXN_108057,CUS_8256
127.57,116.43,0,4,0,157,0,0,0,CARD,INR,0,TXN_112923,CUS_4255
111.39,105.79,2,2,0,152,1,0,0,NET_BANKING,INR,0,TXN_101183,CUS_4866
19.63,21.35,0,2,0,75,0,0,0,CARD,INR,0,TXN_112891,CUS_7718
25.38,42.59,0,4,0,934,0,0,0,UPI,INR,0,TXN_102150,CUS_1588
84.76,91.29,0,2,0,466,0,0,0,CARD,USD,0,TXN_100747,CUS_4340
239.54,147.66,0,4,1,118,0,0,0,UPI,EUR,0,TXN_102335,CUS_5872
88.78,143.82,1,3,0,1264,0,0,0,NET_BANKING,USD,0,TXN_113749,CUS_1563
40.48,40.63,1,3,0,124,0,0,0,UPI,USD,0,TXN_103897,CUS_6257
44.08,49.4,0,1,0,34,0,0,0,CARD,INR,0,TXN_112412,CUS_4727
95.56,110.76,0,2,0,817,0,0,0,UPI,INR,0,TXN_104006,CUS_2025
82.38,87.48,0,2,1,310,0,0,0,UPI,INR,0,TXN_103488,CUS_8743
60.67,46.33,0,2,0,35,0,0,0,WALLET,INR,0,TXN_103279,CUS_4933
179.84,219.56,0,1,0,341,0,0,0,UPI,EUR,0,TXN_111317,CUS_8668
28.9,37.65,0,1,1,244,0,0,0,UPI,INR,0,TXN_101605,CUS_9291
253.43,323.82,0,1,0,222,0,0,0,CARD,USD,0,TXN_109312,CUS_2795
650.42,129.62,5,7,2,22,1,1,0,CARD,USD,1,TXN_103964,CUS_7884
248.03,240.67,0,4,0,225,0,0,0,NET_BANKING,USD,0,TXN_110325,CUS_4484
106.97,83.44,0,3,0,179,0,0,0,CARD,INR,0,TXN_100556,CUS_4491
45.26,39.17,1,4,0,631,0,0,0,CARD,INR,0,TXN_108277,CUS_9674
123.04,91.48,0,6,0,90,0,0,0,CARD,INR,0,TXN_112633,CUS_4688
105.23,94.04,2,5,1,316,0,0,0,CARD,USD,0,TXN_107224,CUS_6043
265.78,170.84,0,3,0,104,0,0,0,UPI,INR,0,TXN_108036,CUS_3337
32.29,54.83,0,5,0,61,0,0,0,CARD,INR,0,TXN_112643,CUS_8527
271.44,269.33,1,5,0,62,0,0,0,CARD,INR,0,TXN_113433,CUS_2481
95.84,70.96,1,3,0,474,0,0,0,CARD,INR,0,TXN_109898,CUS_6530
32.07,30.41,0,2,0,84,0,0,0,CARD,INR,0,TXN_108543,CUS_8344
33.52,63.51,0,2,0,168,0,0,0,WALLET,EUR,0,TXN_104175,CUS_8254
79.36,82.19,0,3,0,878,1,0,0,CARD,USD,0,TXN_105584,CUS_7327
460.84,412.37,0,2,0,52,0,0,0,UPI,INR,0,TXN_106297,CUS_9496
133.41,110.32,1,3,0,31,0,0,0,UPI,USD,0,TXN_104787,CUS_9900
132.31,101.11,1,3,0,525,0,0,0,CARD,USD,0,TXN_114981,CUS_6759
135.85,119.46,0,2,0,969,0,1,0,NET_BANKING,INR,0,TXN_107963,CUS_5570
123.28,89.31,0,0,0,92,0,0,0,CARD,USD,0,TXN_112677,CUS_3895
41.08,40.69,0,1,1,160,0,0,0,UPI,USD,0,TXN_103395,CUS_8266
227.19,178.47,1,1,0,80,0,0,0,CARD,INR,0,TXN_109565,CUS_2726
93.24,78.9,0,2,0,563,0,0,0,UPI,INR,0,TXN_101702,CUS_2569
118.31,120.15,0,2,0,415,0,0,0,UPI,INR,0,TXN_103846,CUS_7398
67.91,63.55,0,0,0,157,0,0,0,NET_BANKING,USD,0,TXN_101405,CUS_4032
43.34,69.68,1,2,0,320,0,0,0,CARD,INR,0,TXN_104244,CUS_1710
39.19,38.05,1,3,1,101,1,0,0,UPI,USD,0,TXN_108999,CUS_7487
25.77,50.65,1,4,0,860,0,0,0,WALLET,INR,0,TXN_102491,CUS_5960
383.88,399.03,0,2,0,199,0,0,0,UPI,USD,0,TXN_101072,CUS_6258
42.97,45.8,0,1,0,112,0,0,0,NET_BANKING,INR,0,TXN_109110,CUS_6905
72.44,259.45,0,1,0,111,0,0,0,UPI,EUR,0,TXN_110641,CUS_2377
69.39,70.92,1,3,0,178,0,0,0,CARD,INR,0,TXN_104882,CUS_1720
119.82,103.67,0,3,0,51,0,0,0,CARD,INR,0,TXN_101402,CUS_5031
53.66,43.64,0,2,0,372,0,0,0,CARD,INR,0,TXN_101228,CUS_3848
55.57,55.94,0,3,0,429,0,0,0,UPI,USD,0,TXN_113215,CUS_7711
59.45,44.44,0,1,0,272,0,0,0,CARD,INR,0,TXN_103537,CUS_6136
85.07,102.02,0,4,0,113,0,0,0,CARD,INR,0,TXN_110972,CUS_6256
39.76,47.8,0,3,0,369,0,0,0,CARD,INR,0,TXN_112083,CUS_6382
95.94,145.9,0,1,0,65,0,0,0,CARD,USD,0,TXN_107872,CUS_8344
139.11,120.2,2,5,0,101,0,1,0,UPI,USD,0,TXN_107868,CUS_3627
5.0,110.54,1,3,0,142,0,0,0,CARD,USD,0,TXN_109424,CUS_5784
82.18,61.65,0,3,0,235,0,0,0,WALLET,USD,0,TXN_112093,CUS_5984
53.31,50.85,0,2,0,216,0,0,0,CARD,INR,0,TXN_103669,CUS_4109
138.25,108.22,0,0,1,88,0,0,0,CARD,INR,0,TXN_104841,CUS_9568
418.71,286.03,0,10,0,385,0,0,0,CARD,INR,0,TXN_113056,CUS_1322
181.95,196.88,0,2,0,132,1,0,0,WALLET,INR,0,TXN_106907,CUS_4803
38.86,73.26,0,2,0,456,0,0,0,CARD,USD,0,TXN_103595,CUS_9427
47.08,144.99,0,1,0,454,0,0,0,UPI,INR,0,TXN_107856,CUS_4906
65.72,56.64,2,7,0,210,0,1,0,NET_BANKING,INR,0,TXN_104406,CUS_8084
224.15,209.38,1,2,0,43,0,1,0,CARD,INR,0,TXN_110901,CUS_5065
103.9,73.42,1,4,0,109,0,0,0,WALLET,EUR,0,TXN_107544,CUS_1358
39.75,51.5,1,3,0,93,0,1,0,CARD,INR,0,TXN_102575,CUS_7785
79.43,124.93,0,2,0,753,0,1,0,CARD,INR,0,TXN_101319,CUS_2267
41.69,69.28,1,2,0,106,0,0,0,UPI,USD,0,TXN_102346,CUS_5636
21.13,32.27,0,1,0,511,0,1,0,UPI,EUR,0,TXN_106274,CUS_4193
600.35,410.93,0,1,0,646,0,0,0,UPI,INR,0,TXN_103902,CUS_8898
62.91,54.58,0,2,0,40,0,0,0,UPI,EUR,0,TXN_104223,CUS_7744
135.0,93.71,0,1,0,46,0,0,0,UPI,INR,0,TXN_100356,CUS_5373
201.94,145.28,0,4,1,747,0,0,0,UPI,USD,0,TXN_113738,CUS_1171
115.92,62.81,0,5,0,223,0,0,0,UPI,INR,0,TXN_110703,CUS_4498
341.56,306.52,0,4,0,96,0,1,0,UPI,INR,0,TXN_106268,CUS_3913
49.0,57.65,1,4,0,636,1,0,0,CARD,USD,0,TXN_109768,CUS_7119
35.16,39.24,0,5,0,194,1,0,0,UPI,INR,0,TXN_110647,CUS_1225
46.99,57.36,1,6,0,57,0,0,0,UPI,INR,0,TXN_107673,CUS_1299
68.04,154.84,0,5,0,310,0,1,0,UPI,INR,0,TXN_101011,CUS_4336
42.77,70.94,0,0,0,634,0,0,0,UPI,INR,0,TXN_107775,CUS_1940
519.1,457.92,1,3,1,220,0,0,0,NET_BANKING,USD,0,TXN_107023,CUS_5855
42.62,27.83,2,6,0,67,0,0,0,CARD,INR,0,TXN_106524,CUS_3882
330.49,361.1,0,3,0,424,0,0,0,NET_BANKING,INR,0,TXN_100281,CUS_3613
50.4,42.06,0,1,0,189,1,0,0,CARD,INR,0,TXN_104121,CUS_6292
44.68,75.36,0,5,0,327,1,0,0,CARD,INR,0,TXN_105044,CUS_1445
155.95,149.81,0,7,0,88,0,0,0,CARD,USD,0,TXN_114166,CUS_8930
154.52,96.0,0,5,0,53,0,0,0,WALLET,USD,0,TXN_105964,CUS_2554
917.06,1060.55,1,6,0,78,0,0,0,UPI,USD,0,TXN_101204,CUS_1415
45.79,59.42,0,3,0,221,0,0,0,UPI,INR,0,TXN_107429,CUS_8107
96.49,142.98,0,0,0,555,0,0,0,CARD,INR,0,TXN_113511,CUS_3891
41.02,41.8,0,2,0,399,0,0,0,CARD,INR,0,TXN_102317,CUS_5066
349.97,331.39,1,1,0,631,1,0,0,NET_BANKING,INR,0,TXN_106883,CUS_8370
32.16,44.61,0,1,0,88,0,0,0,CARD,USD,0,TXN_102538,CUS_5804
60.91,102.23,0,1,0,367,0,0,0,UPI,INR,0,TXN_103052,CUS_5278
16.64,23.64,1,2,0,65,1,0,0,CARD,EUR,0,TXN_113080,CUS_5522
136.51,211.69,0,2,0,731,0,0,0,WALLET,INR,0,TXN_109644,CUS_7253
73.98,123.4,0,4,0,244,0,0,0,CARD,EUR,0,TXN_112796,CUS_4415
347.99,184.04,1,3,0,284,0,0,0,CARD,USD,0,TXN_105685,CUS_3672
113.35,98.39,0,2,0,402,0,0,0,CARD,INR,0,TXN_113301,CUS_7242
119.3,102.17,1,5,0,153,0,0,0,CARD,INR,0,TXN_104598,CUS_2648
90.48,111.17,0,0,0,1710,0,0,0,CARD,INR,0,TXN_107758,CUS_1574
89.46,102.09,0,2,0,108,1,0,0,CARD,USD,0,TXN_105312,CUS_2658
104.92,106.12,0,0,0,559,0,1,0,WALLET,INR,0,TXN_104162,CUS_2427
121.76,100.59,0,4,1,367,0,0,0,CARD,USD,0,TXN_110439,CUS_3042
34.03,22.93,2,3,1,57,1,0,0,UPI,EUR,0,TXN_101549,CUS_6042
229.79,313.85,1,3,0,786,0,0,0,UPI,USD,0,TXN_103869,CUS_8995
159.5,160.75,1,4,0,77,0,0,0,CARD,USD,0,TXN_102096,CUS_2376
95.84,77.18,0,2,0,147,0,0,0,NET_BANKING,INR,0,TXN_109588,CUS_3075
389.49,71.06,6,13,3,17,1,1,0,CARD,INR,1,TXN_101626,CUS_2464
41.15,49.62,2,3,0,390,0,1,0,CARD,INR,0,TXN_110756,CUS_9183
164.99,116.49,0,2,0,53,0,0,0,UPI,INR,0,TXN_104172,CUS_1072
188.99,138.34,0,4,0,118,0,0,0,CARD,USD,0,TXN_111451,CUS_3068
53.0,86.69,0,3,0,1059,0,0,0,WALLET,EUR,0,TXN_104218,CUS_9613
99.68,100.22,1,7,0,110,0,0,0,NET_BANKING,INR,0,TXN_107905,CUS_1445
36.83,47.56,0,1,0,72,0,0,0,CARD,INR,0,TXN_108392,CUS_9432
168.61,151.62,1,2,0,55,0,0,0,WALLET,INR,0,TXN_102631,CUS_6580
377.44,261.03,0,2,0,52,0,0,0,CARD,INR,0,TXN_114281,CUS_4885
18.24,95.03,1,7,0,333,0,0,0,NET_BANKING,INR,0,TXN_113651,CUS_4937
51.93,51.15,0,6,0,68,0,0,0,CARD,USD,0,TXN_108162,CUS_3031
174.91,121.7,0,1,0,267,0,0,0,UPI,USD,0,TXN_108398,CUS_1781
14.45,49.95,1,6,0,355,0,0,0,UPI,EUR,0,TXN_112306,CUS_6931
48.46,133.2,1,2,1,44,1,0,0,CARD,INR,0,TXN_110856,CUS_9633
154.72,173.09,0,5,1,73,1,0,0,NET_BANKING,INR,0,TXN_114404,CUS_8314
335.04,209.38,0,3,0,335,0,0,0,UPI,INR,0,TXN_105015,CUS_6553
80.27,97.08,2,5,0,324,0,0,0,UPI,INR,0,TXN_101392,CUS_6820
27.3,93.09,0,1,0,177,0,1,0,CARD,USD,0,TXN_107632,CUS_2096
815.78,81.31,3,9,3,59,1,1,1,CARD,USD,1,TXN_114725,CUS_3796
64.58,45.99,0,2,0,265,0,0,0,UPI,INR,0,TXN_111044,CUS_6817
157.17,202.62,0,0,0,204,0,0,0,CARD,USD,0,TXN_102531,CUS_3265
77.21,90.67,0,2,0,167,0,0,0,UPI,INR,0,TXN_103151,CUS_2332
31.5,34.58,0,4,0,396,0,0,0,CARD,INR,0,TXN_103046,CUS_1090
51.32,61.82,0,1,0,103,0,1,0,UPI,INR,0,TXN_100347,CUS_2627
57.89,64.65,0,1,0,242,0,0,0,CARD,INR,0,TXN_102036,CUS_3326
148.41,111.06,0,3,1,136,0,0,0,NET_BANKING,INR,0,TXN_105073,CUS_2162
126.76,118.27,0,0,0,363,0,0,0,UPI,INR,0,TXN_100676,CUS_7024
57.97,46.1,0,2,0,229,0,0,0,CARD,USD,0,TXN_114377,CUS_4447
33.79,31.96,1,4,0,103,1,0,0,NET_BANKING,INR,0,TXN_100967,CUS_1263
174.65,138.11,0,2,0,37,0,0,0,NET_BANKING,INR,0,TXN_111845,CUS_1989
180.83,108.34,0,0,0,423,0,0,0,CARD,USD,0,TXN_113287,CUS_8005
76.43,55.76,0,2,1,222,0,0,0,UPI,USD,0,TXN_104716,CUS_7792
86.21,134.0,0,1,0,179,0,0,0,CARD,EUR,0,TXN_109999,CUS_5888
120.16,120.84,0,3,0,146,0,0,0,CARD,INR,0,TXN_112577,CUS_5989
43.02,51.11,1,3,0,109,0,0,0,NET_BANKING,USD,0,TXN_111108,CUS_9976
13.18,18.97,0,1,0,285,1,0,0,CARD,INR,0,TXN_102723,CUS_3327
40.34,66.14,0,2,0,851,0,0,0,UPI,USD,0,TXN_112402,CUS_8197
36.02,28.17,1,2,0,191,0,0,0,UPI,INR,0,TXN_110596,CUS_9783
147.0,138.66,0,2,2,210,0,0,0,UPI,INR,0,TXN_103630,CUS_3965
26.69,29.61,1,3,0,166,0,0,0,UPI,USD,0,TXN_109209,CUS_5751
44.09,32.69,1,4,0,259,0,1,0,NET_BANKING,INR,0,TXN_111286,CUS_2813
61.58,37.59,1,6,1,795,0,0,0,NET_BANKING,USD,0,TXN_101511,CUS_6166
24.49,57.51,1,1,0,360,0,0,0,CARD,USD,0,TXN_104541,CUS_7894
77.23,81.52,0,1,0,479,0,0,0,UPI,USD,0,TXN_103941,CUS_8073
133.08,104.81,0,3,0,146,0,0,0,CARD,INR,0,TXN_106520,CUS_1814
74.57,93.86,0,1,0,1065,0,1,0,CARD,INR,0,TXN_100620,CUS_1004
71.63,97.98,0,1,0,502,0,0,0,WALLET,USD,0,TXN_113548,CUS_9446
346.31,44.34,3,9,4,42,0,1,0,CARD,INR,1,TXN_105325,CUS_2225
81.11,113.58,0,0,0,64,0,0,0,WALLET,INR,0,TXN_106401,CUS_7376
125.22,130.58,0,3,0,89,0,0,0,NET_BANKING,INR,0,TXN_100135,CUS_4204
13.92,79.54,1,4,0,98,0,0,0,NET_BANKING,EUR,0,TXN_103800,CUS_9647
384.48,287.98,0,2,1,223,1,0,0,UPI,INR,0,TXN_103472,CUS_1949
65.62,115.12,0,6,0,114,0,0,0,CARD,INR,0,TXN_107943,CUS_3940
52.47,50.8,2,3,0,543,0,0,0,CARD,INR,0,TXN_101944,CUS_3996
34.72,47.51,0,1,0,127,0,0,0,CARD,USD,0,TXN_109234,CUS_6592
86.59,51.93,0,1,0,54,0,0,0,CARD,INR,0,TXN_104192,CUS_4497
167.33,41.55,4,9,2,6,1,1,1,CARD,INR,1,TXN_111075,CUS_5538
49.04,56.19,0,4,0,81,0,0,0,CARD,INR,0,TXN_106403,CUS_4368
189.95,121.1,1,1,0,192,0,0,0,NET_BANKING,INR,0,TXN_100396,CUS_8695
42.26,40.97,1,3,0,168,0,0,0,WALLET,INR,0,TXN_105440,CUS_7070
131.59,104.9,0,3,0,48,0,0,0,CARD,INR,0,TXN_100130,CUS_1732
99.77,75.08,2,3,0,39,0,0,0,UPI,USD,0,TXN_111762,CUS_8977
153.52,111.96,0,0,0,87,0,0,0,CARD,USD,0,TXN_107909,CUS_7606
83.85,86.08,0,5,0,70,1,0,0,WALLET,EUR,0,TXN_103637,CUS_6872
57.06,121.8,1,2,0,344,0,0,0,CARD,INR,0,TXN_103687,CUS_3242
51.0,43.46,1,1,0,231,0,0,0,CARD,INR,0,TXN_107990,CUS_1345
632.29,546.93,0,3,1,205,0,0,0,CARD,USD,0,TXN_109968,CUS_7157
5.0,78.96,0,5,0,89,0,0,0,UPI,INR,0,TXN_103566,CUS_7803
123.61,168.34,1,5,0,731,0,0,0,CARD,INR,0,TXN_107245,CUS_9308
260.04,278.46,0,0,0,260,0,0,0,UPI,INR,0,TXN_112777,CUS_2509
352.47,299.58,0,2,0,39,0,0,0,UPI,INR,0,TXN_102651,CUS_2994
51.2,54.38,0,6,0,361,0,0,0,CARD,INR,0,TXN_113229,CUS_5013
139.84,158.15,1,3,0,216,0,0,0,UPI,INR,0,TXN_100003,CUS_2337
212.99,210.51,0,0,0,186,0,0,0,CARD,USD,0,TXN_112288,CUS_4033
505.41,633.09,0,1,0,122,0,0,0,CARD,INR,0,TXN_105696,CUS_1525
227.94,163.25,0,3,0,165,0,0,0,CARD,USD,0,TXN_108596,CUS_1515
315.32,260.33,1,2,1,301,0,0,0,WALLET,INR,0,TXN_108050,CUS_3702
221.42,238.56,1,5,0,349,0,0,0,CARD,INR,0,TXN_113190,CUS_8416
67.61,145.87,0,1,1,1187,0,0,0,UPI,INR,0,TXN_112537,CUS_7589
471.73,456.54,0,1,1,506,0,0,0,UPI,EUR,0,TXN_105367,CUS_7648
99.89,77.41,0,2,0,367,0,0,0,CARD,INR,0,TXN_114270,CUS_6857
103.84,142.05,1,1,0,68,0,0,0,UPI,EUR,0,TXN_111369,CUS_1439
260.53,51.78,5,7,0,49,0,0,1,CARD,USD,1,TXN_102178,CUS_2814
53.29,73.19,1,4,0,32,0,0,0,WALLET,INR,0,TXN_101020,CUS_5592
405.18,287.89,1,5,0,253,0,0,0,UPI,USD,0,TXN_101384,CUS_7047
34.49,70.1,0,1,0,271,1,0,0,CARD,INR,0,TXN_111292,CUS_6947
44.77,67.19,0,5,0,334,0,0,0,UPI,EUR,0,TXN_107882,CUS_3351
33.09,44.95,0,2,0,57,0,0,0,CARD,INR,0,TXN_112246,CUS_1369
78.81,55.4,1,4,0,60,1,0,0,CARD,INR,0,TXN_101817,CUS_6515
273.05,190.8,0,2,0,223,0,0,0,NET_BANKING,INR,0,TXN_104278,CUS_9057
117.26,102.0,1,2,0,83,0,0,0,NET_BANKING,USD,0,TXN_112321,CUS_2685
53.23,52.86,0,2,0,196,0,0,0,NET_BANKING,INR,0,TXN_100618,CUS_9705
308.41,283.85,1,4,0,312,0,0,0,NET_BANKING,USD,0,TXN_108970,CUS_6131
87.17,75.54,0,3,0,100,0,0,0,NET_BANKING,INR,0,TXN_101333,CUS_1567
282.55,354.6,0,3,1,121,0,1,0,CARD,INR,0,TXN_113948,CUS_4117
146.39,113.99,0,1,0,88,0,0,0,CARD,INR,0,TXN_107834,CUS_8392
16.44,31.55,1,3,0,722,0,0,0,UPI,USD,0,TXN_111465,CUS_6715
94.55,168.62,0,2,1,130,0,0,0,UPI,USD,0,TXN_102893,CUS_5822
67.89,43.1,0,2,0,193,0,0,0,WALLET,INR,0,TXN_103308,CUS_5970
16.79,45.37,0,1,0,314,1,0,0,CARD,USD,0,TXN_102266,CUS_2274
55.11,60.54,0,4,0,144,0,0,0,NET_BANKING,INR,0,TXN_105668,CUS_8074
120.28,190.14,0,1,0,69,0,0,0,CARD,USD,0,TXN_100580,CUS_8790
257.19,222.93,1,2,0,229,0,0,0,CARD,INR,0,TXN_110415,CUS_7837
30.74,91.83,0,2,0,567,0,0,0,CARD,INR,0,TXN_109064,CUS_3130
125.89,116.65,2,8,0,389,0,0,0,NET_BANKING,EUR,0,TXN_104374,CUS_7619
260.56,214.46,0,3,0,458,0,0,0,WALLET,INR,0,TXN_101330,CUS_5448
50.94,56.95,0,2,0,120,0,0,0,CARD,INR,0,TXN_108148,CUS_3780
239.6,182.09,0,3,0,118,1,0,0,CARD,INR,0,TXN_102954,CUS_2232
156.05,123.06,3,5,0,336,0,1,0,UPI,INR,0,TXN_109642,CUS_1357
75.48,46.61,1,2,1,117,0,1,0,UPI,INR,0,TXN_111180,CUS_9301
36.16,105.1,0,2,0,267,0,0,0,CARD,INR,0,TXN_114677,CUS_7922
137.99,123.03,0,4,0,115,0,0,0,CARD,INR,0,TXN_114030,CUS_4234
59.75,55.24,1,2,0,371,0,0,0,UPI,INR,0,TXN_110331,CUS_2270
50.04,30.59,0,4,0,293,0,0,0,CARD,INR,0,TXN_111916,CUS_8378
123.63,134.0,0,1,0,467,0,0,0,UPI,INR,0,TXN_104070,CUS_8539
109.78,106.05,1,3,0,59,0,0,0,CARD,INR,0,TXN_109821,CUS_8238
171.5,109.49,0,3,1,177,0,0,0,CARD,USD,0,TXN_106703,CUS_5695
58.58,49.9,0,3,0,1186,0,0,0,CARD,INR,0,TXN_114201,CUS_7162
82.17,71.88,0,4,0,323,0,0,0,CARD,EUR,0,TXN_101051,CUS_3335
81.9,151.3,0,1,0,162,0,0,0,UPI,USD,0,TXN_104066,CUS_3879
259.51,239.69,0,3,0,164,0,0,0,CARD,INR,0,TXN_108272,CUS_5828
63.49,88.94,0,3,0,72,0,0,0,UPI,EUR,0,TXN_101768,CUS_2012
59.26,55.5,0,2,0,183,0,0,0,UPI,INR,0,TXN_111802,CUS_5644
51.84,61.04,0,3,0,345,0,0,0,UPI,INR,0,TXN_107324,CUS_8916
225.14,257.46,1,1,0,494,0,0,0,UPI,USD,0,TXN_111971,CUS_3665
98.36,62.78,1,2,1,926,0,0,0,CARD,EUR,0,TXN_112695,CUS_8728
32.39,25.35,1,2,0,582,0,1,0,NET_BANKING,INR,0,TXN_112081,CUS_7466
86.03,66.36,1,2,0,89,0,0,0,UPI,INR,0,TXN_114566,CUS_4565
89.44,131.64,1,3,0,69,0,0,0,UPI,INR,0,TXN_107408,CUS_5446
269.8,399.82,1,4,0,632,0,0,0,UPI,INR,0,TXN_107848,CUS_6290
103.11,93.84,2,2,0,216,0,0,0,CARD,USD,0,TXN_111379,CUS_7701
531.03,63.37,5,9,7,61,0,1,1,UPI,USD,1,TXN_106129,CUS_8803
47.77,77.77,1,6,1,371,1,0,0,UPI,INR,0,TXN_102555,CUS_8972
150.9,113.87,1,1,0,151,0,0,0,CARD,INR,0,TXN_103178,CUS_9777
49.14,45.91,0,1,1,84,0,0,0,CARD,USD,0,TXN_108315,CUS_8603
154.66,188.12,1,3,0,40,0,0,0,CARD,USD,0,TXN_110855,CUS_4196
161.83,94.21,1,1,0,78,0,0,0,WALLET,EUR,0,TXN_110548,CUS_2662
111.73,214.95,0,5,0,37,0,0,0,CARD,INR,0,TXN_104034,CUS_4182
247.97,222.02,1,1,0,90,0,0,0,CARD,USD,0,TXN_102860,CUS_3403
189.79,168.56,1,2,0,155,0,1,0,UPI,INR,0,TXN_100169,CUS_2670
83.83,73.38,0,2,0,1215,0,0,0,UPI,INR,0,TXN_112993,CUS_4249
29.01,40.87,1,2,0,327,0,0,0,CARD,INR,0,TXN_108504,CUS_3347
590.92,95.74,5,7,1,2,0,1,0,CARD,EUR,1,TXN_101365,CUS_1960
163.51,235.24,0,2,0,291,0,0,0,UPI,INR,0,TXN_101564,CUS_9778
7.15,101.93,0,0,0,203,0,0,0,CARD,INR,0,TXN_101028,CUS_3299
115.08,179.13,3,9,1,590,0,0,0,WALLET,INR,0,TXN_103232,CUS_7874
141.79,143.48,0,2,0,48,0,0,0,UPI,INR,0,TXN_100052,CUS_8646
102.47,96.17,1,8,2,35,0,0,0,CARD,INR,0,TXN_107045,CUS_5529
122.24,97.31,0,1,0,184,0,0,0,UPI,INR,0,TXN_104159,CUS_9425
196.16,140.8,0,0,0,328,0,1,0,CARD,EUR,0,TXN_101513,CUS_5412
99.33,102.24,0,2,0,91,0,0,0,NET_BANKING,USD,0,TXN_108997,CUS_2540
64.18,93.0,1,4,0,130,0,0,0,WALLET,INR,0,TXN_112808,CUS_1398
38.3,99.44,0,2,0,203,0,0,0,UPI,INR,0,TXN_114630,CUS_8425
93.31,111.56,0,1,0,51,0,0,0,UPI,INR,0,TXN_101809,CUS_7875
42.06,112.46,0,3,0,143,0,0,0,CARD,INR,0,TXN_109299,CUS_4488
49.1,71.29,0,4,0,1058,0,0,0,UPI,INR,0,TXN_100822,CUS_7548
150.95,155.77,0,1,0,288,0,1,0,UPI,INR,0,TXN_107119,CUS_9232
181.83,192.58,0,4,0,257,1,0,0,CARD,INR,0,TXN_101974,CUS_1414
27.23,35.09,0,3,0,306,0,0,0,CARD,EUR,0,TXN_105421,CUS_9718
31.24,54.32,0,0,0,430,0,0,0,CARD,INR,0,TXN_105858,CUS_3453
594.34,784.53,0,0,0,46,0,0,0,CARD,EUR,0,TXN_113717,CUS_5872
756.84,595.37,1,2,0,89,0,0,0,UPI,USD,0,TXN_100142,CUS_2378
110.24,80.45,0,1,0,71,0,0,0,CARD,USD,0,TXN_108147,CUS_6849
5.0,110.59,0,0,0,554,0,1,0,CARD,INR,0,TXN_104299,CUS_7400
61.24,46.3,0,2,0,642,0,1,0,CARD,USD,0,TXN_101294,CUS_8988
81.06,88.36,0,4,1,320,0,0,0,NET_BANKING,INR,0,TXN_112544,CUS_5276
532.66,354.62,1,1,0,433,0,1,0,UPI,INR,0,TXN_112845,CUS_8589
224.61,19.38,4,4,1,159,0,1,1,CARD,EUR,1,TXN_103429,CUS_8403
57.42,98.61,0,0,0,51,1,0,0,CARD,INR,0,TXN_104607,CUS_7719
294.08,213.81,1,3,0,370,0,0,0,CARD,USD,0,TXN_107839,CUS_6805
109.05,227.95,0,2,0,144,0,0,0,CARD,INR,0,TXN_114724,CUS_7360
209.22,300.7,0,2,0,245,0,1,0,CARD,INR,0,TXN_112720,CUS_5910
225.15,247.91,1,8,0,105,0,0,0,UPI,INR,0,TXN_100500,CUS_5945
156.91,147.28,0,0,0,484,0,0,0,WALLET,USD,0,TXN_102154,CUS_2786
144.82,148.13,1,2,0,420,0,0,0,UPI,EUR,0,TXN_113517,CUS_1848
291.57,279.55,0,3,0,450,0,0,0,CARD,EUR,0,TXN_114165,CUS_1026
54.03,41.26,0,1,0,316,1,0,0,CARD,INR,0,TXN_102032,CUS_2860
137.31,93.99,0,2,1,192,0,0,0,NET_BANKING,USD,0,TXN_109361,CUS_8892
50.44,59.89,0,0,0,35,0,0,0,UPI,INR,0,TXN_100685,CUS_2216
77.6,95.08,0,0,0,256,0,0,0,CARD,INR,0,TXN_112671,CUS_7736
97.29,96.18,0,1,0,502,0,0,0,UPI,INR,0,TXN_111040,CUS_5590
27.28,27.91,0,0,0,806,1,0,0,UPI,INR,0,TXN_110563,CUS_1235
31.3,24.94,0,5,0,173,0,0,0,WALLET,USD,0,TXN_103440,CUS_4906
31.12,71.61,0,3,0,393,0,0,0,CARD,USD,0,TXN_110144,CUS_8278
79.89,53.78,0,2,0,65,0,0,0,CARD,INR,0,TXN_110113,CUS_7694
90.56,66.43,1,3,0,270,0,0,0,UPI,INR,0,TXN_114625,CUS_6724
409.72,349.37,0,3,0,327,0,0,0,UPI,INR,0,TXN_113257,CUS_1971
118.25,93.7,1,4,0,244,0,0,0,CARD,INR,0,TXN_113279,CUS_9563
48.45,44.08,0,3,0,34,0,0,0,CARD,USD,0,TXN_109902,CUS_9185
256.61,216.96,0,0,0,212,0,0,0,WALLET,INR,0,TXN_106194,CUS_1653
87.05,77.55,0,2,0,52,0,0,0,CARD,EUR,0,TXN_106986,CUS_4021
27.91,41.01,0,3,0,142,0,0,0,CARD,USD,0,TXN_107274,CUS_4552
43.87,168.58,1,4,0,194,0,0,0,CARD,INR,0,TXN_114541,CUS_9264
63.7,131.58,2,4,0,287,0,0,0,CARD,USD,0,TXN_101868,CUS_6390
203.08,163.7,0,2,0,270,0,0,0,UPI,INR,0,TXN_101522,CUS_4289
33.11,62.4,0,3,0,170,0,0,0,CARD,USD,0,TXN_102965,CUS_8324
105.85,142.39,1,1,0,239,0,0,0,CARD,INR,0,TXN_114095,CUS_2986
122.33,115.47,0,1,0,317,0,1,0,UPI,EUR,0,TXN_109481,CUS_9628
264.54,175.78,0,2,0,85,0,1,0,UPI,INR,0,TXN_100834,CUS_3670
119.62,168.0,1,3,0,92,0,1,0,WALLET,INR,0,TXN_101312,CUS_2454
247.19,396.34,1,1,0,514,0,0,0,CARD,INR,0,TXN_105540,CUS_1029
54.93,55.76,1,2,0,107,0,0,0,CARD,INR,0,TXN_107867,CUS_7244
243.15,226.15,0,1,0,31,0,0,0,CARD,USD,0,TXN_110618,CUS_7230
152.35,134.5,0,6,0,558,0,0,0,UPI,INR,0,TXN_107590,CUS_5220
72.92,67.44,0,2,0,435,0,1,0,UPI,USD,0,TXN_111105,CUS_3040
89.21,72.17,1,5,0,123,1,1,0,CARD,USD,0,TXN_100323,CUS_1832
189.31,114.09,1,2,0,381,0,0,0,CARD,EUR,0,TXN_107353,CUS_1426
57.4,55.05,0,1,0,47,0,0,0,CARD,INR,0,TXN_105528,CUS_6012
20.24,14.84,0,0,0,264,0,1,0,CARD,USD,0,TXN_112566,CUS_8209
268.13,184.21,0,2,0,296,0,0,0,WALLET,EUR,0,TXN_106584,CUS_6073
119.21,90.26,1,3,0,54,0,0,0,CARD,INR,0,TXN_113315,CUS_8834
85.4,103.17,2,6,1,823,0,0,0,CARD,INR,0,TXN_113927,CUS_7864
119.61,134.49,0,4,0,298,1,0,0,CARD,INR,0,TXN_103670,CUS_2471
95.02,89.09,1,2,0,283,0,0,0,CARD,INR,0,TXN_100471,CUS_3820
99.58,265.86,0,2,0,737,0,1,0,CARD,INR,0,TXN_101529,CUS_9128
70.37,73.59,0,4,0,268,0,0,0,UPI,USD,0,TXN_100354,CUS_3311
130.66,116.83,0,3,0,158,0,0,0,CARD,INR,0,TXN_114466,CUS_4315
179.62,234.45,0,3,0,177,0,0,0,WALLET,INR,0,TXN_109894,CUS_6253
116.23,103.22,1,1,0,339,0,1,0,NET_BANKING,INR,0,TXN_101807,CUS_5086
171.73,204.11,0,1,0,189,0,1,0,CARD,INR,0,TXN_105813,CUS_3673
35.49,47.43,0,3,0,44,0,1,0,WALLET,INR,0,TXN_112971,CUS_9030
60.68,46.46,1,4,0,66,0,0,0,UPI,INR,0,TXN_113320,CUS_8583
117.52,99.82,0,3,0,84,0,0,0,UPI,INR,0,TXN_104843,CUS_3341
50.66,56.26,0,2,0,155,0,0,0,CARD,INR,0,TXN_114023,CUS_2680
29.91,36.96,0,4,0,711,0,1,0,UPI,USD,0,TXN_113085,CUS_7909
60.91,113.4,0,5,0,391,0,0,0,CARD,INR,0,TXN_113845,CUS_1443
49.46,36.2,0,2,0,55,0,0,0,UPI,INR,0,TXN_113967,CUS_5713
79.56,77.21,0,1,0,503,0,0,0,NET_BANKING,INR,0,TXN_102624,CUS_3020
549.47,651.08,0,1,0,113,0,0,0,CARD,INR,0,TXN_110227,CUS_7144
454.46,336.38,2,5,0,133,0,0,0,CARD,EUR,0,TXN_111048,CUS_7566
127.27,104.11,0,3,1,124,0,0,0,UPI,INR,0,TXN_114279,CUS_5935
111.2,94.96,0,3,0,418,0,0,0,UPI,INR,0,TXN_107737,CUS_5412
56.54,58.61,1,2,0,99,0,0,0,NET_BANKING,EUR,0,TXN_114902,CUS_2327
79.29,82.03,0,1,0,72,0,0,0,CARD,INR,0,TXN_110189,CUS_7948
67.23,50.8,0,5,0,289,0,0,0,UPI,INR,0,TXN_109484,CUS_8497
289.83,271.69,1,4,0,591,0,0,0,CARD,USD,0,TXN_105547,CUS_2469
5.0,227.65,0,0,0,222,0,0,0,CARD,USD,0,TXN_113893,CUS_9823
58.35,119.16,1,2,0,166,0,1,0,NET_BANKING,USD,0,TXN_113018,CUS_3818
325.87,262.03,0,4,0,477,0,0,0,UPI,INR,0,TXN_106271,CUS_6680
10.05,23.89,1,3,0,105,0,0,0,UPI,USD,0,TXN_107506,CUS_6289
224.68,166.03,0,1,0,166,0,0,0,UPI,INR,0,TXN_105207,CUS_3864
111.36,75.75,0,1,0,298,0,0,0,CARD,INR,0,TXN_111223,CUS_7949
81.79,87.67,0,1,0,117,0,0,0,CARD,EUR,0,TXN_102301,CUS_2695
15.69,27.52,0,1,0,376,0,0,0,CARD,INR,0,TXN_108116,CUS_6495
89.28,99.54,0,3,0,49,0,0,0,NET_BANKING,INR,0,TXN_101713,CUS_8010
67.65,200.33,1,4,1,52,0,0,0,CARD,INR,0,TXN_107081,CUS_2331
40.07,27.54,0,2,0,303,0,0,0,UPI,INR,0,TXN_101106,CUS_5759
319.61,433.58,0,3,0,366,0,1,0,CARD,INR,0,TXN_101507,CUS_3923
70.77,64.49,1,5,0,123,0,0,0,CARD,USD,0,TXN_104202,CUS_5139
86.55,83.01,1,3,0,81,0,0,0,CARD,USD,0,TXN_110554,CUS_6599
353.64,254.66,1,2,0,170,0,1,0,CARD,INR,0,TXN_103651,CUS_3097
366.2,378.97,1,3,0,44,0,0,0,CARD,INR,0,TXN_105218,CUS_1460
123.91,147.6,0,2,0,106,0,0,0,UPI,INR,0,TXN_102366,CUS_7276
166.48,179.65,1,4,0,157,0,0,0,CARD,INR,0,TXN_103661,CUS_7479
68.0,53.96,0,1,0,77,0,0,0,UPI,INR,0,TXN_103896,CUS_2859
34.26,42.74,0,1,0,65,0,0,0,CARD,EUR,0,TXN_109382,CUS_3039
103.78,71.89,0,2,0,313,0,0,0,UPI,INR,0,TXN_112614,CUS_5225
52.05,48.23,0,1,0,1008,0,0,0,CARD,EUR,0,TXN_111689,CUS_4742
63.84,72.35,0,2,0,408,0,1,0,CARD,USD,0,TXN_112123,CUS_8447
36.84,42.51,0,4,1,40,0,0,0,NET_BANKING,INR,0,TXN_106576,CUS_6937
420.56,352.75,0,3,0,50,0,0,0,UPI,EUR,0,TXN_101358,CUS_7763
136.69,149.93,0,3,0,58,0,0,0,CARD,EUR,0,TXN_111419,CUS_1260
135.85,126.14,0,0,0,221,0,0,0,UPI,INR,0,TXN_105997,CUS_8804
273.26,336.98,0,3,0,208,0,0,0,CARD,INR,0,TXN_110705,CUS_5141
79.44,47.12,0,4,0,172,0,0,0,CARD,EUR,0,TXN_111671,CUS_4513
190.08,122.05,1,4,0,189,0,0,0,UPI,INR,0,TXN_114476,CUS_5709
49.15,54.71,1,1,0,942,0,0,0,UPI,INR,0,TXN_101849,CUS_6439
63.06,101.82,0,3,0,1382,0,0,0,CARD,INR,0,TXN_111692,CUS_2389
412.63,279.42,1,3,0,200,0,0,0,CARD,INR,0,TXN_110312,CUS_6329
31.69,32.53,1,3,0,180,0,1,0,CARD,INR,0,TXN_108083,CUS_5589
86.54,70.27,0,0,0,231,0,0,0,CARD,USD,0,TXN_104364,CUS_8788
87.14,79.1,0,2,0,33,1,0,0,UPI,INR,0,TXN_100970,CUS_3558
203.73,180.52,0,4,0,134,0,0,0,UPI,USD,0,TXN_101065,CUS_1172
15.65,44.03,0,3,0,207,0,0,0,CARD,EUR,0,TXN_107108,CUS_1507
85.8,60.51,0,0,0,685,0,0,0,UPI,USD,0,TXN_101728,CUS_5870
110.33,89.46,0,5,0,124,0,0,0,CARD,EUR,0,TXN_108238,CUS_4581
120.91,156.69,1,5,1,214,0,0,0,UPI,EUR,0,TXN_108566,CUS_2080
58.87,37.07,0,4,0,48,1,0,0,CARD,USD,0,TXN_106591,CUS_8429
193.97,207.88,0,1,1,182,0,0,0,WALLET,INR,0,TXN_112327,CUS_6895
526.01,361.33,0,0,0,214,1,0,0,NET_BANKING,USD,0,TXN_100260,CUS_8336
151.02,121.28,1,3,1,208,0,0,0,UPI,USD,0,TXN_110832,CUS_7961
28.9,60.59,0,2,0,99,1,0,0,UPI,INR,0,TXN_108853,CUS_4096
71.24,102.22,0,2,0,170,0,0,0,UPI,USD,0,TXN_110098,CUS_7944
80.99,57.55,0,2,0,268,0,0,0,WALLET,USD,0,TXN_111436,CUS_4844
174.64,150.8,0,1,0,322,0,1,0,CARD,INR,0,TXN_114633,CUS_5140
34.9,44.39,1,1,0,319,0,0,0,UPI,INR,0,TXN_114148,CUS_1636
187.49,113.17,0,3,0,104,0,0,0,CARD,USD,0,TXN_100745,CUS_9449
61.71,82.29,0,1,0,205,0,0,0,UPI,INR,0,TXN_110318,CUS_6417
70.56,46.69,0,0,0,742,0,0,0,CARD,INR,0,TXN_102102,CUS_7352
55.19,57.71,0,2,0,104,0,0,0,WALLET,INR,0,TXN_107367,CUS_3004
38.34,73.64,0,2,0,221,0,1,0,CARD,INR,0,TXN_109336,CUS_6048
57.17,44.98,1,3,0,433,0,0,0,UPI,USD,0,TXN_106777,CUS_8265
361.23,61.18,5,8,1,76,1,1,1,CARD,INR,1,TXN_113136,CUS_4387
253.24,174.12,0,2,1,314,0,0,0,CARD,INR,0,TXN_111486,CUS_6319
28.5,41.59,1,3,0,307,0,0,0,UPI,USD,0,TXN_101292,CUS_2717
37.46,31.59,0,2,0,136,0,0,0,WALLET,USD,0,TXN_111119,CUS_4420
131.74,126.99,0,2,0,142,0,0,0,NET_BANKING,INR,0,TXN_111874,CUS_3206
121.92,110.61,0,5,1,181,0,0,0,UPI,USD,0,TXN_100604,CUS_4758
63.84,99.22,0,4,0,147,0,0,0,UPI,USD,0,TXN_104292,CUS_5088
88.84,70.47,0,2,0,292,0,0,0,WALLET,INR,0,TXN_102635,CUS_1369
113.93,119.27,0,3,0,64,0,1,0,UPI,USD,0,TXN_109141,CUS_7640
35.31,43.26,0,4,0,70,0,1,0,CARD,USD,0,TXN_114236,CUS_7792
191.62,159.86,2,5,1,71,0,0,0,CARD,USD,0,TXN_110156,CUS_7972
46.71,38.97,0,3,0,115,0,0,0,CARD,INR,0,TXN_104422,CUS_3237
59.42,86.28,0,2,0,91,0,0,0,NET_BANKING,INR,0,TXN_102607,CUS_6698
46.34,65.19,0,0,0,112,0,0,0,CARD,INR,0,TXN_104800,CUS_3849
142.72,99.92,0,3,2,31,0,0,0,UPI,USD,0,TXN_112514,CUS_8135
40.61,84.28,0,1,0,512,0,0,0,WALLET,USD,0,TXN_111264,CUS_1721
101.13,163.03,0,5,0,69,0,0,0,CARD,INR,0,TXN_110448,CUS_7104
67.19,56.96,1,5,0,563,0,1,0,NET_BANKING,INR,0,TXN_108105,CUS_9257
90.34,59.17,0,4,0,30,0,0,0,WALLET,INR,0,TXN_105784,CUS_2064
57.93,42.68,0,1,0,459,0,0,0,UPI,INR,0,TXN_106573,CUS_8545
254.94,195.49,0,4,0,53,0,0,0,CARD,USD,0,TXN_111303,CUS_2842
117.07,82.03,2,4,0,322,0,0,0,CARD,INR,0,TXN_106651,CUS_4618
127.18,164.19,0,3,1,197,0,0,0,NET_BANKING,INR,0,TXN_103108,CUS_7877
69.84,46.16,0,1,0,686,0,0,0,UPI,INR,0,TXN_108943,CUS_7545
112.29,99.79,0,1,0,518,1,0,0,CARD,USD,0,TXN_103458,CUS_9843
114.9,160.94,0,1,1,455,0,0,0,CARD,USD,0,TXN_105986,CUS_4158
104.2,85.66,0,3,0,124,0,0,0,UPI,EUR,0,TXN_110689,CUS_8036
70.46,71.5,1,2,0,129,0,0,0,UPI,INR,0,TXN_112245,CUS_4541
91.09,51.9,0,1,0,219,1,0,0,CARD,INR,0,TXN_103448,CUS_7154
40.72,40.83,0,4,0,400,0,0,0,CARD,USD,0,TXN_108728,CUS_2585
112.13,79.3,0,2,0,116,0,0,0,WALLET,INR,0,TXN_114746,CUS_7845
42.71,54.38,0,2,0,89,0,0,0,UPI,INR,0,TXN_104063,CUS_3785
72.88,77.5,0,3,0,271,0,0,0,UPI,INR,0,TXN_107589,CUS_9202
58.27,59.28,0,1,0,223,0,0,0,UPI,USD,0,TXN_103938,CUS_8475
72.77,92.41,0,2,0,327,0,0,0,NET_BANKING,USD,0,TXN_109867,CUS_5329
87.14,66.88,0,1,0,127,0,0,0,NET_BANKING,USD,0,TXN_104766,CUS_5012
59.15,73.25,0,4,0,365,0,0,0,CARD,INR,0,TXN_109007,CUS_2662
295.58,253.37,0,3,0,580,0,1,0,CARD,USD,0,TXN_113551,CUS_1485
143.31,109.89,0,2,0,961,0,0,0,UPI,INR,0,TXN_108480,CUS_8000
41.13,54.8,1,1,0,210,0,1,0,NET_BANKING,USD,0,TXN_106854,CUS_6560
52.96,58.81,0,3,0,358,0,0,0,CARD,INR,0,TXN_104738,CUS_3689
249.56,201.49,1,3,0,163,0,1,0,CARD,INR,0,TXN_104332,CUS_1306
92.24,112.42,0,2,0,287,1,0,0,NET_BANKING,EUR,0,TXN_103376,CUS_8125
98.61,85.27,1,5,0,189,0,0,0,CARD,USD,0,TXN_100621,CUS_7220
504.53,277.26,0,3,1,44,0,0,0,WALLET,INR,0,TXN_112071,CUS_4164
133.47,94.56,0,2,0,286,0,0,0,CARD,INR,0,TXN_113935,CUS_3460
28.62,39.03,1,3,0,227,0,1,0,NET_BANKING,INR,0,TXN_107984,CUS_7798
167.94,115.03,0,1,0,1165,0,0,0,CARD,USD,0,TXN_107977,CUS_6840
178.49,167.34,0,0,0,39,0,0,0,CARD,USD,0,TXN_113725,CUS_6150
226.91,157.93,0,1,0,84,0,0,0,CARD,USD,0,TXN_108163,CUS_3836
35.35,46.54,2,4,0,164,0,0,0,UPI,INR,0,TXN_107335,CUS_2044
158.48,146.8,0,2,0,200,0,1,0,CARD,USD,0,TXN_109786,CUS_6127
171.76,163.98,0,2,0,40,0,0,0,CARD,INR,0,TXN_104903,CUS_1971
118.87,96.78,0,1,0,325,0,1,0,UPI,INR,0,TXN_108274,CUS_9816
123.79,170.16,1,3,0,282,0,0,0,CARD,USD,0,TXN_101437,CUS_4827
112.9,75.76,0,2,0,100,0,1,0,UPI,INR,0,TXN_107419,CUS_6019
150.94,98.21,0,4,0,591,0,0,0,CARD,USD,0,TXN_101673,CUS_4842
60.11,57.77,1,4,0,101,0,0,0,CARD,INR,0,TXN_112868,CUS_9299
81.58,103.48,1,5,0,63,1,0,0,WALLET,USD,0,TXN_106075,CUS_4484
227.36,143.49,0,0,0,224,0,0,0,UPI,INR,0,TXN_112065,CUS_7337
37.42,39.51,0,3,0,491,0,0,0,CARD,USD,0,TXN_109285,CUS_4951
147.13,250.42,0,3,0,77,0,0,0,CARD,INR,0,TXN_108015,CUS_1873
229.8,289.16,1,2,0,359,0,0,0,CARD,INR,0,TXN_109777,CUS_9495
18.45,37.33,2,2,0,363,0,0,0,UPI,INR,0,TXN_104108,CUS_5759
146.81,367.96,0,0,0,65,0,0,0,CARD,INR,0,TXN_106218,CUS_2938
34.34,38.34,0,3,0,158,0,0,0,CARD,USD,0,TXN_101786,CUS_1641
127.28,112.07,0,2,0,562,0,0,0,WALLET,INR,0,TXN_101510,CUS_1858
8.75,29.65,0,0,0,122,0,0,0,UPI,INR,0,TXN_106069,CUS_9354
32.22,52.16,1,3,0,513,0,0,0,UPI,INR,0,TXN_110692,CUS_3267
483.96,332.84,1,3,0,112,0,0,0,WALLET,INR,0,TXN_112247,CUS_7621
27.1,91.02,1,4,0,214,0,1,0,CARD,USD,0,TXN_108346,CUS_8341
69.87,103.26,1,6,0,115,0,0,0,UPI,INR,0,TXN_105431,CUS_9048
10.26,45.24,1,3,0,39,0,0,0,NET_BANKING,INR,0,TXN_108273,CUS_5406
24.84,23.67,0,3,0,345,0,0,0,NET_BANKING,INR,0,TXN_114447,CUS_6771
208.32,213.8,0,2,0,242,0,0,0,WALLET,INR,0,TXN_114855,CUS_2269
36.04,67.34,0,2,0,470,0,0,0,NET_BANKING,USD,0,TXN_108629,CUS_5481
330.12,240.63,0,3,0,398,1,0,0,UPI,INR,0,TXN_113594,CUS_9506
30.53,36.45,1,5,0,726,0,1,0,CARD,EUR,0,TXN_109938,CUS_8808
54.21,47.91,0,1,0,339,0,0,0,CARD,INR,0,TXN_100295,CUS_3606
164.88,197.25,0,3,0,38,0,0,0,CARD,INR,0,TXN_103480,CUS_4047
139.28,278.24,0,3,0,718,0,0,0,UPI,INR,0,TXN_102513,CUS_2300
45.86,102.46,0,0,0,314,1,0,0,UPI,USD,0,TXN_109212,CUS_4197
86.66,99.5,0,2,0,118,1,0,0,UPI,INR,0,TXN_103252,CUS_1687
97.66,88.75,1,2,0,101,0,0,0,CARD,INR,0,TXN_109532,CUS_6766
114.37,79.26,1,3,0,57,0,0,0,CARD,USD,0,TXN_104042,CUS_6550
147.92,254.2,0,2,0,1035,0,0,1,UPI,INR,0,TXN_104966,CUS_3798
128.26,160.85,0,1,0,157,0,0,0,CARD,EUR,0,TXN_109700,CUS_1594
11.8,19.22,2,2,0,50,0,0,0,UPI,USD,0,TXN_107236,CUS_8477
213.69,199.24,1,5,0,564,0,0,0,UPI,USD,0,TXN_100407,CUS_7728
90.07,102.29,1,2,0,543,0,1,0,CARD,USD,0,TXN_112900,CUS_8039
43.84,73.24,1,4,1,50,0,0,0,UPI,EUR,0,TXN_107576,CUS_6511
27.74,157.35,0,1,0,73,0,0,0,UPI,USD,0,TXN_100723,CUS_6970
291.21,616.48,1,2,0,225,1,1,0,UPI,USD,0,TXN_112819,CUS_3221
430.03,394.41,0,0,0,169,0,0,0,NET_BANKING,INR,0,TXN_106270,CUS_3533
69.93,41.78,0,0,0,109,0,0,0,CARD,INR,0,TXN_110960,CUS_2042
6.01,106.71,2,8,2,81,0,1,1,CARD,USD,1,TXN_112178,CUS_8354
35.2,44.98,0,2,0,65,0,0,0,NET_BANKING,INR,0,TXN_112156,CUS_5162
79.85,90.66,0,1,0,1264,0,0,0,CARD,USD,0,TXN_103888,CUS_1465
53.76,74.08,1,2,0,113,0,0,0,CARD,INR,0,TXN_102380,CUS_4821
203.32,141.44,1,3,0,75,0,0,0,CARD,INR,0,TXN_110320,CUS_1392
51.77,51.27,0,1,1,92,0,0,0,CARD,INR,0,TXN_109508,CUS_9596
986.53,884.87,0,1,0,698,0,1,0,WALLET,EUR,0,TXN_111298,CUS_3380
29.92,41.81,0,2,0,368,1,0,0,WALLET,INR,0,TXN_104156,CUS_9159
639.43,723.24,0,5,1,228,0,0,0,NET_BANKING,INR,0,TXN_105386,CUS_4703
169.43,151.54,1,4,0,104,0,0,0,UPI,INR,0,TXN_109397,CUS_7221
90.84,77.15,0,1,0,708,0,0,0,CARD,USD,0,TXN_100864,CUS_7732
28.73,39.54,1,2,0,70,0,0,0,WALLET,INR,0,TXN_109542,CUS_7764
27.62,37.33,0,1,0,129,0,0,0,WALLET,INR,0,TXN_111896,CUS_3676
237.9,246.42,0,4,0,91,0,0,0,NET_BANKING,INR,0,TXN_108232,CUS_4247
67.87,108.85,0,3,0,164,0,0,0,UPI,INR,0,TXN_109239,CUS_2396
326.17,291.21,0,1,0,216,0,0,0,WALLET,USD,0,TXN_103924,CUS_3387
54.66,35.25,0,1,0,141,0,1,0,CARD,INR,0,TXN_105082,CUS_3272
42.52,59.69,0,1,0,126,0,0,0,UPI,EUR,0,TXN_109175,CUS_3662
268.87,317.02,0,0,0,483,0,0,0,UPI,USD,0,TXN_107595,CUS_1114
67.23,87.18,0,4,0,155,0,0,0,UPI,INR,0,TXN_108288,CUS_1732
330.85,312.57,0,3,0,72,0,0,0,CARD,USD,0,TXN_110711,CUS_7139
200.23,175.11,1,3,0,567,0,0,0,CARD,USD,0,TXN_113957,CUS_7014
30.78,41.36,0,0,0,105,0,0,0,UPI,USD,0,TXN_113652,CUS_9455
141.77,135.73,1,3,0,829,0,0,0,NET_BANKING,USD,0,TXN_113179,CUS_7639
67.68,60.61,0,1,0,137,0,0,0,UPI,INR,0,TXN_112625,CUS_4740
90.51,197.83,0,6,0,333,0,0,0,CARD,INR,0,TXN_108695,CUS_9237
131.45,105.38,1,3,0,98,0,0,0,UPI,INR,0,TXN_113434,CUS_4177
82.51,66.87,0,3,0,196,0,0,0,CARD,USD,0,TXN_103912,CUS_5800
120.77,83.65,0,0,0,95,0,0,0,WALLET,USD,0,TXN_103326,CUS_5454
197.54,345.97,1,4,1,56,0,0,0,CARD,INR,0,TXN_111571,CUS_2891
141.36,156.47,0,2,0,60,0,0,0,CARD,INR,0,TXN_101117,CUS_9298
64.79,42.48,1,5,0,89,0,0,0,CARD,USD,0,TXN_112012,CUS_4461
146.98,139.33,0,0,0,717,0,0,0,CARD,EUR,0,TXN_112396,CUS_7061
73.96,58.53,0,0,0,403,0,0,0,UPI,INR,0,TXN_114825,CUS_6573
85.54,102.84,0,1,0,412,0,1,0,CARD,INR,0,TXN_100966,CUS_6772
256.99,262.08,0,4,0,91,0,0,0,CARD,INR,0,TXN_104755,CUS_5906
43.81,51.79,1,3,0,380,0,0,0,NET_BANKING,USD,0,TXN_109452,CUS_6865
24.06,65.45,1,5,0,669,0,0,0,NET_BANKING,USD,0,TXN_106181,CUS_5199
171.79,110.99,0,3,0,264,0,0,0,CARD,EUR,0,TXN_102291,CUS_9554
80.44,80.74,0,2,0,760,0,0,0,CARD,INR,0,TXN_102402,CUS_6646
70.33,84.67,2,7,0,209,0,0,0,NET_BANKING,USD,0,TXN_109828,CUS_4753
30.68,61.6,1,6,0,333,0,0,0,UPI,USD,0,TXN_104842,CUS_9904
117.93,156.26,0,2,0,32,0,0,0,UPI,USD,0,TXN_101977,CUS_4686
171.26,85.19,0,2,0,1432,0,0,0,CARD,USD,0,TXN_108921,CUS_4977
13.04,71.72,0,2,0,91,0,0,0,CARD,USD,0,TXN_101805,CUS_8845
75.03,122.91,0,1,0,440,0,0,0,CARD,INR,0,TXN_101208,CUS_4900
28.72,92.73,0,1,0,454,0,0,0,CARD,INR,0,TXN_104739,CUS_8574
46.9,126.23,0,1,0,55,0,0,0,UPI,INR,0,TXN_114338,CUS_8791
274.74,282.04,0,1,0,363,0,0,0,CARD,INR,0,TXN_106208,CUS_1960
29.28,101.43,1,1,0,123,0,1,0,UPI,USD,0,TXN_107760,CUS_9495
18.33,62.25,0,2,0,524,0,0,0,CARD,USD,0,TXN_114184,CUS_7118
160.42,136.04,0,2,0,244,0,0,0,UPI,INR,0,TXN_111167,CUS_3313
127.46,94.62,1,2,0,47,0,0,0,CARD,INR,0,TXN_112443,CUS_3651
78.19,68.66,1,1,0,160,0,0,0,NET_BANKING,USD,0,TXN_101467,CUS_3855
74.72,68.15,0,1,0,183,0,0,0,CARD,USD,0,TXN_112979,CUS_6117
44.5,63.13,1,5,0,621,0,0,0,UPI,INR,0,TXN_105184,CUS_6103
6.23,46.27,0,2,0,50,0,0,0,WALLET,USD,0,TXN_106783,CUS_2490
59.04,47.68,0,0,0,531,1,0,0,CARD,EUR,0,TXN_101540,CUS_7054
1867.51,1255.5,1,4,0,428,0,0,0,NET_BANKING,EUR,0,TXN_103164,CUS_6396
578.22,333.65,0,1,0,139,0,0,0,CARD,INR,0,TXN_112571,CUS_9701
85.79,80.44,0,2,0,125,0,0,0,NET_BANKING,USD,0,TXN_103910,CUS_5266
225.35,243.21,1,3,0,152,0,0,0,CARD,EUR,0,TXN_102075,CUS_8091
37.98,55.3,0,1,1,219,0,0,0,NET_BANKING,INR,0,TXN_102854,CUS_5615
74.46,59.19,1,4,0,116,0,1,0,CARD,INR,0,TXN_112214,CUS_8991
45.25,45.51,2,3,0,685,0,0,0,UPI,INR,0,TXN_103258,CUS_8146
193.94,127.64,0,0,0,466,0,0,0,WALLET,EUR,0,TXN_104522,CUS_5051
149.63,130.87,0,4,0,59,0,0,0,CARD,INR,0,TXN_102844,CUS_7636
54.53,57.47,0,4,0,201,0,0,0,UPI,USD,0,TXN_101173,CUS_5998
278.71,260.47,0,0,0,123,0,0,0,NET_BANKING,EUR,0,TXN_106254,CUS_7338
73.28,60.06,1,3,0,319,0,0,0,NET_BANKING,INR,0,TXN_100773,CUS_9408
80.31,52.0,1,2,0,382,0,1,0,UPI,INR,0,TXN_101332,CUS_3377
241.86,337.61,0,0,0,897,0,0,0,CARD,INR,0,TXN_102014,CUS_7872
129.58,77.11,0,2,0,923,0,0,0,NET_BANKING,INR,0,TXN_105677,CUS_5041
35.9,34.97,1,1,0,510,0,1,0,UPI,INR,0,TXN_113448,CUS_2795
342.16,394.42,1,2,0,105,0,0,0,WALLET,USD,0,TXN_113293,CUS_4073
449.93,360.81,1,1,0,33,0,0,0,CARD,USD,0,TXN_108517,CUS_5897
38.67,37.32,0,2,0,325,0,0,0,NET_BANKING,INR,0,TXN_106977,CUS_9814
64.57,65.53,0,4,0,137,0,0,0,UPI,USD,0,TXN_114047,CUS_8963
27.72,23.44,0,5,0,194,1,0,0,CARD,INR,0,TXN_100110,CUS_5941
104.02,101.32,0,3,0,500,0,0,0,CARD,INR,0,TXN_100627,CUS_1096
75.97,113.08,0,5,0,807,0,1,0,CARD,INR,0,TXN_108901,CUS_6910
105.85,177.31,1,4,1,906,0,0,0,CARD,USD,0,TXN_106753,CUS_4059
122.23,139.21,1,2,0,645,0,0,0,CARD,INR,0,TXN_110494,CUS_6676
356.66,346.75,1,4,0,82,0,0,0,CARD,INR,0,TXN_104184,CUS_2285
16.93,42.42,0,2,0,255,0,0,0,CARD,INR,0,TXN_101229,CUS_6582
41.9,87.86,0,1,0,305,0,0,0,UPI,INR,0,TXN_105211,CUS_3655
98.47,88.07,0,4,0,195,0,0,0,CARD,USD,0,TXN_107610,CUS_1361
144.45,116.96,1,3,0,159,0,0,0,CARD,INR,0,TXN_113443,CUS_9129
123.47,331.15,0,3,0,78,0,0,0,NET_BANKING,INR,0,TXN_104213,CUS_8095
297.09,331.42,1,5,0,104,0,0,0,CARD,EUR,0,TXN_110039,CUS_6933
212.27,227.91,1,2,0,129,0,0,0,CARD,USD,0,TXN_102277,CUS_5700
49.5,48.25,0,5,0,288,0,0,0,WALLET,INR,0,TXN_110443,CUS_6262
154.07,116.31,0,0,0,467,0,0,0,CARD,USD,0,TXN_110141,CUS_9731
101.2,119.17,1,4,0,209,0,0,0,UPI,INR,0,TXN_101176,CUS_8863
343.56,348.68,2,5,0,126,0,0,0,CARD,USD,0,TXN_114534,CUS_6097
99.39,97.58,0,0,0,544,0,0,0,WALLET,USD,0,TXN_107005,CUS_5796
181.77,142.93,2,5,0,341,0,0,0,UPI,USD,0,TXN_114814,CUS_2883
7.11,43.86,1,3,0,375,0,0,0,CARD,INR,0,TXN_111844,CUS_5976
83.73,58.39,0,0,0,489,0,0,0,WALLET,INR,0,TXN_105560,CUS_5259
88.12,72.87,1,1,0,52,0,0,0,UPI,INR,0,TXN_111221,CUS_6417
43.62,51.58,0,0,0,951,1,0,0,WALLET,EUR,0,TXN_100205,CUS_8306
131.69,107.26,1,3,1,142,0,1,0,UPI,USD,0,TXN_106463,CUS_9646
342.54,224.96,0,3,0,170,0,0,0,CARD,INR,0,TXN_106610,CUS_6848
136.92,141.93,1,2,0,325,0,0,0,UPI,INR,0,TXN_107476,CUS_7193
120.82,158.49,0,4,0,169,0,0,0,NET_BANKING,INR,0,TXN_102069,CUS_4667
136.28,121.79,0,2,0,102,0,1,0,UPI,USD,0,TXN_106088,CUS_1680
217.71,202.9,0,2,0,299,0,0,0,UPI,INR,0,TXN_113364,CUS_5604
131.89,143.39,0,2,0,46,0,0,0,CARD,INR,0,TXN_108915,CUS_1701
214.41,189.95,1,3,0,113,0,0,0,UPI,EUR,0,TXN_110586,CUS_3315
171.79,136.57,0,1,0,234,0,0,0,CARD,USD,0,TXN_114762,CUS_7914
78.61,70.99,0,2,0,70,0,0,0,CARD,INR,0,TXN_108936,CUS_7698
221.1,137.06,0,7,0,215,0,1,0,UPI,INR,0,TXN_107286,CUS_6294
21.45,45.74,2,2,0,93,0,0,0,CARD,INR,0,TXN_108557,CUS_8940
103.4,88.95,0,2,0,481,0,0,0,WALLET,EUR,0,TXN_111942,CUS_2499
759.77,126.46,5,5,3,70,1,0,1,UPI,INR,1,TXN_107213,CUS_6798
115.34,152.81,2,2,0,313,0,0,0,CARD,INR,0,TXN_109572,CUS_3250
90.06,167.65,0,3,0,299,0,0,0,CARD,INR,0,TXN_108829,CUS_7822
201.17,252.96,1,3,0,156,0,0,0,NET_BANKING,USD,0,TXN_112174,CUS_5793
428.01,271.45,0,2,1,503,0,1,0,CARD,INR,0,TXN_103291,CUS_2476
65.06,79.46,0,1,0,31,0,1,0,UPI,INR,0,TXN_102221,CUS_3638
544.8,407.34,2,4,0,903,0,0,0,CARD,USD,0,TXN_111747,CUS_6310
141.59,156.19,0,1,0,317,1,0,0,CARD,EUR,0,TXN_103868,CUS_2646
112.01,185.96,0,1,0,56,0,0,0,WALLET,INR,0,TXN_102046,CUS_2606
112.09,103.56,0,6,0,150,0,0,0,CARD,INR,0,TXN_102138,CUS_2143
30.85,101.42,1,5,0,36,0,0,0,CARD,INR,0,TXN_107896,CUS_1976
26.41,62.0,0,2,0,163,0,0,0,CARD,USD,0,TXN_102752,CUS_4462
87.91,77.68,1,2,0,84,0,0,0,WALLET,INR,0,TXN_107056,CUS_8576
5.0,193.23,0,2,0,547,1,0,0,CARD,INR,0,TXN_114548,CUS_1179
1.46,32.45,4,9,3,110,1,1,2,UPI,INR,1,TXN_110965,CUS_8025
11.46,37.05,2,6,0,209,0,0,0,UPI,INR,0,TXN_108184,CUS_6057
51.51,54.78,0,0,1,526,0,0,0,CARD,INR,0,TXN_112440,CUS_7341
30.25,24.65,1,4,0,449,0,0,0,CARD,USD,0,TXN_106178,CUS_4271
150.09,122.91,0,1,0,89,0,0,0,CARD,INR,0,TXN_110724,CUS_5968
367.35,276.11,0,1,0,50,0,0,0,CARD,INR,0,TXN_112171,CUS_6716
55.18,94.06,0,1,0,106,0,0,0,CARD,USD,0,TXN_114140,CUS_9312
83.01,63.17,0,3,0,388,0,0,0,UPI,INR,0,TXN_110800,CUS_6276
27.82,71.51,0,2,0,50,0,0,1,CARD,INR,0,TXN_109296,CUS_7357
123.38,96.54,0,4,0,84,0,0,0,CARD,USD,0,TXN_110574,CUS_4273
549.98,126.98,2,13,4,105,0,0,2,CARD,INR,1,TXN_112666,CUS_4882
358.9,356.1,0,2,1,295,0,0,0,CARD,INR,0,TXN_109844,CUS_1462
150.37,120.4,1,2,0,216,0,0,0,NET_BANKING,EUR,0,TXN_112313,CUS_3038
61.18,46.29,1,1,0,48,0,0,0,NET_BANKING,EUR,0,TXN_104473,CUS_4447
369.56,53.41,7,9,0,77,1,1,1,CARD,INR,1,TXN_106219,CUS_1477
56.03,68.0,0,2,0,521,0,0,0,CARD,INR,0,TXN_104479,CUS_1740
45.97,66.07,0,2,0,146,0,0,0,NET_BANKING,INR,0,TXN_102509,CUS_2693
82.6,70.73,0,2,0,83,0,1,0,WALLET,USD,0,TXN_101798,CUS_1631
107.75,155.91,0,5,0,646,0,0,0,CARD,INR,0,TXN_108975,CUS_7400
109.74,91.12,0,1,0,236,0,0,0,UPI,INR,0,TXN_102357,CUS_2694
169.89,133.0,0,0,0,58,0,0,0,UPI,INR,0,TXN_107880,CUS_5779
406.76,107.37,4,11,1,21,1,0,1,CARD,USD,1,TXN_106130,CUS_7115
26.2,38.12,0,3,1,191,1,0,0,UPI,INR,0,TXN_104965,CUS_1014
254.13,174.44,0,6,0,190,0,0,0,CARD,USD,0,TXN_109934,CUS_7816
243.1,336.96,1,3,1,48,0,1,0,CARD,INR,0,TXN_104438,CUS_7495
30.37,56.94,0,5,0,125,0,0,0,UPI,INR,0,TXN_114280,CUS_3608
108.15,133.92,0,4,0,654,0,0,0,NET_BANKING,USD,0,TXN_113985,CUS_6063
29.03,70.61,0,2,0,699,0,1,0,NET_BANKING,INR,0,TXN_113329,CUS_5186
42.06,54.87,0,1,0,165,0,0,0,CARD,INR,0,TXN_102596,CUS_8735
59.17,56.77,0,5,0,237,0,0,0,CARD,INR,0,TXN_101290,CUS_1249
355.47,298.17,1,3,0,1402,1,0,0,UPI,USD,0,TXN_106603,CUS_5350
133.73,109.63,1,2,0,52,1,0,0,WALLET,USD,0,TXN_103263,CUS_2759
104.89,39.89,3,5,6,11,0,0,1,CARD,EUR,1,TXN_110339,CUS_4314
2.14,45.78,4,8,4,83,0,1,3,CARD,INR,1,TXN_106982,CUS_3188
168.64,129.82,0,3,0,256,0,1,0,CARD,INR,0,TXN_109975,CUS_4152
133.11,88.62,0,1,0,190,0,0,0,CARD,USD,0,TXN_110997,CUS_2058
148.41,99.75,1,3,1,373,0,0,0,WALLET,USD,0,TXN_101188,CUS_9955
85.5,115.76,0,7,0,33,1,0,0,CARD,INR,0,TXN_106656,CUS_2623
72.47,99.46,0,3,2,138,0,0,0,CARD,INR,0,TXN_107322,CUS_6245
208.43,268.24,0,1,0,325,0,1,0,NET_BANKING,EUR,0,TXN_101052,CUS_9501
433.5,324.13,1,2,0,326,0,0,0,WALLET,INR,0,TXN_103974,CUS_9982
147.22,201.28,0,1,0,257,0,0,0,CARD,INR,0,TXN_105117,CUS_8019
59.83,66.31,0,1,0,112,0,0,0,WALLET,INR,0,TXN_105043,CUS_7592
48.25,47.28,1,3,0,1734,0,0,0,WALLET,USD,0,TXN_114519,CUS_3846
42.51,56.79,0,2,0,157,0,0,0,CARD,INR,0,TXN_109190,CUS_2683
363.58,558.27,0,4,0,614,0,0,0,UPI,USD,0,TXN_103795,CUS_5222
119.95,108.96,0,2,0,326,0,0,0,NET_BANKING,INR,0,TXN_104793,CUS_1897
136.85,145.76,0,1,0,123,1,0,0,WALLET,USD,0,TXN_111437,CUS_1637
160.62,262.73,0,1,0,182,0,0,0,UPI,INR,0,TXN_110466,CUS_4320
117.73,107.0,0,0,1,229,0,0,0,UPI,INR,0,TXN_109972,CUS_8171
27.78,33.41,0,4,0,324,0,0,0,UPI,EUR,0,TXN_106250,CUS_1014
127.36,113.9,0,0,0,1573,0,0,0,NET_BANKING,INR,0,TXN_100698,CUS_3034
148.39,113.17,0,2,1,197,0,1,0,CARD,INR,0,TXN_106799,CUS_3547
30.24,27.07,0,1,0,203,0,1,0,UPI,INR,0,TXN_102993,CUS_4267
120.07,188.99,0,3,0,335,0,0,0,NET_BANKING,EUR,0,TXN_102418,CUS_1454
55.0,72.88,0,3,0,566,0,0,0,CARD,INR,0,TXN_100995,CUS_1445
17.85,29.77,2,6,2,175,0,0,0,CARD,INR,0,TXN_103496,CUS_1245
120.61,81.14,0,3,0,81,0,0,0,CARD,INR,0,TXN_101543,CUS_5665
18.36,36.28,0,1,0,51,0,0,1,UPI,USD,0,TXN_102345,CUS_9760
63.95,83.13,1,2,0,86,0,0,0,WALLET,INR,0,TXN_105419,CUS_7980
147.25,166.06,1,2,0,528,0,0,0,UPI,USD,0,TXN_104009,CUS_1051
170.9,115.18,0,2,0,140,0,0,0,CARD,USD,0,TXN_109671,CUS_8842
42.29,44.12,0,3,0,162,0,0,0,CARD,INR,0,TXN_109217,CUS_4521
312.65,234.25,0,2,0,162,0,0,0,CARD,USD,0,TXN_105764,CUS_6706
159.74,191.04,1,2,0,175,0,0,0,CARD,INR,0,TXN_105826,CUS_4761
112.64,86.83,0,1,0,241,0,0,0,WALLET,INR,0,TXN_109740,CUS_3910
122.3,81.23,0,2,0,133,0,0,0,CARD,INR,0,TXN_104582,CUS_5063
174.41,141.57,0,1,0,208,0,0,0,CARD,USD,0,TXN_107310,CUS_3987
25.03,23.0,0,1,0,425,0,0,0,UPI,INR,0,TXN_110588,CUS_9146
15.49,72.68,0,3,0,184,0,1,0,WALLET,EUR,0,TXN_102713,CUS_1932
65.12,50.2,0,1,0,80,0,1,0,CARD,EUR,0,TXN_114860,CUS_1554
184.17,178.69,0,1,0,438,0,0,0,CARD,INR,0,TXN_114128,CUS_3021
108.91,104.27,1,3,0,197,0,0,0,CARD,INR,0,TXN_100494,CUS_5682
70.72,158.43,0,5,0,130,0,0,0,UPI,USD,0,TXN_101493,CUS_3391
154.75,133.42,0,4,0,97,0,0,0,CARD,EUR,0,TXN_104362,CUS_5808
58.94,89.06,2,4,0,159,0,1,0,CARD,INR,0,TXN_100906,CUS_8493
34.84,46.26,2,3,0,97,0,0,0,CARD,USD,0,TXN_111164,CUS_6359
175.6,113.63,0,6,0,128,0,0,0,UPI,USD,0,TXN_113565,CUS_7333
18.65,34.95,1,2,0,64,1,0,0,UPI,USD,0,TXN_114764,CUS_1107
156.85,116.75,0,5,0,1264,0,0,0,WALLET,INR,0,TXN_105531,CUS_2904
248.07,63.58,2,2,1,55,1,1,0,CARD,USD,1,TXN_103518,CUS_2509
175.08,115.1,0,1,0,140,1,1,0,CARD,INR,0,TXN_111166,CUS_2332
76.65,144.14,0,0,0,258,0,0,0,UPI,EUR,0,TXN_109034,CUS_1937
107.53,72.94,0,1,0,601,0,0,0,UPI,INR,0,TXN_114387,CUS_3840
51.91,97.8,0,1,0,643,0,0,0,UPI,INR,0,TXN_112030,CUS_4575
625.56,486.88,0,2,0,1625,1,0,0,UPI,INR,0,TXN_110309,CUS_8526
100.43,71.5,0,2,0,274,0,0,0,CARD,USD,0,TXN_101976,CUS_7145
18.79,90.75,0,1,0,117,0,0,0,CARD,USD,0,TXN_107133,CUS_8898
277.14,245.7,0,2,0,232,0,0,0,CARD,INR,0,TXN_109301,CUS_7286
41.62,58.82,0,2,0,299,0,0,0,UPI,USD,0,TXN_109522,CUS_6260
79.47,127.6,1,1,0,366,0,0,0,CARD,INR,0,TXN_108518,CUS_2107
45.89,81.06,1,2,0,592,0,1,0,CARD,EUR,0,TXN_108410,CUS_5002
131.09,204.98,0,2,0,97,0,0,0,UPI,EUR,0,TXN_107816,CUS_5746
118.96,116.0,1,1,0,86,0,0,0,CARD,INR,0,TXN_108261,CUS_9257
85.93,125.5,0,3,0,132,0,1,0,CARD,EUR,0,TXN_114712,CUS_3321
255.32,231.01,1,2,0,62,0,0,0,CARD,EUR,0,TXN_109517,CUS_8440
562.25,122.87,6,12,1,54,1,1,2,CARD,INR,1,TXN_101080,CUS_3917
228.16,305.57,0,3,0,171,0,0,0,CARD,USD,0,TXN_105866,CUS_1734
81.24,82.03,1,2,0,91,0,0,0,UPI,INR,0,TXN_106392,CUS_9679
87.48,87.42,0,1,0,148,0,0,0,CARD,EUR,0,TXN_107622,CUS_8210
70.55,92.78,0,2,1,387,0,0,0,UPI,INR,0,TXN_100705,CUS_6382
40.12,58.25,3,5,0,845,0,1,0,CARD,USD,0,TXN_109003,CUS_8844
110.38,140.14,0,1,0,178,0,0,0,CARD,USD,0,TXN_108336,CUS_6734
22.09,49.89,0,0,1,274,0,0,0,WALLET,INR,0,TXN_104030,CUS_3985
185.42,140.93,1,4,0,692,1,0,0,UPI,INR,0,TXN_113119,CUS_1705
170.35,169.16,0,1,0,144,0,0,0,UPI,INR,0,TXN_100294,CUS_3660
31.38,25.16,2,3,0,259,0,0,0,NET_BANKING,USD,0,TXN_102553,CUS_1993
1014.05,813.33,0,2,1,114,0,0,0,CARD,INR,0,TXN_110992,CUS_6182
246.37,214.87,0,3,0,381,0,0,0,CARD,INR,0,TXN_101031,CUS_8210
237.87,71.15,4,6,1,50,1,1,0,CARD,USD,1,TXN_103574,CUS_6345
54.28,78.12,0,1,0,123,0,0,0,CARD,INR,0,TXN_107051,CUS_4236
171.85,287.4,1,8,0,92,0,0,0,CARD,INR,0,TXN_108327,CUS_3128
445.36,378.38,0,3,0,72,0,1,0,CARD,INR,0,TXN_102971,CUS_2345
173.42,175.53,0,2,0,127,0,0,0,CARD,INR,0,TXN_112972,CUS_6681
68.18,45.58,2,3,0,32,0,1,0,UPI,USD,0,TXN_100772,CUS_4375
279.85,337.93,0,3,0,53,0,0,0,CARD,USD,0,TXN_100247,CUS_3795
3305.39,450.91,2,13,3,43,0,0,3,UPI,INR,1,TXN_110877,CUS_1201
58.49,88.68,0,2,0,478,0,0,0,CARD,INR,0,TXN_113670,CUS_5085
112.54,172.14,0,1,0,47,0,0,0,NET_BANKING,USD,0,TXN_104468,CUS_8617
132.83,112.53,1,7,0,148,0,0,0,UPI,EUR,0,TXN_105917,CUS_5236
39.8,84.32,0,3,0,602,0,0,0,CARD,INR,0,TXN_105351,CUS_2183
48.37,32.65,0,1,0,198,0,0,0,CARD,INR,0,TXN_101446,CUS_4138
194.85,153.12,0,0,0,210,0,0,0,CARD,INR,0,TXN_106878,CUS_2813
71.69,122.27,1,6,1,230,0,0,0,UPI,INR,0,TXN_113194,CUS_8810
114.11,135.35,0,1,0,40,0,0,0,UPI,INR,0,TXN_107178,CUS_1669
158.25,138.82,0,1,0,835,0,0,0,WALLET,USD,0,TXN_103156,CUS_5419
54.19,34.79,1,5,0,834,0,0,0,CARD,USD,0,TXN_103956,CUS_6249
71.75,66.04,1,2,0,35,0,0,0,CARD,USD,0,TXN_112657,CUS_2228
70.29,196.68,2,4,0,98,0,0,0,CARD,EUR,0,TXN_104247,CUS_7359
180.27,199.06,0,2,0,188,0,0,0,CARD,USD,0,TXN_100547,CUS_3083
200.66,129.96,0,4,0,549,0,0,0,CARD,INR,0,TXN_106400,CUS_9903
125.29,98.65,0,1,0,98,0,0,0,CARD,INR,0,TXN_111725,CUS_8876
40.26,37.0,0,2,0,137,0,0,0,UPI,INR,0,TXN_110787,CUS_1232
95.97,169.71,0,1,0,72,0,0,0,CARD,USD,0,TXN_101895,CUS_6435
122.9,113.3,1,4,0,157,0,0,0,CARD,USD,0,TXN_104848,CUS_3153
86.54,108.79,0,3,0,190,0,0,0,CARD,INR,0,TXN_108516,CUS_2266
33.06,72.2,1,1,0,93,0,0,0,NET_BANKING,INR,0,TXN_102641,CUS_8320
52.64,47.15,3,3,0,114,0,0,0,WALLET,INR,0,TXN_103453,CUS_5618
496.36,324.85,0,3,0,316,0,0,0,UPI,INR,0,TXN_108791,CUS_6643
111.71,88.35,0,1,0,212,0,0,0,WALLET,USD,0,TXN_100988,CUS_3001
62.85,161.63,0,1,0,119,0,0,0,CARD,EUR,0,TXN_101948,CUS_1399
272.49,175.06,0,3,0,77,0,0,0,WALLET,INR,0,TXN_111008,CUS_4536
760.88,193.57,3,5,3,6,1,1,1,CARD,INR,1,TXN_108967,CUS_7777
275.14,26.81,3,7,6,21,0,1,1,NET_BANKING,USD,1,TXN_111987,CUS_4574
50.51,38.0,1,2,0,440,0,1,0,CARD,INR,0,TXN_113373,CUS_2336
82.08,122.95,0,4,0,223,0,0,0,CARD,USD,0,TXN_104620,CUS_6590
132.93,135.85,0,2,0,114,0,0,0,CARD,INR,0,TXN_104825,CUS_3521
23.76,73.57,0,4,0,385,0,0,0,NET_BANKING,USD,0,TXN_100543,CUS_2074
70.91,60.68,1,6,0,258,0,1,0,CARD,INR,0,TXN_104815,CUS_8598
526.01,37.83,4,12,2,38,0,1,1,CARD,USD,1,TXN_101825,CUS_2255
58.78,106.22,0,2,0,765,0,0,0,CARD,INR,0,TXN_107899,CUS_7896
77.3,58.71,1,2,0,40,0,0,0,UPI,USD,0,TXN_107599,CUS_3157
63.09,145.65,2,4,0,346,1,0,0,NET_BANKING,USD,0,TXN_100208,CUS_7935
62.75,46.82,0,1,0,165,0,0,0,CARD,INR,0,TXN_108240,CUS_1268
22.32,29.91,1,2,0,424,0,0,0,UPI,INR,0,TXN_110024,CUS_1725
88.34,86.2,2,5,0,147,0,0,0,CARD,USD,0,TXN_103516,CUS_1522
139.97,93.28,0,1,0,74,1,0,0,UPI,INR,0,TXN_100734,CUS_9147
116.54,92.18,1,2,0,128,0,0,0,NET_BANKING,INR,0,TXN_111470,CUS_8908
95.44,79.89,0,1,0,160,0,0,0,WALLET,USD,0,TXN_111716,CUS_2012
81.24,93.74,1,2,0,375,0,0,0,UPI,INR,0,TXN_113746,CUS_1282
387.33,383.8,0,2,0,365,0,0,0,UPI,INR,0,TXN_104246,CUS_9273
613.46,356.39,0,5,0,315,0,0,0,CARD,INR,0,TXN_114888,CUS_5331
364.29,207.0,0,0,2,447,0,0,0,UPI,INR,0,TXN_108317,CUS_4307
264.41,258.4,0,4,0,30,0,1,0,WALLET,USD,0,TXN_105256,CUS_3809
53.83,45.54,1,5,1,743,0,1,0,NET_BANKING,USD,0,TXN_106022,CUS_6752
111.57,117.78,0,4,0,102,0,0,0,CARD,INR,0,TXN_109704,CUS_7078
256.35,509.08,0,0,1,54,1,0,0,NET_BANKING,USD,0,TXN_113766,CUS_5163
162.28,197.21,0,1,0,623,0,0,0,CARD,USD,0,TXN_106391,CUS_1560
95.41,93.96,0,3,0,73,0,0,0,CARD,INR,0,TXN_107869,CUS_5031
150.79,115.86,1,1,0,353,0,0,0,CARD,INR,0,TXN_108625,CUS_2493
35.13,29.43,1,2,0,316,0,0,0,NET_BANKING,INR,0,TXN_108716,CUS_4467
201.88,261.74,1,1,0,397,0,0,0,CARD,INR,0,TXN_102517,CUS_8732
46.43,48.03,0,2,0,143,0,0,0,CARD,USD,0,TXN_114406,CUS_6562
13.33,43.39,0,2,1,340,0,1,0,CARD,INR,0,TXN_114099,CUS_1677
87.93,142.32,0,1,1,605,0,0,0,NET_BANKING,USD,0,TXN_104927,CUS_8754
356.82,330.86,0,3,1,50,0,0,0,UPI,INR,0,TXN_111803,CUS_8323
69.8,78.27,0,3,0,72,0,0,0,UPI,USD,0,TXN_101432,CUS_5919
209.39,183.47,0,2,0,110,0,0,0,UPI,USD,0,TXN_114948,CUS_9513
105.92,206.21,0,3,1,93,0,0,0,NET_BANKING,EUR,0,TXN_111754,CUS_7538
109.02,135.53,0,1,0,129,0,0,0,CARD,INR,0,TXN_110387,CUS_1219
131.46,174.91,0,2,1,41,0,0,0,WALLET,USD,0,TXN_112636,CUS_1311
683.78,50.67,7,7,1,16,1,1,1,CARD,USD,1,TXN_109143,CUS_1596
164.07,224.74,0,3,0,162,0,0,0,CARD,USD,0,TXN_110580,CUS_5928
29.34,36.11,0,1,0,357,0,0,0,NET_BANKING,INR,0,TXN_113454,CUS_4490
74.37,57.1,0,3,1,405,0,0,0,UPI,USD,0,TXN_105327,CUS_6170
49.54,41.28,1,4,0,105,0,0,0,NET_BANKING,INR,0,TXN_100942,CUS_7102
76.79,52.9,0,1,0,765,0,0,0,CARD,INR,0,TXN_106034,CUS_8065
134.41,129.74,1,4,0,255,0,0,0,UPI,INR,0,TXN_106027,CUS_2868
22.62,70.3,0,1,0,175,0,0,0,CARD,USD,0,TXN_113987,CUS_8070
24.99,33.74,0,0,0,110,0,0,0,UPI,USD,0,TXN_104185,CUS_9055
82.3,66.61,0,3,0,1166,0,0,0,UPI,INR,0,TXN_105985,CUS_2982
415.54,43.78,5,15,4,42,0,0,0,CARD,INR,1,TXN_109533,CUS_6997
125.96,126.17,0,2,0,255,1,0,0,UPI,INR,0,TXN_101667,CUS_9741
227.32,177.47,0,2,0,214,0,0,0,CARD,INR,0,TXN_101043,CUS_1975
67.04,169.92,0,2,1,436,0,0,0,WALLET,EUR,0,TXN_107925,CUS_6654
81.41,134.11,1,3,1,177,0,0,0,NET_BANKING,USD,0,TXN_109917,CUS_6313
64.57,67.64,0,2,0,35,0,0,0,UPI,INR,0,TXN_109351,CUS_4792
153.93,118.73,0,3,0,120,0,1,0,UPI,INR,0,TXN_109852,CUS_8337
279.18,237.11,0,1,0,301,0,0,0,NET_BANKING,INR,0,TXN_109564,CUS_6304
181.32,97.19,0,2,0,318,0,0,0,CARD,INR,0,TXN_105569,CUS_9671
452.34,111.56,6,6,1,101,1,1,0,CARD,USD,1,TXN_104886,CUS_7640
98.98,78.1,0,4,0,571,0,0,0,NET_BANKING,USD,0,TXN_102715,CUS_3259
113.32,127.09,0,2,0,277,0,0,0,CARD,USD,0,TXN_102679,CUS_6498
59.87,99.37,1,1,0,145,0,0,0,WALLET,EUR,0,TXN_100726,CUS_3020
125.84,170.05,0,1,1,143,0,0,0,CARD,INR,0,TXN_101803,CUS_6918
53.33,53.56,0,1,0,188,0,0,0,UPI,INR,0,TXN_103524,CUS_7450
957.69,844.3,0,0,1,341,1,0,0,UPI,USD,0,TXN_101951,CUS_8840
54.74,41.24,0,5,1,74,0,0,0,CARD,INR,0,TXN_101373,CUS_4472
16.68,35.65,0,2,0,364,0,0,0,UPI,EUR,0,TXN_102474,CUS_8933
86.04,103.11,1,3,0,32,0,0,0,CARD,EUR,0,TXN_102052,CUS_5241
28.87,59.61,0,0,1,117,1,0,0,CARD,USD,0,TXN_112859,CUS_3373
837.5,115.17,4,7,3,116,0,0,1,UPI,INR,1,TXN_110081,CUS_8676
172.67,175.57,0,3,0,38,0,1,0,NET_BANKING,INR,0,TXN_106719,CUS_1031
64.18,90.1,1,2,0,281,1,0,0,CARD,INR,0,TXN_108560,CUS_4304
46.29,73.9,0,1,0,505,0,0,0,UPI,USD,0,TXN_100770,CUS_1501
167.05,158.87,0,4,0,891,0,0,0,UPI,EUR,0,TXN_105393,CUS_3984
126.41,134.14,0,2,0,181,0,0,0,CARD,EUR,0,TXN_103007,CUS_2538
149.53,137.74,0,1,1,258,0,0,0,CARD,INR,0,TXN_101449,CUS_3318
261.86,188.13,0,3,0,113,0,0,0,NET_BANKING,INR,0,TXN_114125,CUS_8506
19.44,22.47,0,1,0,697,0,0,0,WALLET,INR,0,TXN_112476,CUS_5786
87.3,120.1,0,2,0,364,0,0,0,CARD,INR,0,TXN_108917,CUS_6214
277.2,605.09,0,1,0,157,0,0,0,CARD,INR,0,TXN_101459,CUS_8089
82.14,64.94,0,3,0,433,0,1,0,CARD,USD,0,TXN_100938,CUS_5960
169.68,136.29,2,4,0,226,0,0,0,NET_BANKING,USD,0,TXN_108814,CUS_3948
68.12,94.61,2,5,0,223,0,0,0,UPI,USD,0,TXN_104823,CUS_3535
256.59,264.6,1,2,0,480,0,0,0,WALLET,INR,0,TXN_103213,CUS_7766
335.33,536.07,0,3,0,74,0,1,0,CARD,USD,0,TXN_104989,CUS_2128
654.63,407.48,1,2,0,375,0,0,0,CARD,INR,0,TXN_104474,CUS_5421
204.06,324.71,0,0,1,249,0,0,0,NET_BANKING,EUR,0,TXN_109255,CUS_3957
194.89,190.98,0,3,0,246,1,0,0,CARD,INR,0,TXN_106342,CUS_8558
366.41,174.01,0,2,0,455,1,0,0,UPI,INR,0,TXN_104636,CUS_7415
63.3,57.0,0,1,0,262,1,0,0,UPI,USD,0,TXN_108498,CUS_9652
179.95,142.51,0,2,0,89,0,0,0,UPI,INR,0,TXN_111391,CUS_5763
66.16,59.93,0,0,0,755,0,1,0,UPI,EUR,0,TXN_106858,CUS_2975
127.1,81.53,0,0,1,252,0,0,0,NET_BANKING,INR,0,TXN_109515,CUS_6901
62.53,50.47,0,1,0,647,1,1,0,CARD,EUR,0,TXN_104653,CUS_8033
81.09,81.43,0,2,1,136,0,0,0,CARD,INR,0,TXN_102727,CUS_2486
119.79,100.56,0,4,0,435,0,1,0,CARD,INR,0,TXN_100759,CUS_9489
9.81,102.38,0,2,0,194,0,0,0,CARD,USD,0,TXN_102468,CUS_3879
74.83,80.87,1,3,0,630,0,0,0,NET_BANKING,INR,0,TXN_104428,CUS_9507
57.85,73.69,0,3,0,436,0,0,0,NET_BANKING,INR,0,TXN_103247,CUS_9956
96.83,131.44,0,0,0,240,0,0,0,NET_BANKING,USD,0,TXN_113138,CUS_6939
34.44,34.6,0,0,1,153,0,0,0,CARD,INR,0,TXN_109577,CUS_7016
20.53,16.25,0,1,0,418,0,0,0,CARD,EUR,0,TXN_105194,CUS_3017
100.78,81.52,1,6,0,45,0,0,0,NET_BANKING,USD,0,TXN_110951,CUS_4509
209.48,456.91,1,2,0,236,0,0,0,UPI,INR,0,TXN_114286,CUS_6684
204.33,238.24,1,4,0,68,0,0,0,CARD,INR,0,TXN_110038,CUS_8178
210.38,161.27,0,1,0,176,0,0,0,CARD,INR,0,TXN_112616,CUS_1013
16.99,21.91,2,3,0,152,0,0,0,UPI,INR,0,TXN_111478,CUS_2605
162.02,177.12,0,1,0,48,1,0,0,CARD,INR,0,TXN_107773,CUS_9274
32.55,76.92,0,1,0,501,0,0,0,CARD,USD,0,TXN_113661,CUS_6092
124.99,138.37,0,3,0,73,0,1,0,WALLET,INR,0,TXN_105633,CUS_1728
62.97,98.59,0,1,0,188,0,0,0,CARD,INR,0,TXN_101251,CUS_7212
59.99,61.76,0,3,0,194,0,0,0,CARD,INR,0,TXN_102209,CUS_3483
74.37,65.63,0,2,1,756,1,0,0,CARD,INR,0,TXN_103962,CUS_5073
31.42,49.62,0,4,0,75,0,0,0,CARD,INR,0,TXN_111137,CUS_9538
60.78,93.92,0,1,0,181,0,0,0,UPI,INR,0,TXN_101902,CUS_3334
159.3,98.49,2,3,0,272,0,0,0,CARD,INR,0,TXN_104395,CUS_7266
15.85,32.68,0,3,1,313,0,0,0,CARD,INR,0,TXN_100067,CUS_1207
382.96,310.35,0,2,0,54,0,0,0,NET_BANKING,INR,0,TXN_104791,CUS_1686
94.86,115.1,1,2,0,331,0,0,0,CARD,INR,0,TXN_114794,CUS_5297
33.45,58.1,1,3,0,42,0,0,0,CARD,INR,0,TXN_112459,CUS_4448
1124.27,270.8,5,9,0,65,1,1,1,CARD,USD,1,TXN_113512,CUS_4045
193.19,133.87,0,2,0,260,0,0,0,CARD,INR,0,TXN_105821,CUS_2168
116.52,128.83,1,3,0,169,0,0,0,UPI,USD,0,TXN_106693,CUS_7281
42.31,54.53,0,3,0,635,0,0,0,CARD,USD,0,TXN_111234,CUS_8057
32.53,83.26,0,1,1,414,0,0,0,CARD,USD,0,TXN_104315,CUS_5429
83.96,57.49,0,3,0,112,0,0,0,WALLET,INR,0,TXN_113710,CUS_6350
20.32,33.31,0,3,0,39,0,0,0,CARD,USD,0,TXN_103960,CUS_6354
76.67,60.78,1,1,0,74,0,0,0,UPI,INR,0,TXN_107162,CUS_5559
57.21,66.39,0,1,0,50,0,0,0,CARD,EUR,0,TXN_101627,CUS_8140
61.49,40.45,2,7,0,78,0,0,0,WALLET,USD,0,TXN_111061,CUS_1938
75.71,145.42,0,0,1,361,0,0,0,UPI,INR,0,TXN_108408,CUS_7314
133.58,219.71,0,6,0,278,0,0,0,UPI,USD,0,TXN_100996,CUS_8690
74.75,101.53,1,2,0,458,0,0,0,CARD,INR,0,TXN_107492,CUS_5705
65.33,49.5,0,2,0,158,0,0,0,UPI,EUR,0,TXN_103907,CUS_8345
134.58,116.07,2,3,0,1420,0,0,0,UPI,INR,0,TXN_113867,CUS_6829
208.65,201.51,0,3,0,202,0,0,0,CARD,USD,0,TXN_111424,CUS_5540
20.31,118.12,1,6,0,86,0,0,0,NET_BANKING,USD,0,TXN_106354,CUS_9056
419.84,274.93,0,2,0,360,0,0,0,UPI,USD,0,TXN_110715,CUS_7852
1061.32,107.79,6,10,3,39,1,1,2,CARD,USD,1,TXN_105827,CUS_2993
128.8,124.42,0,0,0,66,0,0,0,NET_BANKING,INR,0,TXN_114843,CUS_1428
86.1,110.31,1,3,0,118,0,0,0,CARD,INR,0,TXN_114528,CUS_1053
160.9,118.78,0,1,0,97,0,0,0,CARD,INR,0,TXN_110766,CUS_5372
71.56,90.18,0,4,0,269,0,0,0,CARD,INR,0,TXN_102368,CUS_5431
226.06,248.78,0,2,0,549,0,0,0,UPI,INR,0,TXN_109732,CUS_3604
32.61,28.89,0,2,0,165,0,0,0,UPI,USD,0,TXN_103104,CUS_9410
74.37,53.61,1,4,0,271,0,0,0,UPI,USD,0,TXN_101916,CUS_5867
71.63,89.32,0,2,0,52,0,0,0,CARD,INR,0,TXN_113106,CUS_7416
69.19,40.11,1,6,0,328,0,0,0,CARD,INR,0,TXN_102518,CUS_2152
113.83,99.14,0,3,0,436,0,0,0,WALLET,USD,0,TXN_109862,CUS_3719
76.53,51.71,0,2,0,233,1,0,0,WALLET,INR,0,TXN_110473,CUS_8846
39.04,70.83,0,4,0,165,0,1,0,CARD,USD,0,TXN_101495,CUS_8992
286.55,293.89,0,3,0,653,0,0,0,UPI,INR,0,TXN_106157,CUS_5452
197.29,257.17,1,2,0,121,0,0,0,UPI,INR,0,TXN_103089,CUS_1407
39.03,43.06,0,1,0,95,0,0,0,UPI,INR,0,TXN_106192,CUS_6658
33.6,30.93,0,3,0,237,0,0,0,CARD,INR,0,TXN_110109,CUS_6548
68.24,51.76,1,2,0,48,0,0,0,UPI,USD,0,TXN_107946,CUS_1479
79.44,66.63,1,4,0,62,0,0,0,CARD,EUR,0,TXN_102395,CUS_7204
66.43,58.39,1,2,0,36,0,0,0,CARD,INR,0,TXN_113707,CUS_9156
221.69,172.22,0,1,0,589,0,0,0,NET_BANKING,INR,0,TXN_106644,CUS_3389
28.24,57.16,0,0,0,627,0,0,0,CARD,INR,0,TXN_100667,CUS_6248
77.19,58.49,0,2,0,692,0,0,0,UPI,INR,0,TXN_107230,CUS_4441
273.16,187.22,0,4,0,61,0,0,0,CARD,USD,0,TXN_101943,CUS_2119
106.88,184.84,0,2,0,273,0,0,0,CARD,INR,0,TXN_111788,CUS_9677
244.63,178.42,1,4,0,210,0,0,0,CARD,USD,0,TXN_101125,CUS_9239
160.33,225.18,0,0,0,355,0,0,0,CARD,EUR,0,TXN_112169,CUS_3310
126.38,26.58,3,14,3,108,0,0,2,CARD,USD,1,TXN_102098,CUS_7750
105.91,87.65,0,1,0,442,0,0,0,NET_BANKING,INR,0,TXN_111236,CUS_6649
122.6,115.21,0,2,0,166,0,0,0,WALLET,INR,0,TXN_113281,CUS_8667
37.99,37.32,0,4,1,91,0,0,0,NET_BANKING,USD,0,TXN_103539,CUS_7745
74.35,92.9,0,1,0,1041,0,0,0,UPI,USD,0,TXN_107416,CUS_1302
43.66,48.75,0,2,0,565,1,0,0,CARD,USD,0,TXN_108367,CUS_7348
39.18,105.57,0,2,0,121,0,0,0,CARD,USD,0,TXN_107688,CUS_1629
54.78,43.85,0,2,0,112,1,0,0,CARD,INR,0,TXN_114873,CUS_4981
108.97,91.95,0,2,0,55,1,0,0,UPI,USD,0,TXN_108241,CUS_8059
50.03,51.65,0,2,0,47,0,0,0,WALLET,INR,0,TXN_110606,CUS_7499
239.3,322.27,0,5,0,903,0,0,0,UPI,INR,0,TXN_110572,CUS_3781
66.13,91.74,0,4,0,103,0,0,0,NET_BANKING,EUR,0,TXN_111423,CUS_8149
78.53,75.26,0,2,0,500,0,0,0,UPI,EUR,0,TXN_107614,CUS_2540
72.01,144.42,0,4,0,69,0,0,0,NET_BANKING,INR,0,TXN_104845,CUS_1555
23.33,355.58,3,3,3,64,0,1,1,UPI,USD,1,TXN_108532,CUS_2832
78.47,113.02,0,1,0,56,0,1,0,UPI,INR,0,TXN_107906,CUS_1945
78.07,56.84,0,1,0,221,0,0,0,NET_BANKING,INR,0,TXN_106319,CUS_7481
82.12,66.86,0,0,1,361,1,0,0,CARD,INR,0,TXN_101323,CUS_8566
70.23,131.98,0,0,1,401,0,0,0,UPI,EUR,0,TXN_101346,CUS_2937
115.23,72.37,0,1,0,67,0,0,0,CARD,INR,0,TXN_105628,CUS_8122
195.9,123.05,0,2,0,119,0,0,0,UPI,USD,0,TXN_100821,CUS_7101
171.68,127.6,1,2,0,123,1,1,0,UPI,INR,0,TXN_104431,CUS_2236
238.7,196.49,1,4,0,73,0,0,0,CARD,INR,0,TXN_114453,CUS_7424
1151.45,1082.08,0,1,0,223,0,0,0,CARD,USD,0,TXN_111944,CUS_8251
36.89,80.58,0,0,0,102,0,0,0,CARD,INR,0,TXN_107240,CUS_3360
38.63,53.78,1,3,0,30,0,1,0,UPI,USD,0,TXN_109479,CUS_7982
455.06,378.15,1,4,0,228,0,1,0,CARD,INR,0,TXN_109682,CUS_7065
31.27,40.89,0,0,0,206,0,0,0,CARD,USD,0,TXN_111707,CUS_3559
44.39,43.41,0,4,0,58,0,0,0,WALLET,USD,0,TXN_108445,CUS_1452
49.43,55.93,1,2,0,39,0,1,0,CARD,USD,0,TXN_111682,CUS_7180
55.14,40.38,0,0,0,365,0,0,0,UPI,INR,0,TXN_110233,CUS_2387
84.17,175.96,2,3,0,175,1,1,0,CARD,USD,0,TXN_100619,CUS_7678
28.97,30.04,1,6,0,475,0,1,0,NET_BANKING,INR,0,TXN_111694,CUS_3765
65.29,65.14,1,2,1,181,0,0,0,NET_BANKING,USD,0,TXN_107052,CUS_3823
162.06,125.72,1,4,0,380,0,0,0,UPI,INR,0,TXN_100226,CUS_1339
92.64,120.7,0,2,0,648,0,1,0,UPI,USD,0,TXN_111541,CUS_7509
96.13,76.65,0,4,0,149,0,0,0,UPI,INR,0,TXN_108807,CUS_3016
796.95,662.98,3,7,0,448,0,0,0,CARD,USD,0,TXN_103483,CUS_1913
40.18,66.22,0,3,0,524,0,0,0,UPI,INR,0,TXN_114134,CUS_9941
160.44,144.71,0,2,0,738,0,0,0,UPI,USD,0,TXN_104657,CUS_7415
29.28,28.19,2,4,0,153,0,0,0,CARD,INR,0,TXN_110626,CUS_1171
110.78,125.48,0,3,1,47,0,0,0,UPI,USD,0,TXN_107914,CUS_4876
287.23,200.74,1,3,0,54,0,0,0,UPI,INR,0,TXN_105604,CUS_8653
52.02,43.9,2,3,0,72,0,0,0,CARD,EUR,0,TXN_107062,CUS_8587
170.57,128.14,3,5,0,164,0,0,0,CARD,INR,0,TXN_110667,CUS_4878
174.14,287.46,1,4,0,570,1,0,0,NET_BANKING,EUR,0,TXN_102969,CUS_2905
87.66,68.01,1,2,0,47,0,0,0,UPI,EUR,0,TXN_113905,CUS_9916
68.87,78.2,1,4,1,557,1,0,0,CARD,INR,0,TXN_103616,CUS_5497
48.91,64.72,0,2,0,239,0,0,0,CARD,INR,0,TXN_111352,CUS_2678
35.94,76.02,1,4,1,49,0,0,0,UPI,INR,0,TXN_110896,CUS_1785
222.78,175.86,1,5,0,133,0,1,0,CARD,INR,0,TXN_100483,CUS_3788
104.4,69.28,0,7,0,111,0,1,0,CARD,INR,0,TXN_106156,CUS_1963
32.35,172.53,1,4,0,997,0,0,0,CARD,INR,0,TXN_105957,CUS_1349
269.36,210.07,0,5,0,32,1,0,0,CARD,INR,0,TXN_112741,CUS_8881
40.44,39.23,0,1,1,479,0,0,0,CARD,INR,0,TXN_110396,CUS_5603
32.06,84.56,0,2,0,37,0,0,0,UPI,USD,0,TXN_110002,CUS_8269
209.28,188.39,1,1,0,162,0,0,0,CARD,USD,0,TXN_108049,CUS_1080
46.04,41.37,0,5,0,437,0,0,0,CARD,INR,0,TXN_104352,CUS_6870
10.34,33.63,0,2,0,453,0,0,0,UPI,INR,0,TXN_103442,CUS_7021
16.3,19.71,0,0,0,84,0,0,0,UPI,INR,0,TXN_106011,CUS_8373
171.32,128.73,1,2,0,121,0,0,0,NET_BANKING,INR,0,TXN_105030,CUS_3568
8.19,156.7,6,6,3,104,1,1,1,UPI,USD,1,TXN_104417,CUS_8653
68.12,66.63,0,1,0,145,0,0,0,CARD,INR,0,TXN_110358,CUS_8632
637.58,391.57,0,0,0,577,0,0,0,CARD,EUR,0,TXN_112760,CUS_6241
339.97,252.3,0,3,0,152,0,0,0,CARD,INR,0,TXN_111985,CUS_6773
51.19,309.85,1,6,0,382,0,0,0,UPI,INR,0,TXN_105395,CUS_9406
92.13,87.8,0,3,0,87,0,1,0,CARD,EUR,0,TXN_110694,CUS_5927
311.7,221.9,0,5,0,335,0,0,0,CARD,INR,0,TXN_101720,CUS_5249
48.18,94.73,0,3,0,543,0,0,0,CARD,USD,0,TXN_110683,CUS_3653
28.32,35.75,0,2,0,437,1,0,0,UPI,INR,0,TXN_109663,CUS_8451
54.91,59.33,0,2,0,483,0,0,0,CARD,INR,0,TXN_104039,CUS_1981
28.46,75.79,0,1,0,91,0,0,0,CARD,USD,0,TXN_104609,CUS_8332
132.41,97.19,0,4,0,186,0,0,0,WALLET,INR,0,TXN_101866,CUS_7480
170.69,121.27,0,3,0,80,0,0,0,UPI,INR,0,TXN_106629,CUS_5513
60.15,67.04,2,3,0,279,0,0,0,NET_BANKING,INR,0,TXN_107800,CUS_2221
74.45,74.53,0,0,1,122,0,0,0,UPI,USD,0,TXN_110527,CUS_1591
17.24,81.71,1,5,0,305,0,0,0,CARD,INR,0,TXN_101527,CUS_8709
68.4,68.91,0,1,0,54,1,0,0,CARD,INR,0,TXN_114901,CUS_9677
66.15,49.22,0,1,0,480,0,0,0,CARD,INR,0,TXN_104887,CUS_7589
47.89,47.76,2,3,0,189,0,0,0,CARD,INR,0,TXN_101978,CUS_6608
109.45,128.33,0,1,0,85,0,0,0,CARD,INR,0,TXN_110539,CUS_9533
117.52,68.82,1,4,0,185,1,0,0,UPI,EUR,0,TXN_114681,CUS_7930
186.83,153.59,1,4,0,149,0,0,0,UPI,EUR,0,TXN_104804,CUS_2908
50.22,58.07,0,2,0,148,0,0,0,CARD,USD,0,TXN_102512,CUS_4162
94.51,175.61,1,7,0,135,0,0,0,CARD,INR,0,TXN_109512,CUS_9051
26.45,39.36,1,2,0,49,0,0,0,UPI,INR,0,TXN_109837,CUS_6484
228.08,195.87,0,2,1,180,0,1,0,NET_BANKING,INR,0,TXN_101476,CUS_3663
67.95,97.5,0,3,0,400,0,0,0,CARD,EUR,0,TXN_104661,CUS_7381
29.08,20.62,0,1,0,121,0,0,0,NET_BANKING,INR,0,TXN_104199,CUS_4065
921.86,887.97,0,5,1,219,0,0,0,CARD,INR,0,TXN_113228,CUS_1061
29.88,128.39,1,3,0,89,0,0,0,NET_BANKING,INR,0,TXN_108128,CUS_3056
126.45,92.48,1,1,0,310,0,0,0,CARD,USD,0,TXN_111364,CUS_3474
35.12,50.74,0,1,0,135,0,0,0,CARD,USD,0,TXN_104461,CUS_5777
377.54,602.16,1,3,0,306,0,0,0,CARD,INR,0,TXN_108167,CUS_9808
289.81,498.64,0,3,0,176,0,1,0,CARD,INR,0,TXN_101185,CUS_4280
51.22,59.07,3,7,0,573,0,0,0,CARD,INR,0,TXN_106704,CUS_6658
378.89,506.02,0,5,0,110,0,0,0,CARD,INR,0,TXN_107820,CUS_5317
67.5,73.97,0,2,0,130,0,0,0,CARD,USD,0,TXN_111197,CUS_5273
225.99,143.6,0,1,0,110,0,0,0,CARD,INR,0,TXN_103471,CUS_6668
92.26,72.77,0,2,0,1169,0,0,0,UPI,INR,0,TXN_101582,CUS_8414
35.34,75.86,0,3,0,195,0,0,0,UPI,INR,0,TXN_102647,CUS_8060
99.57,77.06,0,1,0,214,0,0,0,CARD,INR,0,TXN_106245,CUS_4645
176.19,121.69,0,2,0,57,0,1,0,CARD,USD,0,TXN_103134,CUS_6435
91.17,66.64,0,2,0,64,0,0,0,UPI,USD,0,TXN_113721,CUS_3239
83.19,111.32,0,2,0,252,0,1,0,UPI,USD,0,TXN_107747,CUS_4394
18.46,48.68,0,4,0,226,0,1,0,CARD,INR,0,TXN_112159,CUS_1985
78.97,102.14,1,2,0,61,0,0,0,UPI,INR,0,TXN_113274,CUS_4903
41.76,56.53,0,7,0,470,0,1,0,CARD,INR,0,TXN_100446,CUS_4804
76.78,53.74,0,3,0,990,0,0,0,NET_BANKING,EUR,0,TXN_104550,CUS_4716
76.66,53.84,0,1,0,676,0,1,0,CARD,USD,0,TXN_101634,CUS_6882
18.84,18.21,0,3,0,139,0,0,0,CARD,INR,0,TXN_108200,CUS_4161
86.01,82.64,0,1,0,80,0,1,0,CARD,EUR,0,TXN_114174,CUS_8280
167.98,107.63,0,2,1,57,0,0,0,UPI,INR,0,TXN_114822,CUS_2304
562.11,578.51,0,1,0,205,0,0,0,UPI,INR,0,TXN_102982,CUS_2078
1067.46,959.75,0,1,0,158,0,1,0,CARD,INR,0,TXN_108585,CUS_8710
32.8,70.41,0,2,0,131,1,0,0,CARD,USD,0,TXN_110876,CUS_3506
51.27,41.05,0,3,0,68,0,0,0,UPI,INR,0,TXN_103338,CUS_7487
85.17,49.96,0,0,0,468,0,0,0,UPI,INR,0,TXN_107262,CUS_7130
23.79,72.11,0,3,0,53,1,0,0,CARD,INR,0,TXN_114952,CUS_3126
66.53,67.97,0,1,0,37,0,0,0,CARD,INR,0,TXN_110842,CUS_1590
237.77,188.88,0,0,0,429,0,0,0,CARD,INR,0,TXN_104228,CUS_3363
87.32,146.92,0,4,0,94,0,0,0,CARD,INR,0,TXN_102549,CUS_1383
746.88,104.52,4,9,3,25,1,1,1,CARD,INR,1,TXN_103642,CUS_4921
43.02,70.88,0,1,0,80,0,0,0,WALLET,INR,0,TXN_108341,CUS_1948
79.78,68.0,1,4,0,168,0,0,0,CARD,EUR,0,TXN_106033,CUS_3925
677.9,532.44,1,3,0,96,0,0,0,WALLET,EUR,0,TXN_101496,CUS_2587
41.33,32.72,1,2,0,69,0,0,0,CARD,INR,0,TXN_112077,CUS_8025
124.58,178.66,0,2,0,235,0,0,0,CARD,USD,0,TXN_107759,CUS_6234
27.15,64.88,0,0,0,207,0,0,0,UPI,INR,0,TXN_100035,CUS_5874
87.15,116.48,1,1,0,270,0,0,0,UPI,INR,0,TXN_111804,CUS_1550
565.94,394.5,0,3,0,74,0,0,0,CARD,EUR,0,TXN_112733,CUS_2432
182.63,218.5,0,3,0,79,0,0,0,UPI,INR,0,TXN_111227,CUS_5140
25.1,37.5,1,4,0,49,0,0,0,UPI,INR,0,TXN_107121,CUS_2041
275.75,178.03,0,1,1,142,0,1,0,UPI,INR,0,TXN_102245,CUS_4464
206.45,146.98,0,1,0,46,0,0,0,CARD,INR,0,TXN_102840,CUS_1088
39.95,50.77,0,2,0,121,0,0,0,WALLET,INR,0,TXN_110336,CUS_3772
125.93,89.01,0,1,0,197,0,0,0,CARD,INR,0,TXN_100764,CUS_1941
163.31,119.61,1,2,0,62,0,0,0,WALLET,USD,0,TXN_103844,CUS_2497
157.0,154.05,1,2,0,275,1,0,0,CARD,INR,0,TXN_101032,CUS_8179
284.86,212.81,1,3,1,538,1,0,0,CARD,INR,0,TXN_108606,CUS_7710
94.65,65.9,0,1,0,230,0,0,0,UPI,INR,0,TXN_101997,CUS_2155
140.97,155.93,0,3,0,151,0,0,0,CARD,INR,0,TXN_112674,CUS_1295
42.34,45.66,2,6,0,51,0,0,0,CARD,USD,0,TXN_106063,CUS_6818
162.92,135.6,0,2,0,430,0,0,0,UPI,INR,0,TXN_111496,CUS_2436
46.06,48.56,0,3,0,605,0,0,0,UPI,INR,0,TXN_108280,CUS_8820
212.82,277.96,2,4,0,69,0,0,0,CARD,USD,0,TXN_109093,CUS_1656
365.13,243.36,0,0,0,55,0,0,0,NET_BANKING,USD,0,TXN_107743,CUS_1257
91.66,137.44,0,0,0,39,0,0,0,CARD,EUR,0,TXN_107269,CUS_4372
172.76,217.14,0,2,0,256,0,1,0,UPI,USD,0,TXN_104131,CUS_7488
201.19,177.45,1,1,0,160,0,0,0,WALLET,INR,0,TXN_106052,CUS_5816
144.29,139.64,2,3,0,1323,0,0,0,CARD,INR,0,TXN_100379,CUS_3817
306.86,263.86,1,2,0,64,0,0,0,UPI,USD,0,TXN_107633,CUS_7218
85.51,85.98,1,1,0,319,0,0,0,WALLET,INR,0,TXN_105157,CUS_9742
71.07,45.77,0,3,0,291,0,1,0,UPI,INR,0,TXN_104507,CUS_6776
519.68,371.52,0,4,0,1131,0,0,0,NET_BANKING,USD,0,TXN_104551,CUS_3660
43.16,104.22,0,2,0,48,1,0,0,UPI,INR,0,TXN_102811,CUS_1036
78.9,104.34,0,2,0,389,0,0,0,CARD,USD,0,TXN_113116,CUS_4943
79.09,87.09,1,3,1,143,0,0,0,NET_BANKING,INR,0,TXN_100953,CUS_6760
90.47,98.3,0,0,0,386,0,0,0,CARD,INR,0,TXN_104681,CUS_3130
285.84,193.42,1,4,0,475,0,1,0,NET_BANKING,INR,0,TXN_105715,CUS_8640
130.0,111.37,1,4,0,178,0,0,0,CARD,INR,0,TXN_101324,CUS_8606
39.83,37.06,0,2,0,171,0,0,0,CARD,USD,0,TXN_114497,CUS_4599
114.61,90.99,0,3,0,631,0,0,0,UPI,EUR,0,TXN_104158,CUS_8402
34.03,32.22,1,3,0,160,0,0,0,WALLET,USD,0,TXN_105158,CUS_1000
31.32,39.92,0,2,0,203,0,0,0,CARD,EUR,0,TXN_104224,CUS_8362
5.0,23.98,0,1,0,73,0,1,0,CARD,INR,0,TXN_114219,CUS_1683
49.98,50.66,0,1,0,140,0,0,0,CARD,USD,0,TXN_100850,CUS_3030
87.2,104.46,0,2,0,118,0,1,0,NET_BANKING,INR,0,TXN_103513,CUS_4315
51.43,73.71,0,5,0,200,0,0,0,CARD,USD,0,TXN_112874,CUS_7626
36.02,21.67,1,2,0,189,0,0,0,UPI,INR,0,TXN_103804,CUS_1483
147.55,116.51,0,2,0,43,0,0,0,NET_BANKING,INR,0,TXN_100958,CUS_6073
233.37,233.84,1,5,0,756,0,0,0,NET_BANKING,USD,0,TXN_101531,CUS_3733
175.76,329.29,0,0,0,52,0,0,0,NET_BANKING,INR,0,TXN_113464,CUS_7356
299.79,153.95,1,2,0,55,0,0,0,CARD,INR,0,TXN_107209,CUS_1214
42.57,42.22,0,1,0,189,0,0,0,UPI,INR,0,TXN_109446,CUS_7116
82.66,69.55,0,3,0,198,0,0,0,UPI,USD,0,TXN_107938,CUS_9833
50.14,177.35,0,0,0,573,0,0,0,CARD,EUR,0,TXN_104232,CUS_1561
18.28,41.5,0,2,0,577,1,0,0,UPI,USD,0,TXN_100615,CUS_1652
46.84,55.0,0,3,1,216,0,0,0,UPI,USD,0,TXN_106191,CUS_5584
130.68,182.07,0,5,0,92,0,0,0,CARD,EUR,0,TXN_101478,CUS_6816
195.24,200.71,0,4,0,75,0,0,0,UPI,INR,0,TXN_112823,CUS_4091
502.69,310.87,0,2,0,467,0,0,0,CARD,USD,0,TXN_108455,CUS_3959
45.27,39.27,0,1,1,176,0,0,0,CARD,USD,0,TXN_109326,CUS_1190
41.22,66.07,0,2,0,69,0,0,0,UPI,EUR,0,TXN_112136,CUS_2585
100.62,85.95,2,5,0,81,0,0,0,CARD,USD,0,TXN_109554,CUS_6822
5.0,111.61,0,3,1,194,0,0,0,UPI,INR,0,TXN_102403,CUS_4740
37.98,67.81,0,2,0,719,0,0,0,CARD,INR,0,TXN_112899,CUS_3468
110.74,164.74,0,4,0,123,0,0,0,UPI,USD,0,TXN_114673,CUS_5428
120.68,86.64,2,5,0,95,0,0,0,UPI,INR,0,TXN_113818,CUS_8316
115.9,90.79,1,2,1,462,0,0,0,CARD,INR,0,TXN_114024,CUS_1645
302.97,182.77,0,2,0,129,0,0,0,WALLET,USD,0,TXN_112520,CUS_5590
52.16,59.52,0,3,0,56,1,0,0,CARD,INR,0,TXN_108127,CUS_5399
119.98,85.35,0,3,0,727,0,0,0,CARD,USD,0,TXN_108062,CUS_5326
38.69,231.55,0,4,0,227,1,1,0,CARD,INR,0,TXN_106628,CUS_4794
65.39,81.95,0,1,0,141,0,0,0,CARD,INR,0,TXN_114361,CUS_6906
1432.88,256.17,5,6,4,3,1,1,1,CARD,INR,1,TXN_110747,CUS_6021
103.2,110.84,0,2,0,314,0,1,0,CARD,USD,0,TXN_110523,CUS_5518
86.61,72.94,1,1,1,162,0,1,0,CARD,USD,0,TXN_101915,CUS_4566
556.56,655.75,0,2,1,55,0,0,0,NET_BANKING,USD,0,TXN_112804,CUS_4207
414.24,374.16,0,3,0,149,0,0,0,UPI,USD,0,TXN_104799,CUS_6676
140.02,197.74,0,4,0,209,0,0,0,CARD,INR,0,TXN_103688,CUS_3771
55.5,102.0,0,1,0,204,0,0,0,CARD,INR,0,TXN_114529,CUS_7439
215.43,257.32,0,2,0,322,0,0,0,CARD,INR,0,TXN_103498,CUS_4346
118.87,86.51,0,4,0,358,0,0,0,UPI,USD,0,TXN_105743,CUS_5374
121.89,128.59,0,0,0,41,0,0,0,CARD,INR,0,TXN_110707,CUS_7889
42.52,79.71,1,2,0,876,0,0,0,CARD,INR,0,TXN_106217,CUS_2392
99.15,190.84,0,3,0,315,0,0,0,CARD,EUR,0,TXN_111203,CUS_1414
413.87,449.93,0,2,0,223,0,0,0,WALLET,EUR,0,TXN_112560,CUS_9550
42.56,43.67,1,2,0,203,0,0,0,CARD,INR,0,TXN_101049,CUS_9161
23.08,36.87,0,2,0,121,0,0,0,UPI,USD,0,TXN_107954,CUS_6403
13.24,215.8,4,10,4,35,1,1,2,UPI,INR,1,TXN_111519,CUS_7999
47.7,67.89,0,3,0,350,0,0,0,CARD,INR,0,TXN_104420,CUS_5303
53.6,89.68,1,3,0,348,0,0,0,CARD,USD,0,TXN_105145,CUS_8551
74.43,202.52,0,4,0,35,0,0,0,UPI,EUR,0,TXN_104287,CUS_6030
188.65,161.48,1,3,0,424,0,0,0,NET_BANKING,USD,0,TXN_100920,CUS_2934
277.96,171.05,0,2,0,852,0,0,0,UPI,INR,0,TXN_106826,CUS_9640
436.55,332.75,1,8,0,61,0,0,0,CARD,INR,0,TXN_108730,CUS_4519
106.41,85.23,0,2,0,274,0,0,0,UPI,INR,0,TXN_100984,CUS_4796
128.23,100.61,0,2,0,227,0,0,0,WALLET,INR,0,TXN_108494,CUS_6459
52.87,62.87,0,1,0,59,0,0,0,CARD,INR,0,TXN_110518,CUS_3545
92.71,229.05,0,4,0,101,0,0,0,CARD,INR,0,TXN_113225,CUS_3988
244.08,207.44,0,3,0,708,0,0,0,NET_BANKING,INR,0,TXN_105438,CUS_4534
5.0,45.5,2,4,1,51,0,0,0,WALLET,INR,0,TXN_110529,CUS_1015
93.56,199.95,0,0,0,237,0,0,0,CARD,USD,0,TXN_106864,CUS_8209
36.96,61.2,1,4,0,33,0,0,0,CARD,USD,0,TXN_110219,CUS_3769
100.6,109.04,0,4,0,58,1,1,0,UPI,INR,0,TXN_104062,CUS_3463
143.33,107.75,0,1,0,253,0,0,0,UPI,INR,0,TXN_106072,CUS_4491
35.63,49.43,0,2,0,256,0,0,0,NET_BANKING,USD,0,TXN_106024,CUS_5209
99.73,70.74,0,4,0,41,0,0,0,CARD,INR,0,TXN_103512,CUS_8696
89.84,78.88,1,1,0,194,0,0,0,CARD,INR,0,TXN_102890,CUS_1469
148.29,162.15,1,3,0,223,1,0,0,CARD,USD,0,TXN_113068,CUS_8391
244.75,376.9,0,4,0,116,0,0,0,NET_BANKING,INR,0,TXN_106752,CUS_2980
176.73,236.29,0,3,0,172,0,0,0,WALLET,INR,0,TXN_102147,CUS_4921
42.81,37.58,0,2,0,239,1,1,0,UPI,INR,0,TXN_100915,CUS_1396
206.05,157.83,0,1,0,83,0,0,0,CARD,INR,0,TXN_102998,CUS_1513
61.59,61.93,1,3,0,475,0,0,0,UPI,INR,0,TXN_112709,CUS_9502
108.85,101.31,0,0,0,123,0,0,0,UPI,INR,0,TXN_114828,CUS_1322
340.55,179.23,2,3,1,335,0,0,0,CARD,INR,0,TXN_108421,CUS_1955
107.66,108.74,0,5,1,431,0,0,0,UPI,USD,0,TXN_100678,CUS_7244
82.04,116.08,0,3,0,209,0,0,0,CARD,INR,0,TXN_108454,CUS_2995
142.42,111.81,1,2,0,54,0,0,0,CARD,INR,0,TXN_113553,CUS_8136
113.46,245.36,0,0,0,227,0,1,0,CARD,EUR,0,TXN_108545,CUS_9612
17.1,54.31,0,0,0,60,0,0,0,CARD,INR,0,TXN_111583,CUS_6523
100.61,97.38,0,2,1,442,0,0,0,CARD,INR,0,TXN_113764,CUS_6612
50.52,60.43,0,2,0,54,0,0,0,CARD,INR,0,TXN_106814,CUS_4445
145.89,124.14,0,3,0,460,0,0,0,UPI,INR,0,TXN_104703,CUS_1457
141.92,119.58,0,2,0,40,0,0,0,WALLET,INR,0,TXN_111308,CUS_8646
120.1,121.39,0,4,1,85,0,0,0,CARD,INR,0,TXN_103038,CUS_6645
30.64,42.95,0,1,0,308,0,0,0,CARD,INR,0,TXN_109031,CUS_3142
44.2,61.71,0,0,0,52,0,0,0,CARD,INR,0,TXN_102704,CUS_5855
102.62,98.04,0,3,0,560,0,0,0,UPI,INR,0,TXN_111797,CUS_4286
39.27,74.8,0,3,0,333,0,0,0,UPI,INR,0,TXN_109799,CUS_9753
204.36,221.82,1,3,0,160,0,0,0,CARD,USD,0,TXN_100357,CUS_7840
207.31,253.36,0,2,0,115,1,0,0,WALLET,INR,0,TXN_100272,CUS_3054
26.14,33.64,0,3,0,328,0,0,0,CARD,INR,0,TXN_107378,CUS_5374
107.15,88.69,1,5,0,231,0,0,0,UPI,USD,0,TXN_102303,CUS_6785
62.45,120.27,1,4,0,168,0,0,0,CARD,INR,0,TXN_107495,CUS_6432
37.64,63.9,0,1,0,278,0,0,0,UPI,USD,0,TXN_105460,CUS_5500
352.08,305.35,0,1,0,621,0,0,0,CARD,INR,0,TXN_107687,CUS_6480
112.88,122.34,0,2,0,275,0,0,0,WALLET,INR,0,TXN_112893,CUS_5911
22.19,37.7,0,3,0,107,0,0,0,CARD,EUR,0,TXN_109420,CUS_5507
115.71,105.46,0,0,1,269,0,1,0,CARD,INR,0,TXN_105473,CUS_9352
123.27,109.14,0,3,0,153,0,0,0,WALLET,INR,0,TXN_100922,CUS_8595
79.53,70.28,0,2,0,64,0,1,0,CARD,USD,0,TXN_107434,CUS_3816
369.41,255.91,1,2,0,302,0,0,0,UPI,INR,0,TXN_103459,CUS_5242
85.6,80.28,0,1,0,205,0,0,0,CARD,USD,0,TXN_102853,CUS_7545
82.16,111.66,0,1,0,114,0,0,0,UPI,EUR,0,TXN_107907,CUS_7608
76.53,86.12,1,4,0,134,0,0,0,UPI,USD,0,TXN_103298,CUS_8955
68.84,66.5,0,1,1,261,0,1,0,CARD,INR,0,TXN_112734,CUS_5534
113.54,140.36,0,3,0,56,0,0,0,CARD,INR,0,TXN_114501,CUS_8443
30.18,48.48,0,3,0,525,1,0,0,UPI,INR,0,TXN_101830,CUS_3290
76.08,60.66,1,1,0,172,0,1,0,CARD,INR,0,TXN_102712,CUS_3496
78.85,94.64,0,2,0,170,0,0,0,WALLET,INR,0,TXN_107537,CUS_2009
232.57,228.66,0,0,0,143,0,0,0,CARD,USD,0,TXN_100703,CUS_4278
30.99,47.93,0,4,1,36,0,0,0,UPI,USD,0,TXN_108013,CUS_4610
30.36,36.42,2,5,0,301,0,0,0,NET_BANKING,INR,0,TXN_110673,CUS_6274
23.0,23.89,1,3,0,476,0,0,0,CARD,USD,0,TXN_102719,CUS_2155
149.99,175.17,1,4,0,318,0,0,0,CARD,INR,0,TXN_114884,CUS_7280
95.69,51.3,0,2,1,363,0,0,0,CARD,INR,0,TXN_101962,CUS_1254
90.45,68.03,0,3,0,122,0,0,0,WALLET,EUR,0,TXN_109210,CUS_5860
236.43,179.79,0,2,0,764,0,0,0,UPI,INR,0,TXN_111171,CUS_5219
72.07,70.12,0,0,0,600,0,1,0,CARD,INR,0,TXN_104875,CUS_8195
140.59,114.04,1,4,0,225,0,0,0,NET_BANKING,INR,0,TXN_110013,CUS_2398
27.35,26.76,0,0,0,918,0,0,0,UPI,USD,0,TXN_111384,CUS_1442
74.59,70.1,0,2,1,895,1,0,0,UPI,USD,0,TXN_106946,CUS_4605
163.64,231.71,0,1,0,164,0,0,0,CARD,INR,0,TXN_113311,CUS_4308
133.42,149.5,0,1,1,254,0,0,0,UPI,INR,0,TXN_105899,CUS_4371
56.79,101.06,0,1,1,74,0,0,0,UPI,INR,0,TXN_112950,CUS_7527
63.99,61.57,0,0,0,103,0,0,0,UPI,USD,0,TXN_107058,CUS_2966
506.07,446.81,1,3,0,43,0,1,0,UPI,USD,0,TXN_103096,CUS_6259
186.54,158.9,0,2,0,49,0,0,0,NET_BANKING,USD,0,TXN_109538,CUS_5973
187.4,123.76,0,2,1,327,1,0,0,CARD,INR,0,TXN_106005,CUS_8503
5.0,76.26,0,3,0,60,0,0,0,NET_BANKING,INR,0,TXN_102428,CUS_8141
199.34,196.17,0,2,0,157,0,0,0,CARD,USD,0,TXN_102856,CUS_1316
65.36,45.0,0,0,1,102,0,0,0,WALLET,INR,0,TXN_108683,CUS_7462
145.18,203.4,0,2,0,641,0,0,0,CARD,INR,0,TXN_101231,CUS_3241
134.72,129.44,1,4,0,87,1,0,0,NET_BANKING,INR,0,TXN_113155,CUS_9314
167.77,117.9,0,1,0,873,0,0,0,UPI,INR,0,TXN_105527,CUS_9413
63.5,50.22,1,2,0,265,0,0,0,UPI,INR,0,TXN_104994,CUS_5313
202.3,123.5,0,5,0,381,0,0,0,UPI,USD,0,TXN_112017,CUS_1143
88.52,116.87,0,2,0,57,0,0,0,CARD,INR,0,TXN_111371,CUS_8079
163.17,30.85,4,5,1,13,1,1,1,CARD,USD,1,TXN_113208,CUS_5028
64.01,66.29,0,2,0,47,1,0,0,CARD,USD,0,TXN_114779,CUS_7475
88.64,103.08,0,2,0,464,0,0,0,CARD,USD,0,TXN_111914,CUS_5678
86.47,97.1,0,1,0,252,0,1,0,NET_BANKING,INR,0,TXN_109896,CUS_5662
170.59,156.22,0,3,1,162,0,0,0,NET_BANKING,INR,0,TXN_111946,CUS_3147
174.3,178.81,0,0,0,114,0,0,0,NET_BANKING,INR,0,TXN_111529,CUS_6150
95.74,193.62,0,0,0,518,0,0,0,UPI,EUR,0,TXN_105714,CUS_5409
15.04,30.57,0,1,0,83,0,0,0,UPI,USD,0,TXN_110970,CUS_9922
102.54,139.77,0,1,0,359,0,0,0,UPI,USD,0,TXN_100952,CUS_8095
222.52,139.7,0,1,0,128,0,0,0,UPI,USD,0,TXN_104695,CUS_8084
27.65,25.57,0,5,0,655,1,0,0,NET_BANKING,USD,0,TXN_114555,CUS_2410
49.36,56.69,0,1,0,33,0,0,0,NET_BANKING,USD,0,TXN_114397,CUS_6012
27.04,42.51,0,0,1,136,0,0,0,UPI,INR,0,TXN_114616,CUS_7077
30.95,51.89,1,2,0,518,0,0,0,CARD,USD,0,TXN_102745,CUS_5841
116.84,173.55,0,1,0,314,0,0,0,UPI,USD,0,TXN_110222,CUS_3801
45.32,72.99,0,2,0,317,0,0,0,UPI,INR,0,TXN_114708,CUS_3971
178.24,269.93,0,2,0,92,0,0,0,CARD,INR,0,TXN_112367,CUS_6198
60.82,81.87,0,0,0,691,0,0,0,UPI,INR,0,TXN_113406,CUS_6248
57.34,87.87,0,1,0,248,0,0,0,UPI,INR,0,TXN_111518,CUS_8144
39.21,165.08,1,2,0,298,0,0,0,UPI,INR,0,TXN_102195,CUS_9003
76.85,76.98,0,1,0,428,0,0,0,CARD,INR,0,TXN_101565,CUS_2406
181.68,102.27,0,0,0,378,0,0,0,UPI,INR,0,TXN_101366,CUS_7893
50.49,36.86,0,2,0,683,0,0,0,UPI,INR,0,TXN_105690,CUS_6233
139.15,32.3,5,11,3,16,1,1,1,CARD,EUR,1,TXN_103920,CUS_6373
129.26,174.5,0,0,0,254,0,0,0,CARD,USD,0,TXN_100453,CUS_3143
33.71,35.35,0,2,0,37,0,0,0,WALLET,INR,0,TXN_104730,CUS_2134
55.4,42.87,0,3,0,255,0,0,0,CARD,INR,0,TXN_109857,CUS_2314
155.06,193.9,1,2,0,206,0,0,0,UPI,USD,0,TXN_106028,CUS_6050
225.52,195.55,0,1,0,1005,0,0,0,WALLET,EUR,0,TXN_104742,CUS_7403
44.36,43.35,0,3,0,183,0,0,0,CARD,INR,0,TXN_103301,CUS_7733
7.29,19.16,1,1,0,131,0,0,0,WALLET,EUR,0,TXN_101967,CUS_8689
398.48,454.49,0,5,0,119,0,0,0,CARD,USD,0,TXN_100672,CUS_8405
30.06,41.22,0,2,0,146,0,1,0,UPI,USD,0,TXN_108117,CUS_1562
23.02,21.51,1,5,1,368,0,0,0,UPI,INR,0,TXN_109377,CUS_5923
84.43,79.74,0,0,0,267,0,0,0,UPI,USD,0,TXN_110342,CUS_4087
58.49,140.09,0,0,0,167,0,0,0,CARD,INR,0,TXN_107600,CUS_7945
66.67,57.4,0,3,0,513,0,0,0,UPI,USD,0,TXN_107150,CUS_2750
541.46,404.11,0,2,1,59,0,0,0,CARD,USD,0,TXN_111853,CUS_9805
289.78,226.58,0,3,0,998,0,0,0,CARD,USD,0,TXN_106649,CUS_9951
6.63,18.59,0,0,0,464,0,0,0,UPI,INR,0,TXN_103100,CUS_3165
73.92,48.71,0,3,0,57,0,0,0,CARD,INR,0,TXN_104077,CUS_7734
494.78,342.12,0,1,0,272,0,0,0,WALLET,INR,0,TXN_109607,CUS_7191
88.06,85.95,0,1,0,101,0,0,0,UPI,INR,0,TXN_104640,CUS_4698
51.44,111.35,1,3,0,700,0,0,0,UPI,INR,0,TXN_107540,CUS_5177
141.85,178.81,0,1,0,469,0,0,0,UPI,INR,0,TXN_101707,CUS_4298
70.4,116.61,0,5,0,34,0,0,0,WALLET,INR,0,TXN_111202,CUS_6509
333.99,685.71,1,4,0,32,0,0,0,WALLET,USD,0,TXN_103777,CUS_4661
75.28,59.47,0,1,0,45,0,0,0,CARD,USD,0,TXN_111727,CUS_2284
66.76,91.31,0,4,0,38,0,0,0,CARD,USD,0,TXN_103882,CUS_5031
210.98,185.44,1,2,0,166,0,0,0,CARD,EUR,0,TXN_114636,CUS_1477
434.54,412.61,0,2,0,51,0,1,0,CARD,INR,0,TXN_106050,CUS_8326
345.49,316.82,0,1,0,139,0,0,0,UPI,INR,0,TXN_107604,CUS_6267
40.81,42.16,0,0,0,475,0,1,0,UPI,INR,0,TXN_102804,CUS_7202
436.68,250.11,0,3,0,156,0,0,0,NET_BANKING,USD,0,TXN_104568,CUS_8856
679.73,354.17,1,2,1,81,0,0,0,WALLET,INR,0,TXN_104860,CUS_7335
113.28,79.62,1,3,0,110,0,0,0,CARD,USD,0,TXN_103967,CUS_8356
149.22,163.8,0,3,1,321,0,0,0,CARD,INR,0,TXN_104403,CUS_5538
148.22,136.63,0,1,0,208,1,0,0,UPI,USD,0,TXN_113532,CUS_5633
61.35,55.13,1,4,0,97,0,0,0,CARD,EUR,0,TXN_107953,CUS_6176
105.32,92.62,0,3,0,591,0,0,0,CARD,INR,0,TXN_109993,CUS_5656
142.23,158.1,0,3,0,509,0,0,0,WALLET,INR,0,TXN_113998,CUS_4626
57.79,43.76,0,2,0,68,0,0,0,CARD,INR,0,TXN_112727,CUS_9590
130.93,172.39,0,1,0,682,0,0,0,CARD,USD,0,TXN_100857,CUS_4984
81.46,96.94,1,4,0,245,0,0,0,NET_BANKING,INR,0,TXN_103137,CUS_2062
349.56,318.16,0,2,0,105,0,0,0,UPI,INR,0,TXN_110406,CUS_4991
26.94,34.72,0,0,0,83,0,0,0,UPI,INR,0,TXN_110317,CUS_1076
72.82,67.21,0,4,0,149,0,0,0,CARD,INR,0,TXN_107937,CUS_2317
84.51,90.73,0,3,1,97,0,0,0,CARD,INR,0,TXN_111383,CUS_2845
96.03,124.45,1,1,0,200,0,0,0,UPI,USD,0,TXN_100020,CUS_8987
18.9,24.3,1,1,1,220,1,0,0,WALLET,INR,0,TXN_114831,CUS_6195
39.27,39.16,0,3,0,142,0,0,0,UPI,USD,0,TXN_107504,CUS_5912
266.69,189.35,1,2,0,558,0,0,0,CARD,INR,0,TXN_101900,CUS_3195
72.67,143.52,0,1,0,261,0,0,0,CARD,INR,0,TXN_109455,CUS_4997
53.98,112.83,1,2,0,91,0,0,0,CARD,INR,0,TXN_109651,CUS_5854
46.74,73.52,0,1,1,95,0,0,0,CARD,INR,0,TXN_109269,CUS_3094
206.68,334.05,0,2,0,202,0,0,0,UPI,USD,0,TXN_114968,CUS_2472
15.94,51.57,0,1,0,431,0,0,0,UPI,USD,0,TXN_109507,CUS_7448
115.48,80.31,1,3,0,207,0,0,0,WALLET,INR,0,TXN_102545,CUS_2884
5.0,115.47,0,3,1,57,0,0,0,CARD,USD,0,TXN_108657,CUS_2521
254.73,336.49,0,4,0,113,0,0,0,CARD,INR,0,TXN_110974,CUS_2247
91.72,128.53,0,3,0,287,0,0,0,UPI,INR,0,TXN_111910,CUS_7699
47.5,36.75,0,4,0,470,0,0,0,UPI,INR,0,TXN_108316,CUS_5595
48.73,52.97,1,3,0,925,0,0,0,UPI,USD,0,TXN_108431,CUS_7555
169.43,211.8,1,5,0,48,0,0,0,CARD,USD,0,TXN_100476,CUS_8010
1843.06,426.13,4,8,4,4,1,1,0,CARD,INR,1,TXN_113457,CUS_8801
58.1,72.33,0,2,0,640,0,0,0,CARD,USD,0,TXN_114054,CUS_3984
168.19,257.63,0,0,0,462,0,0,0,NET_BANKING,EUR,0,TXN_105012,CUS_8103
173.25,126.7,0,4,0,218,0,0,0,CARD,EUR,0,TXN_101834,CUS_1226
1417.87,148.67,5,13,6,34,1,0,1,CARD,USD,1,TXN_108719,CUS_3943
42.26,85.25,0,2,0,264,0,0,0,UPI,INR,0,TXN_101458,CUS_2367
95.99,77.82,2,2,0,155,0,0,0,NET_BANKING,USD,0,TXN_109418,CUS_8367
95.66,100.6,0,4,0,408,0,1,0,CARD,INR,0,TXN_112880,CUS_3147
335.78,217.2,0,5,0,479,0,0,0,NET_BANKING,INR,0,TXN_103799,CUS_3016
201.43,162.99,0,1,0,90,0,0,0,CARD,EUR,0,TXN_100196,CUS_4295
169.19,127.91,0,5,1,760,1,0,0,CARD,USD,0,TXN_104183,CUS_7935
70.46,59.54,0,3,0,258,0,0,0,UPI,INR,0,TXN_103143,CUS_2491
26.21,45.24,0,2,0,186,0,0,0,CARD,INR,0,TXN_108705,CUS_3811
104.31,101.3,1,4,0,243,1,0,0,CARD,USD,0,TXN_113815,CUS_7987
97.79,109.47,0,2,0,837,0,0,0,UPI,USD,0,TXN_108805,CUS_2679
220.21,182.6,0,3,0,194,0,0,0,CARD,INR,0,TXN_103341,CUS_5334
1134.15,66.09,4,7,1,60,0,1,1,CARD,EUR,1,TXN_103733,CUS_8732
317.39,185.99,0,3,0,65,0,0,0,CARD,INR,0,TXN_114087,CUS_8392
80.43,64.82,1,2,0,862,0,0,0,CARD,INR,0,TXN_104967,CUS_1036
63.24,53.75,0,2,0,178,0,0,0,UPI,INR,0,TXN_103875,CUS_8564
31.04,37.5,0,1,0,34,0,0,0,WALLET,INR,0,TXN_112414,CUS_1184
174.03,291.3,1,3,0,93,0,0,0,WALLET,USD,0,TXN_106904,CUS_1217
466.04,409.54,1,4,0,924,0,0,0,CARD,EUR,0,TXN_110433,CUS_9691
138.91,114.88,0,2,1,142,0,0,0,CARD,USD,0,TXN_108417,CUS_7901
415.41,363.77,1,3,0,86,0,1,0,UPI,EUR,0,TXN_110070,CUS_5910
141.4,96.69,1,5,0,861,0,0,0,CARD,INR,0,TXN_101609,CUS_2282
125.14,64.51,0,3,0,264,0,1,0,WALLET,USD,0,TXN_106302,CUS_1442
90.52,291.81,1,5,1,120,0,0,0,CARD,EUR,0,TXN_109553,CUS_3794
370.42,381.12,0,2,0,274,0,0,0,CARD,EUR,0,TXN_112278,CUS_7433
115.16,90.55,0,2,0,354,0,0,0,CARD,INR,0,TXN_104951,CUS_7035
230.32,482.52,1,2,0,64,0,0,0,NET_BANKING,INR,0,TXN_112427,CUS_2986
256.58,220.26,1,5,0,223,0,0,0,UPI,INR,0,TXN_100656,CUS_7586
78.05,102.14,0,2,0,172,0,0,0,UPI,INR,0,TXN_111400,CUS_1221
85.79,108.84,1,3,0,364,1,0,0,CARD,INR,0,TXN_100095,CUS_5597
55.3,79.09,1,3,0,216,0,0,0,CARD,INR,0,TXN_111551,CUS_9203
140.94,147.77,0,0,0,445,0,0,0,UPI,USD,0,TXN_113123,CUS_9496
78.16,78.58,0,1,0,228,0,0,0,CARD,INR,0,TXN_105626,CUS_2900
177.85,183.68,0,3,0,407,0,0,0,CARD,INR,0,TXN_100437,CUS_1754
165.04,145.33,0,1,0,194,0,0,0,CARD,USD,0,TXN_111074,CUS_5503
108.34,151.58,1,3,1,180,0,0,0,NET_BANKING,INR,0,TXN_103101,CUS_3573
78.38,66.82,1,1,0,122,0,0,0,WALLET,INR,0,TXN_101885,CUS_1173
78.2,79.96,0,1,0,210,0,0,0,UPI,EUR,0,TXN_108165,CUS_4357
55.35,47.94,0,0,0,262,0,0,0,CARD,INR,0,TXN_113399,CUS_5762
30.06,31.13,0,3,0,101,1,0,0,UPI,INR,0,TXN_107057,CUS_7183
114.46,190.14,1,1,0,171,0,0,0,WALLET,USD,0,TXN_103830,CUS_6181
301.11,267.25,0,0,0,294,0,0,0,CARD,INR,0,TXN_103847,CUS_2463
43.03,58.66,2,3,0,466,0,0,0,CARD,INR,0,TXN_112177,CUS_1300
271.96,224.7,0,2,0,501,0,1,0,NET_BANKING,INR,0,TXN_108415,CUS_8275
154.57,173.49,1,5,0,55,0,0,0,CARD,INR,0,TXN_108463,CUS_3442
90.37,103.6,1,3,0,189,0,0,0,CARD,USD,0,TXN_111880,CUS_1281
87.34,76.73,0,1,0,81,0,0,0,UPI,INR,0,TXN_104323,CUS_7269
70.92,80.92,0,1,0,192,0,0,0,CARD,EUR,0,TXN_102398,CUS_9538
180.34,169.82,0,1,0,691,1,0,0,UPI,EUR,0,TXN_104914,CUS_7614
39.59,70.99,1,2,0,768,1,0,0,CARD,USD,0,TXN_114215,CUS_1702
319.19,234.17,0,1,0,109,0,1,0,UPI,EUR,0,TXN_110057,CUS_4492
150.63,246.66,2,4,0,55,0,1,0,CARD,INR,0,TXN_111208,CUS_7592
41.15,54.36,0,2,0,75,0,0,0,NET_BANKING,USD,0,TXN_108832,CUS_3396
736.63,510.07,0,2,0,67,0,1,0,CARD,USD,0,TXN_104451,CUS_5628
51.6,55.78,0,2,0,285,0,0,0,CARD,INR,0,TXN_106874,CUS_3332
54.6,45.46,0,1,0,35,0,0,0,CARD,INR,0,TXN_108968,CUS_8577
176.98,113.12,1,1,0,38,0,1,0,UPI,EUR,0,TXN_110757,CUS_3009
317.79,383.2,1,5,0,132,0,0,0,CARD,USD,0,TXN_112361,CUS_2177
50.21,64.75,0,2,0,664,0,0,0,CARD,USD,0,TXN_113648,CUS_7467
82.33,60.71,0,2,0,66,0,0,0,CARD,EUR,0,TXN_113321,CUS_8337
44.29,58.79,0,2,0,153,0,0,0,UPI,INR,0,TXN_109598,CUS_2677
92.61,97.47,0,0,0,748,0,0,0,UPI,USD,0,TXN_107528,CUS_1304
121.38,306.95,0,4,0,499,0,0,0,CARD,INR,0,TXN_106976,CUS_5762
160.05,157.93,0,1,0,676,0,0,0,CARD,EUR,0,TXN_111931,CUS_4391
64.05,32.55,0,0,0,185,0,0,0,CARD,INR,0,TXN_106450,CUS_8855
100.61,81.36,0,4,0,76,1,0,0,CARD,USD,0,TXN_105416,CUS_4599
44.16,36.42,0,3,0,171,0,0,0,CARD,USD,0,TXN_106707,CUS_7991
112.82,87.84,0,2,0,35,0,0,0,UPI,INR,0,TXN_110269,CUS_2392
116.97,188.89,0,1,0,143,0,0,0,UPI,EUR,0,TXN_106002,CUS_3064
167.3,129.85,0,3,0,49,0,0,0,UPI,INR,0,TXN_112015,CUS_8252
27.31,50.62,0,0,0,170,0,1,0,CARD,USD,0,TXN_113664,CUS_2355
235.26,168.2,2,4,0,277,1,0,0,CARD,INR,0,TXN_111547,CUS_7191
1537.36,171.43,4,4,4,28,1,1,1,CARD,INR,1,TXN_107424,CUS_9591
123.83,86.9,1,3,0,133,0,0,0,CARD,USD,0,TXN_104840,CUS_1833
588.58,436.33,0,3,0,299,0,0,0,UPI,USD,0,TXN_101678,CUS_7458
155.57,144.73,0,5,0,258,0,0,0,UPI,INR,0,TXN_111645,CUS_8012
60.33,44.36,0,5,0,929,0,1,0,UPI,EUR,0,TXN_109080,CUS_3718
1005.41,102.33,7,10,4,48,1,0,2,UPI,USD,1,TXN_105443,CUS_4496
45.66,40.08,1,3,0,1059,0,1,0,UPI,INR,0,TXN_104723,CUS_9228
312.12,418.82,0,2,0,128,0,0,0,CARD,INR,0,TXN_104523,CUS_3940
111.61,82.67,1,4,0,526,0,1,0,WALLET,INR,0,TXN_101759,CUS_6013
83.48,65.49,1,4,0,68,1,0,0,CARD,INR,0,TXN_104943,CUS_2798
249.39,184.44,0,3,1,272,1,0,0,CARD,EUR,0,TXN_106627,CUS_4744
96.91,158.95,0,2,0,135,0,0,0,UPI,INR,0,TXN_102535,CUS_4804
35.83,45.79,0,2,0,559,0,1,0,NET_BANKING,INR,0,TXN_104028,CUS_1560
30.2,27.81,0,5,0,149,0,0,0,UPI,INR,0,TXN_100699,CUS_6090
426.7,279.35,0,1,0,38,0,0,0,NET_BANKING,INR,0,TXN_111489,CUS_6139
63.21,123.53,1,6,0,49,0,0,0,CARD,INR,0,TXN_102771,CUS_2696
78.31,64.76,0,1,0,656,0,0,0,UPI,INR,0,TXN_106347,CUS_3924
46.11,93.81,0,3,0,263,0,0,0,NET_BANKING,USD,0,TXN_106230,CUS_2398
80.39,110.35,1,2,0,257,0,0,0,WALLET,USD,0,TXN_102863,CUS_3233
126.38,96.43,0,0,0,42,1,0,0,UPI,INR,0,TXN_109910,CUS_2909
165.35,170.91,1,2,0,89,0,0,0,UPI,INR,0,TXN_102388,CUS_2531
32.6,32.92,0,2,0,52,0,0,0,CARD,INR,0,TXN_105199,CUS_9795
42.58,43.3,0,2,0,146,0,0,0,NET_BANKING,INR,0,TXN_103955,CUS_8254
119.35,98.4,0,0,0,83,0,0,0,CARD,INR,0,TXN_102161,CUS_5878
455.05,504.77,0,1,0,187,0,0,0,CARD,INR,0,TXN_114627,CUS_4186
287.26,191.21,1,1,0,206,0,1,0,UPI,INR,0,TXN_111704,CUS_6535
1643.91,134.37,4,6,2,14,0,0,0,WALLET,EUR,1,TXN_104941,CUS_9944
327.84,270.38,0,1,0,32,0,0,0,UPI,EUR,0,TXN_102274,CUS_7200
359.84,231.63,1,2,0,81,0,0,0,CARD,INR,0,TXN_101556,CUS_4851
111.7,181.96,0,3,0,184,0,0,0,CARD,USD,0,TXN_106679,CUS_1939
134.33,117.52,0,2,0,150,0,1,0,UPI,EUR,0,TXN_110861,CUS_2472
74.09,69.21,2,3,0,321,0,0,0,WALLET,USD,0,TXN_107252,CUS_6462
57.45,66.78,0,4,0,42,0,0,0,CARD,INR,0,TXN_109473,CUS_6669
167.6,94.84,1,8,1,310,0,0,0,CARD,USD,0,TXN_110557,CUS_5353
229.66,194.67,1,7,0,71,0,0,0,CARD,EUR,0,TXN_109297,CUS_7407
1658.7,320.3,6,8,1,37,0,1,1,WALLET,EUR,1,TXN_111215,CUS_8300
215.56,395.95,0,1,0,399,0,0,0,UPI,INR,0,TXN_108989,CUS_4364
55.87,52.82,0,2,0,364,0,1,0,NET_BANKING,INR,0,TXN_109834,CUS_3138
87.61,111.9,0,2,0,159,0,0,0,UPI,EUR,0,TXN_102913,CUS_8721
152.81,136.42,0,3,0,109,0,0,0,CARD,INR,0,TXN_103118,CUS_3483
184.08,243.55,0,3,0,77,0,0,0,UPI,USD,0,TXN_104413,CUS_9702
84.06,73.91,0,3,1,66,0,0,0,NET_BANKING,EUR,0,TXN_114743,CUS_3734
369.36,244.49,1,3,0,170,0,0,0,CARD,EUR,0,TXN_110899,CUS_3949
36.64,69.93,0,2,0,101,0,0,0,CARD,INR,0,TXN_114659,CUS_2487
35.32,24.25,0,2,0,382,0,0,0,WALLET,USD,0,TXN_110029,CUS_2348
556.78,442.53,3,3,1,173,0,0,0,UPI,USD,0,TXN_112319,CUS_5592
102.09,92.12,0,3,0,1021,0,0,0,WALLET,USD,0,TXN_103465,CUS_3390
59.89,54.43,0,0,0,226,0,0,0,CARD,USD,0,TXN_105533,CUS_3487
22.85,54.79,1,2,1,158,0,0,0,CARD,INR,0,TXN_112161,CUS_1600
57.43,60.81,0,4,0,390,0,0,0,CARD,USD,0,TXN_112919,CUS_8721
150.27,119.42,0,1,0,558,0,0,0,UPI,INR,0,TXN_100246,CUS_7811
73.06,46.4,0,1,0,90,0,0,0,UPI,INR,0,TXN_108772,CUS_4500
117.34,128.24,0,2,0,247,0,0,0,CARD,INR,0,TXN_106451,CUS_1645
40.14,48.53,0,1,0,60,0,0,0,CARD,EUR,0,TXN_109967,CUS_2752
101.64,69.54,2,2,0,359,0,0,0,CARD,USD,0,TXN_102424,CUS_4707
196.0,128.9,1,4,0,96,1,0,0,NET_BANKING,INR,0,TXN_104220,CUS_9367
51.11,41.3,0,2,1,582,0,0,0,CARD,INR,0,TXN_106370,CUS_1184
105.6,109.87,0,4,0,257,0,0,0,UPI,USD,0,TXN_111276,CUS_9624
119.52,79.24,0,4,0,419,0,0,0,CARD,INR,0,TXN_107552,CUS_4383
24.73,42.07,0,3,0,420,0,0,0,CARD,USD,0,TXN_110287,CUS_4320
47.59,95.83,1,2,1,197,0,0,0,CARD,USD,0,TXN_113840,CUS_7332
51.77,98.89,0,3,0,55,0,0,0,UPI,EUR,0,TXN_107745,CUS_7028
129.54,85.09,0,3,0,441,0,0,0,CARD,USD,0,TXN_102283,CUS_4405
17.43,41.32,2,3,0,227,1,0,0,CARD,INR,0,TXN_112527,CUS_7048
90.3,97.33,0,1,0,274,0,0,0,UPI,EUR,0,TXN_109812,CUS_5758
717.87,68.33,4,7,3,9,0,1,1,CARD,USD,1,TXN_106975,CUS_9069
44.11,54.54,0,2,0,33,0,0,0,UPI,INR,0,TXN_103473,CUS_7053
379.91,271.03,0,1,0,70,0,0,0,CARD,USD,0,TXN_110110,CUS_5299
6.45,21.01,1,5,0,209,0,0,0,WALLET,USD,0,TXN_108465,CUS_7721
185.82,216.7,0,2,0,55,0,0,0,CARD,INR,0,TXN_104514,CUS_1000
332.72,382.66,0,0,1,199,0,0,0,UPI,INR,0,TXN_102136,CUS_6531
74.63,69.72,0,2,0,157,0,0,0,NET_BANKING,INR,0,TXN_105738,CUS_8072
7.62,190.06,4,8,2,113,1,1,0,CARD,INR,1,TXN_105694,CUS_3304
182.13,136.16,0,1,0,283,0,0,0,CARD,USD,0,TXN_106511,CUS_3375
28.08,39.96,0,2,0,456,0,0,0,WALLET,INR,0,TXN_111102,CUS_9503
139.55,150.44,1,3,0,181,0,0,0,CARD,INR,0,TXN_102165,CUS_8108
165.73,149.83,0,5,0,196,0,0,0,CARD,INR,0,TXN_104326,CUS_7573
121.32,145.16,1,3,0,264,0,1,0,CARD,INR,0,TXN_106032,CUS_1902
95.32,70.33,0,2,0,54,1,0,0,CARD,INR,0,TXN_108005,CUS_2548
273.07,257.36,0,1,0,89,0,0,0,UPI,EUR,0,TXN_110208,CUS_8981
294.38,356.31,0,4,0,181,0,0,0,UPI,INR,0,TXN_113904,CUS_1443
245.35,163.1,0,0,0,188,0,0,0,NET_BANKING,INR,0,TXN_100115,CUS_5153
356.78,458.72,2,3,0,100,0,1,0,UPI,INR,0,TXN_108508,CUS_9107
66.67,45.78,0,0,0,65,0,0,0,CARD,EUR,0,TXN_109734,CUS_6825
39.32,34.31,0,2,0,289,0,0,0,CARD,INR,0,TXN_110474,CUS_2165
105.3,93.48,0,2,0,120,0,1,0,UPI,INR,0,TXN_105939,CUS_3021
112.85,99.17,0,4,0,263,0,0,0,CARD,INR,0,TXN_101995,CUS_9381
386.59,267.24,0,2,0,473,0,0,0,UPI,INR,0,TXN_113266,CUS_8796
133.43,93.67,0,2,0,49,0,0,0,CARD,INR,0,TXN_102744,CUS_9994
225.53,214.99,0,2,0,471,0,1,0,UPI,INR,0,TXN_108225,CUS_2582
90.03,76.83,0,1,0,96,0,0,0,NET_BANKING,USD,0,TXN_111096,CUS_2653
74.88,73.63,0,3,1,455,0,0,0,CARD,INR,0,TXN_105830,CUS_9413
36.07,81.89,1,4,0,35,0,0,0,CARD,USD,0,TXN_103117,CUS_1391
221.19,157.35,2,4,0,231,0,0,0,NET_BANKING,INR,0,TXN_108376,CUS_6198
263.66,208.8,0,3,0,481,0,0,0,WALLET,EUR,0,TXN_103356,CUS_2354
42.48,47.75,1,3,0,704,0,0,0,WALLET,INR,0,TXN_103681,CUS_7692
66.31,121.44,1,4,1,43,0,0,0,CARD,INR,0,TXN_108129,CUS_3721
57.28,60.97,0,1,1,486,0,0,0,UPI,INR,0,TXN_108303,CUS_7756
228.09,205.21,1,1,0,90,0,0,0,CARD,INR,0,TXN_105702,CUS_8569
174.89,164.41,0,3,0,174,1,0,0,UPI,INR,0,TXN_104584,CUS_9256
67.59,73.23,0,1,0,51,0,0,0,CARD,INR,0,TXN_113933,CUS_8676
102.74,85.39,1,4,1,124,0,0,0,UPI,INR,0,TXN_112008,CUS_9346
224.96,195.23,0,0,0,104,0,0,0,CARD,INR,0,TXN_112078,CUS_8021
85.95,122.93,1,2,0,627,0,0,0,WALLET,USD,0,TXN_112597,CUS_4616
76.22,129.01,0,0,0,528,0,0,0,CARD,INR,0,TXN_102849,CUS_1354
76.08,97.87,0,4,0,372,0,0,0,CARD,INR,0,TXN_113487,CUS_1149
71.36,90.8,1,3,0,59,0,0,0,NET_BANKING,USD,0,TXN_112463,CUS_7898
140.83,179.76,0,3,0,719,0,0,0,CARD,INR,0,TXN_103405,CUS_3437
408.5,242.25,0,2,0,82,0,0,0,CARD,INR,0,TXN_111506,CUS_4364
108.02,94.93,0,0,1,201,0,0,0,UPI,USD,0,TXN_103965,CUS_3360
155.23,109.29,1,2,0,265,0,0,0,UPI,INR,0,TXN_100501,CUS_7833
464.9,437.65,1,1,0,96,0,0,0,UPI,USD,0,TXN_107819,CUS_4758
33.38,24.3,1,3,0,48,0,0,0,CARD,INR,0,TXN_104511,CUS_4970
342.88,223.35,1,2,0,519,0,0,0,WALLET,USD,0,TXN_112675,CUS_7458
376.68,384.32,0,3,0,383,0,0,0,CARD,USD,0,TXN_111168,CUS_7110
216.17,156.12,0,1,0,79,0,1,0,CARD,USD,0,TXN_106453,CUS_4537
131.85,101.58,1,4,0,397,0,0,0,CARD,USD,0,TXN_101114,CUS_8436
52.05,42.26,0,1,0,257,0,0,0,UPI,USD,0,TXN_114057,CUS_9790
91.48,56.6,0,1,0,317,0,0,0,UPI,USD,0,TXN_110229,CUS_8619
124.66,125.65,2,3,0,149,0,0,0,CARD,INR,0,TXN_109123,CUS_1192
296.85,69.47,3,7,3,26,1,1,1,CARD,INR,1,TXN_113833,CUS_4144
46.55,40.92,1,3,0,200,0,0,0,UPI,INR,0,TXN_113940,CUS_8141
216.42,167.7,1,4,0,390,0,0,1,UPI,USD,0,TXN_104203,CUS_6542
41.48,41.13,1,1,1,268,0,0,0,CARD,USD,0,TXN_101019,CUS_3096
76.48,96.87,0,3,0,76,0,0,0,UPI,EUR,0,TXN_105314,CUS_4371
128.29,148.62,0,0,0,364,0,0,0,CARD,INR,0,TXN_103438,CUS_3948
226.17,253.94,0,3,0,329,0,0,0,CARD,INR,0,TXN_114120,CUS_3410
48.14,64.11,1,3,0,301,0,1,0,CARD,USD,0,TXN_101664,CUS_7900
85.83,75.13,0,5,0,975,0,0,0,UPI,INR,0,TXN_110675,CUS_3633
113.22,96.26,1,3,0,72,0,0,0,UPI,EUR,0,TXN_113134,CUS_1350
102.41,61.54,0,3,0,125,0,0,0,NET_BANKING,INR,0,TXN_113508,CUS_7614
35.09,37.64,1,5,0,141,0,0,0,UPI,INR,0,TXN_114923,CUS_8158
144.6,89.8,1,4,0,97,0,0,0,WALLET,INR,0,TXN_108345,CUS_6664
80.11,167.08,0,1,1,138,0,0,0,CARD,INR,0,TXN_111261,CUS_3853
51.73,29.29,2,4,0,36,0,0,0,CARD,INR,0,TXN_106547,CUS_1945
100.88,96.33,0,3,0,140,0,0,0,UPI,INR,0,TXN_114113,CUS_4277
36.99,59.02,0,2,0,139,1,0,0,CARD,INR,0,TXN_105924,CUS_1941
32.28,25.98,1,1,0,92,0,0,0,NET_BANKING,INR,0,TXN_114750,CUS_3929
50.44,59.96,0,3,0,85,0,0,0,NET_BANKING,USD,0,TXN_103701,CUS_3513
42.38,47.09,1,4,1,103,0,0,0,CARD,INR,0,TXN_110377,CUS_9976
93.18,95.93,0,2,1,667,0,0,0,UPI,USD,0,TXN_104570,CUS_5767
52.45,108.81,0,4,0,620,0,0,0,CARD,USD,0,TXN_101127,CUS_1076
24.34,30.63,0,1,0,54,0,0,0,UPI,INR,0,TXN_107624,CUS_8763
141.67,131.89,1,1,1,50,0,0,1,CARD,INR,0,TXN_112938,CUS_6405
80.41,78.7,1,1,0,405,0,0,0,CARD,INR,0,TXN_110037,CUS_2874
285.79,247.67,0,3,0,87,0,0,0,CARD,USD,0,TXN_111775,CUS_2889
163.39,86.79,0,0,0,242,0,0,0,CARD,INR,0,TXN_105360,CUS_7547
207.94,228.88,0,3,0,46,0,0,0,NET_BANKING,USD,0,TXN_101829,CUS_1037
5.0,203.49,1,3,0,188,0,0,0,CARD,EUR,0,TXN_108701,CUS_7018
450.16,391.28,2,3,1,204,0,1,0,UPI,INR,0,TXN_113353,CUS_9591
258.97,160.56,0,1,1,356,0,0,0,CARD,EUR,0,TXN_103937,CUS_6062
70.69,138.2,0,3,0,511,0,1,0,UPI,INR,0,TXN_110241,CUS_9110
19.71,28.43,2,4,0,39,0,0,0,CARD,USD,0,TXN_110865,CUS_7256
102.71,100.49,2,3,0,92,0,0,0,CARD,USD,0,TXN_113986,CUS_2441
79.71,98.64,0,1,0,436,0,0,1,UPI,INR,0,TXN_114833,CUS_3453
94.47,51.56,0,4,0,42,0,0,0,UPI,INR,0,TXN_112724,CUS_6559
192.6,156.9,1,4,0,139,0,0,0,CARD,INR,0,TXN_114299,CUS_7060
156.24,242.38,0,2,0,345,0,0,1,UPI,INR,0,TXN_107721,CUS_6136
23.3,23.55,1,2,0,371,0,0,0,CARD,INR,0,TXN_101397,CUS_2105
221.5,116.69,0,5,0,62,0,0,0,UPI,USD,0,TXN_113110,CUS_7797
97.04,96.76,0,4,0,96,0,1,0,UPI,EUR,0,TXN_108067,CUS_9630
47.02,46.74,1,5,1,49,0,0,0,UPI,INR,0,TXN_108458,CUS_8113
52.03,50.34,0,3,0,245,0,0,0,CARD,INR,0,TXN_104386,CUS_6368
179.56,184.39,0,2,0,89,0,0,0,WALLET,INR,0,TXN_110228,CUS_5811
45.66,26.7,2,6,0,45,0,0,0,CARD,INR,0,TXN_103478,CUS_3873
99.15,71.46,0,3,0,582,0,1,0,NET_BANKING,USD,0,TXN_100372,CUS_9720
131.94,154.93,0,2,0,365,0,0,0,CARD,INR,0,TXN_102237,CUS_2606
155.36,158.97,0,0,0,186,1,0,0,CARD,EUR,0,TXN_110489,CUS_2402
245.05,264.56,0,0,0,457,0,0,0,NET_BANKING,INR,0,TXN_111262,CUS_7463
89.13,82.61,1,1,0,489,0,0,0,CARD,INR,0,TXN_111214,CUS_4947
139.67,113.07,1,3,0,578,0,0,0,UPI,USD,0,TXN_111959,CUS_8488
57.19,66.09,1,2,0,281,0,0,0,CARD,INR,0,TXN_107983,CUS_7615
428.6,283.27,0,3,0,215,0,0,0,CARD,INR,0,TXN_113147,CUS_9873
363.75,552.35,0,5,0,208,0,0,0,UPI,USD,0,TXN_108011,CUS_3037
74.08,144.98,0,2,0,591,0,0,0,UPI,USD,0,TXN_104517,CUS_6020
172.8,148.06,0,1,0,504,0,1,0,WALLET,USD,0,TXN_110648,CUS_3527
52.48,76.24,0,0,0,183,0,0,0,CARD,USD,0,TXN_106529,CUS_5024
36.22,25.26,1,4,0,166,0,0,0,CARD,EUR,0,TXN_109989,CUS_2345
214.6,189.74,0,2,0,140,0,0,0,UPI,INR,0,TXN_103680,CUS_5254
24.7,43.62,1,2,0,58,0,0,0,CARD,INR,0,TXN_106015,CUS_8968
196.53,225.21,0,2,0,34,0,0,0,UPI,INR,0,TXN_110435,CUS_2413
252.67,286.13,2,6,0,1238,0,0,0,UPI,EUR,0,TXN_105583,CUS_7328
106.09,79.37,0,1,0,371,0,0,0,UPI,INR,0,TXN_104531,CUS_2612
232.47,153.71,0,4,0,30,0,0,0,NET_BANKING,USD,0,TXN_101133,CUS_8493
194.79,190.17,0,1,0,31,0,1,0,CARD,USD,0,TXN_109044,CUS_9249
128.59,241.59,1,2,0,40,0,0,0,CARD,USD,0,TXN_110977,CUS_4644
98.52,94.79,1,3,1,112,0,0,0,UPI,EUR,0,TXN_106183,CUS_1443
137.77,119.92,2,2,1,43,0,1,0,NET_BANKING,USD,0,TXN_104234,CUS_3629
80.77,53.86,0,2,0,70,1,0,0,CARD,INR,0,TXN_101160,CUS_2600
148.56,135.36,1,3,0,79,0,0,0,UPI,INR,0,TXN_100405,CUS_1434
89.8,72.77,0,2,0,196,0,0,0,UPI,USD,0,TXN_105485,CUS_2821
84.66,60.29,0,1,0,86,0,0,0,CARD,EUR,0,TXN_113635,CUS_1578
172.38,130.77,1,6,0,693,0,0,0,CARD,INR,0,TXN_103979,CUS_1973
79.02,61.44,0,3,0,673,0,0,0,CARD,INR,0,TXN_100353,CUS_6622
20.14,49.55,1,3,2,310,0,0,0,CARD,INR,0,TXN_113603,CUS_9521
91.14,97.92,0,2,0,336,0,0,0,UPI,USD,0,TXN_103023,CUS_2263
107.09,79.45,0,3,0,34,0,0,0,CARD,USD,0,TXN_100112,CUS_8830
221.78,221.69,0,0,0,84,0,1,0,CARD,EUR,0,TXN_101616,CUS_5880
399.92,314.65,0,1,0,351,0,0,0,UPI,USD,0,TXN_112175,CUS_9413
47.64,59.06,1,3,0,858,0,0,0,UPI,INR,0,TXN_101554,CUS_2702
299.73,259.79,1,3,0,406,0,0,0,UPI,INR,0,TXN_113489,CUS_8489
54.41,86.99,0,2,0,254,0,0,0,CARD,INR,0,TXN_108988,CUS_6233
333.93,318.59,0,0,0,90,1,1,0,UPI,INR,0,TXN_114415,CUS_6938
154.88,202.44,0,1,0,72,0,0,0,CARD,INR,0,TXN_103921,CUS_6036
460.02,260.89,1,3,0,204,0,0,0,CARD,INR,0,TXN_109802,CUS_9094
94.82,62.86,1,2,0,91,0,0,0,CARD,USD,0,TXN_102239,CUS_8297
195.14,175.17,0,2,0,253,0,0,0,CARD,INR,0,TXN_105721,CUS_9786
125.77,135.03,0,4,0,34,0,0,0,CARD,USD,0,TXN_102606,CUS_2040
105.71,351.8,1,2,1,196,0,0,0,CARD,EUR,0,TXN_113338,CUS_9688
57.94,113.11,1,2,0,169,0,0,0,UPI,INR,0,TXN_102446,CUS_7979
27.21,78.13,1,5,1,165,0,0,0,CARD,INR,0,TXN_111460,CUS_4187
133.57,180.07,0,0,0,535,0,0,0,NET_BANKING,INR,0,TXN_104455,CUS_2950
15.05,53.96,0,2,0,43,1,0,0,CARD,USD,0,TXN_106151,CUS_8935
120.14,99.02,0,6,1,274,0,1,0,CARD,EUR,0,TXN_102711,CUS_6941
43.54,34.12,0,2,0,860,0,0,0,UPI,USD,0,TXN_100450,CUS_8854
368.15,262.57,1,2,0,816,0,0,0,CARD,USD,0,TXN_111045,CUS_8017
151.88,176.38,0,3,0,56,0,0,0,CARD,USD,0,TXN_110858,CUS_3852
83.35,61.31,1,4,0,628,1,0,0,NET_BANKING,INR,0,TXN_113381,CUS_2966
67.31,75.41,1,6,0,58,0,0,0,UPI,USD,0,TXN_102129,CUS_3728
152.0,102.06,0,2,0,791,0,0,0,CARD,USD,0,TXN_112545,CUS_7329
160.38,194.87,1,6,0,258,0,0,0,WALLET,USD,0,TXN_110159,CUS_2085
260.42,298.96,1,2,1,153,0,0,0,CARD,EUR,0,TXN_112227,CUS_5746
360.7,243.29,0,2,0,51,0,0,0,CARD,INR,0,TXN_110456,CUS_9414
121.69,120.89,0,2,0,179,0,1,0,CARD,USD,0,TXN_105582,CUS_3235
33.38,48.3,1,3,0,276,0,0,0,CARD,INR,0,TXN_100563,CUS_2560
82.09,142.27,1,3,0,475,0,0,0,CARD,EUR,0,TXN_108143,CUS_7268
133.09,111.49,1,4,0,156,0,1,0,WALLET,INR,0,TXN_102894,CUS_3586
34.9,32.61,0,4,0,132,0,0,0,WALLET,INR,0,TXN_101297,CUS_7140
209.96,170.45,0,2,0,37,1,0,0,UPI,EUR,0,TXN_109293,CUS_7338
51.26,37.48,0,3,0,415,0,0,0,UPI,EUR,0,TXN_101912,CUS_9040
26.01,30.47,0,1,0,411,0,0,0,WALLET,USD,0,TXN_114628,CUS_2645
47.57,65.84,1,3,0,238,0,0,0,UPI,INR,0,TXN_108735,CUS_5650
35.08,63.7,0,2,0,169,0,0,0,CARD,INR,0,TXN_112338,CUS_9951
59.44,52.45,0,1,0,39,0,0,0,CARD,INR,0,TXN_106960,CUS_1284
186.95,107.05,0,4,0,190,0,0,0,UPI,USD,0,TXN_102597,CUS_5360
59.91,80.41,0,0,0,118,0,0,0,NET_BANKING,INR,0,TXN_102789,CUS_5500
260.61,240.05,2,6,0,60,1,0,0,UPI,INR,0,TXN_113172,CUS_5425
61.93,51.18,0,2,1,157,0,0,0,CARD,INR,0,TXN_114958,CUS_2668
303.2,182.61,0,5,0,290,1,0,0,UPI,USD,0,TXN_100318,CUS_8638
94.54,105.12,0,1,0,238,0,0,0,CARD,INR,0,TXN_107193,CUS_5462
194.06,122.72,0,2,0,83,0,0,0,CARD,INR,0,TXN_108033,CUS_5254
290.24,189.13,1,3,0,290,1,0,0,WALLET,USD,0,TXN_105484,CUS_9076
24.95,31.92,0,3,0,872,0,0,0,WALLET,USD,0,TXN_101500,CUS_7955
2.02,41.1,3,7,2,58,1,1,2,CARD,INR,1,TXN_102868,CUS_2432
175.59,219.07,0,2,0,218,0,0,0,UPI,INR,0,TXN_106025,CUS_6353
51.69,98.43,0,0,0,40,0,0,0,CARD,INR,0,TXN_112515,CUS_3099
88.67,91.6,0,2,0,646,0,0,0,UPI,EUR,0,TXN_107563,CUS_9952
262.62,200.73,0,3,0,174,0,0,0,CARD,INR,0,TXN_112016,CUS_7736
58.77,45.01,0,5,0,40,0,0,0,CARD,EUR,0,TXN_110260,CUS_2882
101.0,86.92,0,3,0,30,0,0,0,WALLET,INR,0,TXN_114461,CUS_8009
74.91,79.68,0,1,0,38,0,0,0,NET_BANKING,USD,0,TXN_112376,CUS_3766
5.0,246.16,0,1,0,95,0,0,0,UPI,INR,0,TXN_106812,CUS_1107
39.92,33.37,0,2,1,172,0,0,0,UPI,USD,0,TXN_100168,CUS_9423
44.74,37.32,1,4,0,148,0,0,0,UPI,INR,0,TXN_111593,CUS_4377
26.62,27.94,2,5,0,1073,0,0,0,NET_BANKING,INR,0,TXN_106881,CUS_5862
81.75,82.79,1,3,0,211,0,0,0,UPI,INR,0,TXN_101315,CUS_7629
44.68,108.82,0,0,0,226,0,0,0,CARD,USD,0,TXN_111662,CUS_9597
106.92,107.01,0,3,0,227,0,0,0,UPI,INR,0,TXN_101863,CUS_6705
130.87,150.01,0,1,0,218,0,0,0,UPI,USD,0,TXN_109529,CUS_4209
129.11,104.11,0,0,2,378,0,0,0,UPI,INR,0,TXN_110817,CUS_1156
15.02,30.66,0,1,0,437,0,0,0,NET_BANKING,INR,0,TXN_113253,CUS_6751
45.15,54.62,0,1,0,248,0,0,0,UPI,INR,0,TXN_108851,CUS_8683
68.22,67.53,0,3,0,314,0,0,0,CARD,USD,0,TXN_109969,CUS_6927
73.66,86.56,0,3,1,389,0,0,0,CARD,USD,0,TXN_113250,CUS_4147
166.87,224.47,0,2,0,342,1,0,0,CARD,INR,0,TXN_113713,CUS_1203
135.12,110.81,2,6,0,65,0,1,0,WALLET,INR,0,TXN_101369,CUS_8870
111.95,144.66,0,0,0,62,0,0,0,UPI,EUR,0,TXN_109943,CUS_9790
173.92,178.57,1,4,0,263,0,0,0,UPI,INR,0,TXN_103113,CUS_8780
131.21,89.82,0,1,0,624,0,0,0,CARD,INR,0,TXN_112529,CUS_5894
211.08,110.14,0,3,0,276,0,0,0,NET_BANKING,INR,0,TXN_100053,CUS_4075
29.58,35.91,0,0,0,110,0,0,0,CARD,INR,0,TXN_108343,CUS_1119
65.46,50.19,0,1,0,388,0,0,0,UPI,INR,0,TXN_107718,CUS_9816
224.16,214.57,0,1,0,229,0,0,0,CARD,INR,0,TXN_113639,CUS_3739
128.09,114.43,0,1,0,242,0,0,0,CARD,INR,0,TXN_102080,CUS_1019
149.17,176.27,1,3,0,43,0,0,0,NET_BANKING,INR,0,TXN_111980,CUS_6019
104.16,25.94,2,6,1,17,1,0,0,CARD,USD,1,TXN_107971,CUS_8607
47.35,56.42,0,3,0,157,1,0,0,CARD,EUR,0,TXN_109223,CUS_6556
140.86,100.52,0,1,0,46,0,1,0,NET_BANKING,USD,0,TXN_104344,CUS_2816
26.71,28.5,0,5,0,59,0,0,0,UPI,EUR,0,TXN_103796,CUS_2329
15.75,19.58,1,5,0,279,0,0,0,CARD,INR,0,TXN_106955,CUS_6783
68.5,54.16,0,3,1,919,0,0,0,NET_BANKING,USD,0,TXN_112446,CUS_5283
39.52,54.46,0,1,1,74,0,0,0,UPI,USD,0,TXN_114711,CUS_7471
128.15,109.94,1,7,1,286,0,0,0,CARD,USD,0,TXN_100893,CUS_6036
83.16,109.42,0,1,0,247,0,0,0,UPI,USD,0,TXN_113064,CUS_3863
95.13,99.19,0,2,0,103,0,0,0,WALLET,USD,0,TXN_108039,CUS_5662
132.19,83.56,0,3,0,39,0,0,0,NET_BANKING,INR,0,TXN_112170,CUS_6856
49.67,79.14,0,7,0,216,0,0,0,CARD,USD,0,TXN_108364,CUS_5264
274.99,264.57,0,3,0,207,0,1,0,CARD,INR,0,TXN_106292,CUS_4235
82.65,44.92,0,3,0,180,0,0,0,NET_BANKING,EUR,0,TXN_106336,CUS_5769
302.11,404.69,0,2,0,51,1,0,0,WALLET,INR,0,TXN_108008,CUS_2517
16.03,124.98,0,3,0,377,0,1,0,UPI,INR,0,TXN_103035,CUS_7920
30.97,27.21,0,1,0,76,0,0,0,UPI,USD,0,TXN_113560,CUS_9129
55.34,80.94,0,2,0,140,0,0,0,CARD,USD,0,TXN_110827,CUS_8284
155.79,157.39,0,1,0,36,1,0,0,NET_BANKING,EUR,0,TXN_103084,CUS_1305
73.01,99.87,0,5,0,389,0,1,0,UPI,INR,0,TXN_112692,CUS_5133
333.13,297.34,0,4,1,240,0,0,0,CARD,INR,0,TXN_113408,CUS_6025
86.18,137.4,0,3,0,279,0,0,0,UPI,INR,0,TXN_110486,CUS_2941
36.76,40.61,0,5,0,32,0,0,0,CARD,INR,0,TXN_104557,CUS_6950
379.39,264.3,0,2,0,444,0,0,0,CARD,INR,0,TXN_106927,CUS_6253
92.93,74.03,0,1,0,102,0,0,0,CARD,INR,0,TXN_113463,CUS_7003
25.61,38.0,0,1,1,224,0,0,0,UPI,USD,0,TXN_111523,CUS_6677
114.72,94.63,0,2,0,172,0,0,0,UPI,INR,0,TXN_108153,CUS_7383
40.03,37.51,1,1,1,687,0,0,0,UPI,INR,0,TXN_103610,CUS_7718
595.36,648.34,0,1,0,137,0,0,0,WALLET,EUR,0,TXN_114525,CUS_9200
68.63,65.69,0,5,0,281,0,0,0,CARD,INR,0,TXN_105494,CUS_1737
34.26,60.86,0,1,0,30,0,0,0,UPI,INR,0,TXN_105965,CUS_4606
58.51,47.13,0,0,0,383,0,0,0,WALLET,EUR,0,TXN_109026,CUS_4329
133.09,96.65,0,1,0,138,0,1,0,UPI,USD,0,TXN_110963,CUS_6832
240.65,211.35,0,2,0,278,0,0,0,CARD,EUR,0,TXN_104482,CUS_1846
91.07,90.64,0,3,0,398,0,1,0,WALLET,EUR,0,TXN_113723,CUS_3627
98.63,63.26,0,1,0,166,0,0,0,WALLET,INR,0,TXN_107752,CUS_1271
61.28,48.03,1,4,1,158,0,0,0,CARD,USD,0,TXN_100175,CUS_7283
186.16,270.35,0,3,0,452,0,0,0,CARD,USD,0,TXN_110620,CUS_6106
5.92,192.07,0,0,0,224,0,0,0,CARD,INR,0,TXN_103945,CUS_7639
679.3,100.43,4,10,3,39,0,1,0,CARD,INR,1,TXN_112197,CUS_2947
62.52,89.25,0,2,0,409,0,0,0,CARD,INR,0,TXN_101781,CUS_2162
306.61,279.77,0,3,0,245,0,0,0,CARD,USD,0,TXN_102967,CUS_6511
1217.9,907.19,0,1,0,142,0,0,0,CARD,INR,0,TXN_101612,CUS_5879
334.8,255.46,1,3,0,154,0,1,0,CARD,INR,0,TXN_112739,CUS_2628
194.08,189.13,0,2,0,64,0,1,0,WALLET,INR,0,TXN_100774,CUS_1535
278.57,262.75,0,2,0,57,0,0,0,NET_BANKING,USD,0,TXN_106831,CUS_9668
42.47,30.23,1,2,0,773,1,0,0,UPI,INR,0,TXN_102038,CUS_6120
284.19,250.9,2,4,0,324,0,0,0,WALLET,INR,0,TXN_105571,CUS_6150
273.08,206.84,0,4,0,1238,0,0,0,CARD,EUR,0,TXN_110457,CUS_5573
49.61,42.95,0,1,0,412,1,1,0,UPI,INR,0,TXN_111458,CUS_7252
45.13,52.14,1,5,0,106,0,0,0,UPI,INR,0,TXN_101639,CUS_4613
50.82,67.05,0,5,0,138,0,0,0,CARD,INR,0,TXN_112835,CUS_7737
126.69,75.16,0,2,0,394,0,0,0,UPI,INR,0,TXN_109426,CUS_9490
213.03,164.66,1,7,0,34,1,0,0,CARD,USD,0,TXN_106984,CUS_2745
69.67,61.75,0,2,0,687,1,1,0,CARD,USD,0,TXN_106530,CUS_3056
75.07,152.97,0,0,1,47,0,0,0,UPI,INR,0,TXN_113343,CUS_8562
46.07,28.45,0,2,0,308,0,0,0,UPI,INR,0,TXN_102359,CUS_4036
98.47,97.51,1,3,0,142,0,0,0,UPI,EUR,0,TXN_102910,CUS_2545
52.04,108.03,0,3,0,435,0,0,0,CARD,USD,0,TXN_104969,CUS_6653
23.82,43.68,1,1,0,704,0,0,0,WALLET,USD,0,TXN_106286,CUS_3579
61.25,45.19,0,2,0,273,0,0,0,WALLET,EUR,0,TXN_102760,CUS_4250
99.23,195.28,0,1,1,76,0,0,0,UPI,INR,0,TXN_111796,CUS_9069
65.05,82.41,0,4,0,133,1,0,0,CARD,INR,0,TXN_109330,CUS_3585
118.4,121.38,0,4,0,308,0,0,0,UPI,USD,0,TXN_105013,CUS_8159
129.94,164.71,1,4,0,313,0,0,0,CARD,USD,0,TXN_107410,CUS_2879
461.71,163.13,6,8,0,117,1,0,1,CARD,INR,1,TXN_112617,CUS_4698
109.43,175.89,0,3,0,864,0,0,0,CARD,INR,0,TXN_102582,CUS_1399
79.88,59.25,1,2,0,52,0,0,0,CARD,INR,0,TXN_103074,CUS_1230
275.99,315.2,2,4,0,93,0,0,0,CARD,USD,0,TXN_100183,CUS_7321
186.01,163.74,0,0,0,250,0,0,0,NET_BANKING,INR,0,TXN_102021,CUS_4645
99.31,187.35,0,1,1,114,0,0,0,CARD,USD,0,TXN_112254,CUS_1199
203.88,240.07,0,1,0,78,0,0,0,WALLET,USD,0,TXN_109987,CUS_3216
144.09,194.45,1,4,0,148,0,1,0,WALLET,INR,0,TXN_112751,CUS_2148
50.05,122.74,0,2,0,436,0,0,0,CARD,INR,0,TXN_103563,CUS_6494
86.91,89.17,1,4,1,51,0,0,0,CARD,INR,0,TXN_114651,CUS_1552
81.88,81.07,1,2,0,540,0,0,0,CARD,INR,0,TXN_112275,CUS_6876
93.13,87.2,0,1,0,118,0,0,0,UPI,EUR,0,TXN_103719,CUS_5390
44.54,62.43,0,3,0,210,0,0,0,WALLET,INR,0,TXN_112826,CUS_7832
42.72,132.2,0,0,0,543,0,1,0,CARD,INR,0,TXN_104818,CUS_7212
419.4,529.79,0,1,0,70,0,0,0,CARD,USD,0,TXN_101766,CUS_6885
82.95,157.54,1,2,0,239,0,0,0,UPI,USD,0,TXN_114498,CUS_2264
33.78,48.24,1,3,0,976,0,1,0,UPI,USD,0,TXN_113003,CUS_5553
23.59,27.09,0,1,0,257,0,0,0,UPI,INR,0,TXN_104141,CUS_2087
235.91,244.0,0,5,0,58,0,0,0,CARD,USD,0,TXN_106772,CUS_2178
112.64,141.17,0,2,0,179,1,0,0,CARD,INR,0,TXN_114599,CUS_4020
55.93,46.81,0,4,0,128,1,0,0,CARD,USD,0,TXN_106464,CUS_6992
187.15,193.69,2,2,0,136,0,0,0,CARD,INR,0,TXN_100566,CUS_2781
303.15,280.38,0,2,0,276,0,0,0,CARD,INR,0,TXN_114364,CUS_2180
30.28,51.12,0,2,0,269,1,0,0,UPI,USD,0,TXN_114584,CUS_3661
149.5,122.56,0,1,0,292,0,0,0,UPI,EUR,0,TXN_104743,CUS_1245
150.86,107.73,0,2,0,136,0,0,0,CARD,INR,0,TXN_105238,CUS_9791
137.96,86.92,0,0,0,41,0,1,0,CARD,INR,0,TXN_110391,CUS_2788
349.4,339.99,0,4,1,247,0,0,0,CARD,USD,0,TXN_114845,CUS_4747
151.76,101.76,0,3,0,408,0,0,0,CARD,INR,0,TXN_107415,CUS_8958
44.94,110.97,1,2,0,393,0,0,0,CARD,EUR,0,TXN_113499,CUS_8659
98.89,70.76,0,2,0,107,0,0,0,WALLET,USD,0,TXN_103978,CUS_4815
100.79,116.2,0,2,0,157,0,0,0,CARD,INR,0,TXN_110273,CUS_5342
35.3,46.16,1,3,0,51,0,0,0,CARD,USD,0,TXN_109631,CUS_6247
15.23,38.54,1,2,0,156,0,1,0,CARD,INR,0,TXN_104908,CUS_2298
325.94,584.72,1,3,0,176,0,0,0,NET_BANKING,INR,0,TXN_109037,CUS_2567
6.98,28.96,0,0,0,245,0,0,0,WALLET,INR,0,TXN_110147,CUS_9711
244.59,77.68,6,8,2,54,0,0,1,CARD,EUR,1,TXN_103029,CUS_5871
101.59,143.08,0,1,0,675,0,1,0,CARD,INR,0,TXN_112272,CUS_3145
239.8,166.89,1,3,0,252,1,0,0,CARD,INR,0,TXN_109530,CUS_8406
102.57,144.49,1,2,0,636,0,0,0,CARD,INR,0,TXN_107551,CUS_1150
63.17,53.39,2,3,1,55,0,0,0,UPI,INR,0,TXN_103570,CUS_1599
130.75,255.86,1,1,0,335,0,0,0,CARD,INR,0,TXN_104434,CUS_1243
7.12,49.87,1,4,0,276,1,0,0,CARD,INR,0,TXN_101936,CUS_8752
256.88,234.53,0,2,0,287,0,0,0,CARD,USD,0,TXN_106441,CUS_2509
17.02,32.1,0,2,0,848,0,0,0,UPI,INR,0,TXN_109337,CUS_5365
269.62,350.95,1,2,0,533,1,0,0,UPI,INR,0,TXN_100107,CUS_3727
238.35,176.39,0,3,0,362,0,0,0,CARD,INR,0,TXN_114032,CUS_6988
173.32,252.14,0,1,0,80,0,0,0,UPI,USD,0,TXN_103223,CUS_5129
78.87,58.22,0,3,0,118,0,1,0,CARD,INR,0,TXN_108169,CUS_2871
86.1,52.59,0,5,0,133,1,0,0,CARD,INR,0,TXN_107945,CUS_2946
123.91,117.84,0,6,0,112,0,1,0,UPI,INR,0,TXN_100046,CUS_9615
148.66,127.37,2,2,0,55,0,0,0,NET_BANKING,USD,0,TXN_111442,CUS_1442
90.24,112.87,0,2,0,403,0,0,0,UPI,INR,0,TXN_104057,CUS_3524
62.72,56.24,0,4,0,396,0,0,0,UPI,INR,0,TXN_104171,CUS_5754
138.06,187.97,1,2,0,32,1,0,0,NET_BANKING,INR,0,TXN_108621,CUS_2105
105.99,72.3,0,2,0,730,0,0,0,CARD,INR,0,TXN_106712,CUS_7688
158.82,144.93,0,2,0,468,0,0,0,NET_BANKING,INR,0,TXN_114931,CUS_5765
335.9,202.92,0,2,0,79,0,1,0,CARD,EUR,0,TXN_111150,CUS_9984
67.57,79.16,1,1,0,940,0,0,0,CARD,USD,0,TXN_114682,CUS_2370
310.33,167.91,0,1,0,254,0,0,0,CARD,USD,0,TXN_101298,CUS_1343
69.92,71.01,0,1,0,49,0,0,0,CARD,INR,0,TXN_109591,CUS_6348
44.33,219.36,1,2,0,52,0,0,0,UPI,INR,0,TXN_111350,CUS_2151
26.24,36.73,1,5,0,88,0,0,0,UPI,EUR,0,TXN_110467,CUS_9656
149.77,184.94,1,1,0,320,0,0,0,CARD,EUR,0,TXN_110046,CUS_6610
156.65,118.58,0,2,0,130,0,1,0,NET_BANKING,USD,0,TXN_113700,CUS_5800
23.9,31.31,0,3,0,48,0,0,0,WALLET,INR,0,TXN_104789,CUS_3726
182.55,134.37,0,2,0,288,0,0,0,WALLET,INR,0,TXN_103493,CUS_1328
194.98,220.85,1,1,1,368,0,0,0,CARD,INR,0,TXN_101046,CUS_4150
43.42,51.27,0,0,0,329,0,0,0,NET_BANKING,INR,0,TXN_112484,CUS_6404
236.34,164.81,0,2,0,631,0,0,0,CARD,INR,0,TXN_112798,CUS_8280
56.31,43.64,0,0,0,56,0,1,0,CARD,USD,0,TXN_113459,CUS_4926
40.24,53.59,0,1,0,773,0,0,0,CARD,USD,0,TXN_110952,CUS_7853
81.32,65.45,1,2,0,187,0,1,0,CARD,INR,0,TXN_101787,CUS_8568
140.66,129.57,0,2,0,35,0,0,0,CARD,INR,0,TXN_101996,CUS_1612
65.91,74.65,0,4,0,283,0,0,0,UPI,INR,0,TXN_106568,CUS_5530
120.9,94.31,0,1,0,372,0,0,0,WALLET,INR,0,TXN_111425,CUS_6602
92.64,61.31,0,3,0,96,0,0,0,CARD,INR,0,TXN_100340,CUS_1353
211.91,199.98,0,0,0,269,0,0,0,CARD,USD,0,TXN_110191,CUS_2566
555.31,323.36,0,2,0,107,0,1,0,UPI,INR,0,TXN_103586,CUS_6973
69.59,66.07,1,1,0,44,0,0,0,CARD,INR,0,TXN_111401,CUS_4850
42.11,75.97,0,1,0,534,1,0,0,UPI,USD,0,TXN_100867,CUS_4897
88.97,108.42,0,2,0,122,0,0,0,CARD,INR,0,TXN_102508,CUS_2899
106.73,90.87,0,1,1,169,0,0,0,UPI,INR,0,TXN_102921,CUS_4069
103.43,138.24,0,3,0,137,0,0,0,CARD,INR,0,TXN_111165,CUS_3875
64.63,55.06,0,0,0,128,0,0,0,UPI,INR,0,TXN_114817,CUS_4482
153.74,81.37,0,1,0,244,0,0,0,WALLET,INR,0,TXN_112887,CUS_1904
357.2,232.59,2,5,0,153,0,0,0,CARD,EUR,0,TXN_100201,CUS_8634
337.04,312.12,0,1,1,49,0,0,0,UPI,INR,0,TXN_111184,CUS_5880
49.75,67.59,1,3,0,197,0,0,0,UPI,USD,0,TXN_106671,CUS_6278
54.17,45.06,0,4,0,45,0,0,0,CARD,INR,0,TXN_100060,CUS_2411
99.9,108.51,0,3,1,134,0,0,0,UPI,EUR,0,TXN_103107,CUS_1562
99.65,108.51,0,2,1,616,0,0,0,CARD,USD,0,TXN_100026,CUS_8856
43.52,40.48,0,5,1,320,0,0,0,CARD,INR,0,TXN_110900,CUS_7895
251.48,241.01,1,3,0,60,0,0,0,CARD,INR,0,TXN_104177,CUS_8704
15.55,65.05,0,3,0,413,0,0,0,CARD,INR,0,TXN_110762,CUS_7472
58.4,51.58,1,2,0,368,0,1,0,UPI,USD,0,TXN_111389,CUS_8004
376.71,211.44,0,0,0,809,0,0,0,NET_BANKING,INR,0,TXN_112113,CUS_5417
136.52,177.51,0,0,0,400,1,0,0,UPI,INR,0,TXN_113462,CUS_9567
111.93,133.71,0,2,0,474,0,0,0,UPI,USD,0,TXN_104014,CUS_8709
218.48,384.51,0,3,1,146,0,1,0,UPI,USD,0,TXN_105885,CUS_5620
113.12,105.11,0,2,0,140,0,0,0,UPI,USD,0,TXN_113919,CUS_4142
119.09,166.14,0,2,0,839,0,0,0,WALLET,USD,0,TXN_114285,CUS_6613
129.61,134.09,0,1,0,621,0,1,0,UPI,INR,0,TXN_112665,CUS_9498
260.85,233.17,0,1,0,36,0,0,0,UPI,USD,0,TXN_114206,CUS_8805
38.13,56.55,0,2,1,66,0,0,0,UPI,USD,0,TXN_103386,CUS_7558
69.23,86.11,0,1,0,44,0,0,0,NET_BANKING,INR,0,TXN_103568,CUS_8601
256.78,250.77,0,2,0,115,0,0,0,UPI,USD,0,TXN_101288,CUS_1659
246.31,372.66,1,1,1,232,0,0,0,CARD,USD,0,TXN_107835,CUS_6762
87.15,76.51,0,1,0,96,0,0,0,UPI,EUR,0,TXN_107684,CUS_2331
70.11,110.92,1,3,1,782,0,0,0,UPI,INR,0,TXN_109758,CUS_1725
32.54,42.0,0,2,0,35,0,0,0,CARD,INR,0,TXN_109402,CUS_1750
60.8,37.35,1,3,0,1377,0,1,0,CARD,USD,0,TXN_113615,CUS_1334
300.67,167.06,1,7,0,117,0,0,0,CARD,INR,0,TXN_105810,CUS_2048
53.9,45.39,1,3,0,299,0,0,0,CARD,USD,0,TXN_108720,CUS_4602
106.5,101.47,2,4,0,232,0,1,0,UPI,INR,0,TXN_109678,CUS_7231
122.3,87.38,0,1,0,92,0,0,0,WALLET,INR,0,TXN_107031,CUS_4703
65.72,108.64,0,3,0,87,0,0,0,UPI,USD,0,TXN_110152,CUS_1064
67.87,91.69,0,4,0,240,0,0,0,UPI,INR,0,TXN_101004,CUS_6492
20.68,38.37,1,5,0,62,0,0,0,UPI,INR,0,TXN_107932,CUS_8563
135.24,170.66,0,1,0,75,0,0,0,CARD,INR,0,TXN_102171,CUS_9737
101.59,202.35,1,3,0,184,0,0,0,UPI,USD,0,TXN_113533,CUS_4196
55.26,144.98,0,1,0,302,1,0,0,UPI,INR,0,TXN_113881,CUS_7455
76.63,84.7,1,2,0,687,0,0,0,CARD,EUR,0,TXN_105515,CUS_1615
25.22,83.34,0,5,0,159,0,0,0,UPI,INR,0,TXN_110640,CUS_1365
261.79,189.27,1,2,1,42,0,0,0,WALLET,EUR,0,TXN_100126,CUS_8319
55.23,79.95,1,2,0,325,0,0,0,CARD,INR,0,TXN_111851,CUS_2133
159.85,234.08,0,3,0,441,0,0,0,CARD,INR,0,TXN_105099,CUS_5349
456.71,364.19,0,3,1,160,0,0,0,CARD,INR,0,TXN_111193,CUS_6184
48.1,104.01,0,2,0,92,0,0,0,CARD,USD,0,TXN_110321,CUS_7947
573.17,110.92,3,8,2,75,1,1,1,CARD,USD,1,TXN_108582,CUS_6206
10.41,41.16,0,1,0,593,0,0,0,CARD,INR,0,TXN_101607,CUS_5682
490.79,321.9,0,1,0,469,0,0,0,UPI,INR,0,TXN_107016,CUS_8243
116.4,98.14,0,2,0,254,0,0,0,UPI,USD,0,TXN_100380,CUS_2968
215.61,47.58,4,9,3,20,1,1,1,UPI,INR,1,TXN_109829,CUS_2566
155.86,120.63,0,2,0,77,1,0,0,CARD,INR,0,TXN_103214,CUS_2369
136.09,131.57,0,0,1,377,0,0,0,CARD,USD,0,TXN_103400,CUS_2033
26.03,22.21,1,5,0,169,0,0,0,WALLET,INR,0,TXN_103254,CUS_2590
100.56,69.43,2,5,0,499,0,0,0,WALLET,USD,0,TXN_101025,CUS_9116
291.05,251.13,0,5,0,100,0,0,0,UPI,INR,0,TXN_108520,CUS_2493
88.34,91.32,1,3,0,283,0,0,0,CARD,USD,0,TXN_110472,CUS_8748
577.2,446.91,0,2,0,54,0,0,0,CARD,INR,0,TXN_108051,CUS_4784
195.08,248.56,0,2,0,554,0,0,0,CARD,INR,0,TXN_104575,CUS_3484
37.18,27.86,0,5,0,175,0,0,0,NET_BANKING,USD,0,TXN_106619,CUS_8464
146.79,151.6,1,2,0,296,0,0,0,CARD,INR,0,TXN_108472,CUS_9101
77.86,89.12,0,3,0,101,0,0,0,UPI,INR,0,TXN_103710,CUS_4660
59.98,90.41,0,1,1,313,0,0,0,CARD,INR,0,TXN_102548,CUS_3156
322.99,270.27,0,4,0,191,0,0,0,UPI,INR,0,TXN_114202,CUS_2913
44.21,89.06,0,4,0,176,0,0,0,UPI,INR,0,TXN_105678,CUS_1015
205.3,143.53,1,8,1,83,1,0,0,CARD,INR,0,TXN_108584,CUS_2961
43.47,57.39,1,6,0,105,0,0,0,UPI,EUR,0,TXN_107477,CUS_4314
41.79,58.29,1,5,0,33,0,0,0,WALLET,EUR,0,TXN_104445,CUS_2314
73.38,63.43,1,5,0,309,0,0,0,CARD,INR,0,TXN_112192,CUS_2142
251.4,435.56,1,4,0,436,0,1,0,UPI,INR,0,TXN_105306,CUS_2342
389.47,311.86,0,7,0,45,0,0,0,NET_BANKING,INR,0,TXN_105101,CUS_9788
247.2,313.45,1,2,0,198,0,0,0,CARD,USD,0,TXN_107099,CUS_6217
130.56,188.67,1,4,0,363,0,1,0,UPI,USD,0,TXN_105843,CUS_1476
18.44,52.69,0,4,0,106,0,0,0,NET_BANKING,INR,0,TXN_106055,CUS_5471
149.24,180.04,1,2,0,199,1,0,0,WALLET,INR,0,TXN_102568,CUS_5348
57.37,63.0,0,1,0,211,0,0,0,UPI,INR,0,TXN_109960,CUS_7591
275.04,185.97,0,1,1,71,0,0,0,CARD,EUR,0,TXN_101143,CUS_9195
145.16,136.4,0,2,0,172,0,0,0,CARD,INR,0,TXN_105340,CUS_9740
181.99,203.43,0,1,0,116,0,0,0,WALLET,INR,0,TXN_114774,CUS_5749
54.9,42.29,0,1,0,138,1,0,0,UPI,INR,0,TXN_100235,CUS_5228
175.4,188.54,1,2,1,544,0,0,0,WALLET,INR,0,TXN_101259,CUS_9255
64.94,89.11,2,4,0,87,0,0,0,UPI,INR,0,TXN_108371,CUS_2289
193.85,560.08,1,4,0,142,0,0,0,WALLET,USD,0,TXN_101910,CUS_4871
63.47,77.22,1,3,0,139,1,0,0,UPI,USD,0,TXN_101165,CUS_5030
94.7,191.41,0,4,0,137,1,0,0,CARD,USD,0,TXN_112191,CUS_5663
65.29,86.36,0,0,0,79,0,0,0,UPI,INR,0,TXN_109495,CUS_6882
83.32,83.87,1,2,0,153,0,0,0,WALLET,USD,0,TXN_107242,CUS_9767
264.04,53.16,2,10,2,65,1,1,0,CARD,USD,1,TXN_110558,CUS_5523
72.47,68.17,1,3,1,595,0,0,0,CARD,USD,0,TXN_101146,CUS_7615
84.2,113.93,0,2,0,124,0,0,0,WALLET,INR,0,TXN_110204,CUS_3571
109.52,101.38,0,3,0,40,0,0,0,CARD,INR,0,TXN_102693,CUS_7676
86.22,82.95,1,3,0,99,0,0,0,CARD,EUR,0,TXN_107437,CUS_5914
120.58,78.87,0,2,0,417,0,0,0,CARD,INR,0,TXN_105051,CUS_6969
264.57,304.36,0,7,0,91,0,0,0,CARD,USD,0,TXN_107392,CUS_2814
255.88,198.38,1,2,0,50,0,0,0,CARD,INR,0,TXN_114963,CUS_4908
26.87,18.2,1,4,0,231,0,0,0,CARD,USD,0,TXN_101589,CUS_4728
38.32,32.45,0,2,1,200,0,0,0,UPI,INR,0,TXN_100929,CUS_7603
178.68,176.53,0,0,0,243,0,0,0,UPI,INR,0,TXN_114723,CUS_1997
412.73,422.16,0,3,0,533,0,1,0,CARD,INR,0,TXN_100383,CUS_1384
117.81,99.85,0,2,0,287,0,0,0,UPI,INR,0,TXN_107450,CUS_5082
203.09,222.99,0,3,0,90,0,0,0,UPI,INR,0,TXN_103102,CUS_7510
39.47,77.01,1,7,0,84,1,0,0,CARD,USD,0,TXN_108335,CUS_5001
110.28,169.19,1,1,0,1045,1,0,0,CARD,INR,0,TXN_111010,CUS_3536
177.19,204.89,0,2,0,568,0,0,0,CARD,INR,0,TXN_103716,CUS_7995
125.03,103.84,0,3,0,283,0,0,0,UPI,INR,0,TXN_106735,CUS_8761
28.34,26.05,0,1,1,198,0,0,0,UPI,INR,0,TXN_111964,CUS_8023
102.53,66.3,0,4,2,487,0,0,0,WALLET,USD,0,TXN_112110,CUS_5268
103.8,72.58,0,4,0,805,0,0,0,CARD,INR,0,TXN_105774,CUS_1720
124.74,110.63,0,2,0,144,0,0,0,CARD,INR,0,TXN_112299,CUS_8150
188.25,185.74,0,2,0,803,0,0,0,WALLET,INR,0,TXN_111801,CUS_6901
35.04,33.99,1,4,0,89,0,0,0,CARD,EUR,0,TXN_101329,CUS_8239
61.69,50.75,0,5,0,97,0,0,0,WALLET,INR,0,TXN_113380,CUS_9369
57.79,59.72,0,0,0,380,0,0,0,WALLET,INR,0,TXN_114597,CUS_7084
170.52,287.98,1,4,0,334,0,0,0,CARD,USD,0,TXN_108515,CUS_4385
128.61,179.63,0,0,0,182,0,0,0,CARD,USD,0,TXN_104264,CUS_9661
149.21,89.44,0,2,1,615,0,0,0,UPI,EUR,0,TXN_100245,CUS_1588
109.19,87.78,0,3,0,339,0,0,0,UPI,INR,0,TXN_106234,CUS_3333
497.95,377.33,1,3,0,262,0,0,0,WALLET,INR,0,TXN_101060,CUS_3994
47.24,26.44,0,2,0,538,0,0,0,CARD,EUR,0,TXN_109211,CUS_3596
35.91,88.78,1,3,0,371,0,1,0,CARD,USD,0,TXN_107309,CUS_9111
46.97,35.13,0,0,0,62,0,0,0,NET_BANKING,USD,0,TXN_107668,CUS_2041
101.82,88.68,2,3,0,305,1,1,0,CARD,INR,0,TXN_110107,CUS_6174
73.53,91.82,0,3,0,176,0,0,0,CARD,USD,0,TXN_108070,CUS_4258
118.09,139.8,2,5,0,552,0,0,0,UPI,EUR,0,TXN_111653,CUS_7029
461.22,817.94,1,2,0,120,0,0,0,CARD,INR,0,TXN_100279,CUS_6654
125.82,142.33,0,3,0,629,1,0,0,CARD,INR,0,TXN_112466,CUS_2125
317.66,74.79,6,7,1,6,1,0,2,CARD,USD,1,TXN_109816,CUS_1361
123.22,122.26,0,1,0,191,0,0,0,CARD,USD,0,TXN_110601,CUS_7873
87.69,132.41,1,1,0,646,0,0,0,CARD,INR,0,TXN_107843,CUS_4184
38.77,48.83,0,3,0,588,0,0,0,CARD,INR,0,TXN_106380,CUS_7361
140.96,102.35,0,2,0,500,0,0,0,CARD,INR,0,TXN_107166,CUS_7727
230.39,166.02,0,1,0,459,0,0,0,WALLET,INR,0,TXN_111145,CUS_4886
84.31,99.53,1,4,0,130,1,0,0,CARD,USD,0,TXN_107532,CUS_8548
75.13,61.47,0,4,0,83,0,1,0,UPI,INR,0,TXN_114175,CUS_5136
82.14,136.31,0,0,0,375,0,0,0,NET_BANKING,USD,0,TXN_109503,CUS_8399
115.01,104.67,0,2,1,645,0,0,0,UPI,INR,0,TXN_109702,CUS_6482
82.14,64.89,0,2,0,71,0,0,0,CARD,USD,0,TXN_108155,CUS_4982
445.32,86.21,3,10,2,25,1,1,1,CARD,INR,1,TXN_107029,CUS_4427
346.71,189.88,1,3,0,445,0,0,0,WALLET,INR,0,TXN_102750,CUS_4765
127.46,164.18,1,5,0,236,0,1,0,WALLET,USD,0,TXN_101684,CUS_1274
348.84,286.06,0,2,0,39,0,0,0,NET_BANKING,USD,0,TXN_103380,CUS_3654
123.12,114.45,3,4,0,173,0,0,0,CARD,USD,0,TXN_100459,CUS_3007
103.82,68.78,0,4,0,96,0,0,0,CARD,INR,0,TXN_106880,CUS_4995
121.98,85.49,2,6,0,146,0,0,0,NET_BANKING,USD,0,TXN_112157,CUS_1439
98.08,68.95,0,3,0,147,0,0,0,CARD,USD,0,TXN_105008,CUS_7822
85.33,155.1,0,2,0,78,1,0,0,CARD,INR,0,TXN_111869,CUS_9700
33.62,59.36,0,1,0,563,0,0,0,UPI,INR,0,TXN_108420,CUS_5507
162.64,184.28,0,0,0,99,0,0,0,UPI,INR,0,TXN_104513,CUS_4669
67.74,66.21,0,5,0,223,0,0,0,CARD,USD,0,TXN_105945,CUS_8985
356.73,263.85,0,2,0,128,0,0,0,CARD,USD,0,TXN_101929,CUS_5051
71.73,43.51,1,6,1,40,0,0,0,CARD,INR,0,TXN_114228,CUS_7406
63.31,101.73,1,5,0,180,0,0,0,UPI,INR,0,TXN_100715,CUS_5045
113.15,114.67,0,4,0,358,0,0,0,UPI,INR,0,TXN_100941,CUS_7696
71.44,68.13,0,3,0,68,0,0,0,CARD,INR,0,TXN_100853,CUS_9499
92.89,80.47,0,0,0,77,0,0,0,UPI,USD,0,TXN_100253,CUS_1300
102.6,137.16,0,1,0,563,0,0,0,CARD,INR,0,TXN_104645,CUS_8014
164.37,101.02,0,0,0,210,0,0,0,CARD,EUR,0,TXN_112546,CUS_5434
41.5,86.51,0,3,1,236,0,1,0,CARD,USD,0,TXN_102103,CUS_1221
567.88,623.24,0,1,0,97,0,0,0,CARD,USD,0,TXN_103375,CUS_7408
197.32,199.56,1,4,1,166,1,0,0,NET_BANKING,EUR,0,TXN_113193,CUS_1594
141.56,110.01,0,0,0,196,0,0,0,WALLET,EUR,0,TXN_109230,CUS_1249
124.83,98.01,0,3,0,539,0,0,0,CARD,INR,0,TXN_112486,CUS_4513
138.39,121.17,0,1,0,451,0,0,0,CARD,INR,0,TXN_111253,CUS_4365
187.9,230.11,0,4,0,127,0,0,0,CARD,EUR,0,TXN_108580,CUS_8767
193.75,167.0,0,1,0,442,0,1,0,CARD,INR,0,TXN_105570,CUS_6653
230.69,316.81,1,2,0,100,1,0,0,CARD,INR,0,TXN_103447,CUS_3080
107.6,95.01,0,2,0,109,0,0,0,WALLET,EUR,0,TXN_105921,CUS_9639
42.23,52.59,0,4,0,48,0,0,0,NET_BANKING,INR,0,TXN_101623,CUS_8052
86.82,132.96,0,2,0,750,1,0,0,CARD,EUR,0,TXN_114863,CUS_8306
66.22,82.56,0,3,0,84,0,0,0,UPI,INR,0,TXN_111680,CUS_5566
41.37,70.42,1,2,0,50,0,0,0,WALLET,INR,0,TXN_101103,CUS_3581
225.2,187.03,1,1,0,63,0,1,0,CARD,USD,0,TXN_108655,CUS_9870
66.12,74.93,0,3,1,168,0,0,0,WALLET,INR,0,TXN_103678,CUS_4225
67.98,62.25,0,1,0,611,0,0,0,UPI,INR,0,TXN_106340,CUS_5133
129.22,92.31,2,4,0,735,0,0,0,UPI,INR,0,TXN_103158,CUS_7880
974.61,94.74,4,6,1,14,1,1,1,CARD,INR,1,TXN_114580,CUS_3099
207.68,210.13,0,2,1,324,0,0,0,UPI,EUR,0,TXN_113133,CUS_2083
140.02,467.11,0,2,0,57,0,1,0,UPI,INR,0,TXN_107613,CUS_5034
5.0,41.89,0,2,0,130,0,1,0,WALLET,INR,0,TXN_100753,CUS_5586
82.93,60.13,1,2,0,187,0,0,0,CARD,INR,0,TXN_103083,CUS_1694
87.19,69.22,0,2,2,58,0,0,0,UPI,INR,0,TXN_110867,CUS_4086
112.32,120.52,0,7,1,204,0,0,0,UPI,INR,0,TXN_111127,CUS_1397
85.6,91.08,0,0,0,1163,0,1,0,CARD,USD,0,TXN_107693,CUS_8355
84.64,114.54,0,2,1,173,0,1,0,UPI,INR,0,TXN_107246,CUS_6527
348.36,180.42,0,3,0,353,0,0,0,NET_BANKING,INR,0,TXN_114158,CUS_9986
147.97,106.65,0,2,0,408,0,0,0,CARD,USD,0,TXN_111750,CUS_8014
147.69,151.81,0,1,1,192,1,1,0,NET_BANKING,EUR,0,TXN_108065,CUS_2827
62.04,101.81,2,3,0,80,0,0,0,NET_BANKING,EUR,0,TXN_112302,CUS_3556
68.36,119.42,2,3,0,36,0,0,0,CARD,INR,0,TXN_114535,CUS_3615
57.25,40.08,0,1,0,278,0,0,0,UPI,INR,0,TXN_113704,CUS_7418
117.9,111.78,1,3,0,109,0,0,0,NET_BANKING,INR,0,TXN_114432,CUS_5768
109.01,64.48,0,2,0,821,0,0,0,NET_BANKING,INR,0,TXN_111903,CUS_8867
83.99,102.59,0,7,0,36,0,0,0,CARD,USD,0,TXN_101816,CUS_2103
47.62,51.84,1,1,0,405,0,0,0,CARD,USD,0,TXN_106737,CUS_3008
297.95,252.3,0,0,0,284,1,0,0,WALLET,USD,0,TXN_101210,CUS_7316
71.26,83.65,0,2,1,298,0,0,0,CARD,INR,0,TXN_111751,CUS_8373
189.62,149.64,1,2,0,36,0,0,0,CARD,USD,0,TXN_103451,CUS_9237
119.55,88.82,0,1,0,95,0,0,0,CARD,INR,0,TXN_113322,CUS_4241
59.87,81.66,0,4,1,146,0,0,0,CARD,INR,0,TXN_105478,CUS_5048
67.89,61.43,1,4,0,58,0,0,0,CARD,USD,0,TXN_110805,CUS_1855
384.33,321.96,0,1,0,40,0,0,0,UPI,INR,0,TXN_102415,CUS_3593
117.28,122.97,0,0,0,112,1,0,0,UPI,INR,0,TXN_106696,CUS_4026
200.51,147.92,2,4,0,328,0,1,0,CARD,INR,0,TXN_106315,CUS_4179
122.94,139.53,0,0,1,576,1,0,0,CARD,USD,0,TXN_102275,CUS_1551
72.98,86.79,1,6,0,184,0,0,0,UPI,USD,0,TXN_103019,CUS_9261
14.61,25.19,1,4,0,54,0,0,0,CARD,INR,0,TXN_103414,CUS_9005
104.21,89.85,0,1,2,576,0,0,0,WALLET,INR,0,TXN_114881,CUS_3340
142.44,148.36,1,2,0,221,0,0,0,NET_BANKING,INR,0,TXN_110815,CUS_8248
685.24,344.1,1,4,0,129,0,0,0,CARD,INR,0,TXN_105562,CUS_1779
269.77,196.02,2,4,0,114,0,0,0,UPI,INR,0,TXN_102701,CUS_9196
45.96,62.4,0,1,0,65,0,0,0,CARD,USD,0,TXN_101453,CUS_5197
34.81,39.52,0,1,0,70,0,0,0,UPI,INR,0,TXN_102703,CUS_2722
65.26,51.91,0,3,0,57,0,0,0,CARD,USD,0,TXN_106066,CUS_3015
44.17,53.89,0,2,0,127,0,1,0,UPI,USD,0,TXN_110587,CUS_2675
73.68,77.69,0,1,0,538,0,0,0,UPI,INR,0,TXN_105518,CUS_8378
253.81,208.32,0,1,0,354,0,0,0,CARD,USD,0,TXN_109545,CUS_5232
268.21,213.15,0,2,0,152,0,0,0,CARD,INR,0,TXN_107471,CUS_7422
96.9,69.4,0,6,0,1890,0,0,0,CARD,INR,0,TXN_108888,CUS_8817
67.97,52.15,0,1,1,82,0,0,0,CARD,USD,0,TXN_114874,CUS_2628
250.3,173.65,0,0,0,42,0,0,0,CARD,USD,0,TXN_114015,CUS_9083
24.7,28.41,0,1,0,123,0,0,0,CARD,INR,0,TXN_104182,CUS_3011
192.19,181.06,0,4,0,390,0,0,0,NET_BANKING,USD,0,TXN_106386,CUS_3302
430.75,306.15,0,3,0,117,0,0,0,UPI,USD,0,TXN_113112,CUS_3995
100.25,149.52,1,2,0,452,0,0,0,UPI,INR,0,TXN_114136,CUS_4171
160.94,112.58,0,3,0,80,0,0,0,CARD,USD,0,TXN_101533,CUS_4631
39.67,83.89,1,6,0,547,0,0,0,NET_BANKING,INR,0,TXN_102964,CUS_2669
64.17,89.95,1,4,0,36,0,0,0,CARD,INR,0,TXN_102764,CUS_8730
78.2,111.98,0,1,0,194,0,0,0,NET_BANKING,USD,0,TXN_107097,CUS_2455
106.55,140.61,2,2,0,784,0,0,0,CARD,EUR,0,TXN_109291,CUS_4645
180.25,203.11,0,1,0,491,0,0,0,WALLET,EUR,0,TXN_103309,CUS_6852
86.59,96.39,0,1,0,564,0,0,0,UPI,INR,0,TXN_113951,CUS_1784
29.24,37.12,1,5,0,466,0,0,0,CARD,USD,0,TXN_114029,CUS_1188
85.51,57.48,0,4,0,108,0,1,0,CARD,INR,0,TXN_113262,CUS_2184
226.8,165.57,0,2,1,98,0,0,0,CARD,USD,0,TXN_113224,CUS_9097
137.03,129.48,0,2,0,64,0,0,0,UPI,USD,0,TXN_106417,CUS_4935
91.5,76.83,1,2,0,89,0,0,0,CARD,INR,0,TXN_104831,CUS_2975
1259.91,1259.14,0,3,0,45,1,0,0,NET_BANKING,USD,0,TXN_111158,CUS_7411
140.37,157.62,0,0,1,69,0,0,0,CARD,INR,0,TXN_109104,CUS_9652
57.78,69.98,0,0,0,106,0,0,0,WALLET,USD,0,TXN_105914,CUS_5769
30.77,39.37,0,2,0,76,1,0,0,NET_BANKING,INR,0,TXN_110742,CUS_6740
272.03,284.46,1,5,0,189,0,0,0,UPI,INR,0,TXN_112279,CUS_1920
36.35,67.55,0,1,0,51,0,1,0,CARD,INR,0,TXN_104038,CUS_5613
186.46,148.04,1,7,0,65,0,0,0,UPI,INR,0,TXN_103452,CUS_3951
60.43,100.52,0,2,0,392,0,0,0,CARD,USD,0,TXN_100268,CUS_3841
200.99,156.52,0,1,0,226,0,0,0,UPI,USD,0,TXN_109145,CUS_4360
106.89,82.97,0,1,0,67,0,0,0,WALLET,INR,0,TXN_107212,CUS_5043
151.82,200.52,0,3,0,222,0,0,0,UPI,INR,0,TXN_106515,CUS_6992
307.42,295.53,0,0,1,70,0,1,0,CARD,USD,0,TXN_103822,CUS_5306
88.09,111.01,1,2,0,282,0,0,0,UPI,USD,0,TXN_105878,CUS_2067
43.52,79.5,1,2,0,86,0,0,0,UPI,INR,0,TXN_111893,CUS_3729
100.78,84.22,2,2,0,49,0,0,0,WALLET,INR,0,TXN_114772,CUS_3541
22.41,57.34,0,4,0,55,0,0,0,UPI,INR,0,TXN_113586,CUS_8748
47.88,84.8,0,4,1,963,0,0,0,NET_BANKING,INR,0,TXN_103626,CUS_7641
579.17,129.19,5,7,0,86,1,1,1,CARD,EUR,1,TXN_100663,CUS_8197
48.57,39.5,1,6,0,89,0,0,0,UPI,INR,0,TXN_114693,CUS_3079
51.55,60.92,0,1,0,207,0,0,0,WALLET,INR,0,TXN_100444,CUS_4716
59.2,66.68,0,2,0,153,0,0,0,UPI,INR,0,TXN_102084,CUS_9290
995.2,1628.22,0,1,0,191,0,0,0,CARD,USD,0,TXN_109940,CUS_4294
257.92,211.74,0,1,0,99,0,0,0,WALLET,INR,0,TXN_109908,CUS_3319
69.58,70.77,1,4,0,184,1,0,0,CARD,INR,0,TXN_101780,CUS_9796
136.59,264.26,0,5,0,228,0,0,0,CARD,INR,0,TXN_112988,CUS_3140
34.69,83.8,1,7,0,43,1,0,0,CARD,USD,0,TXN_101178,CUS_8422
120.05,149.96,1,3,1,47,0,1,0,CARD,INR,0,TXN_101858,CUS_9366
59.36,59.79,1,2,0,47,0,0,0,UPI,INR,0,TXN_100548,CUS_9965
56.76,38.26,0,6,0,44,0,0,0,UPI,INR,0,TXN_112347,CUS_1749
60.24,136.26,1,1,0,139,0,0,0,NET_BANKING,INR,0,TXN_101374,CUS_7834
168.45,150.56,0,2,0,581,0,1,0,UPI,INR,0,TXN_104664,CUS_4047
80.82,53.1,0,1,0,45,0,0,0,CARD,USD,0,TXN_103770,CUS_5934
45.44,66.09,0,4,0,602,0,0,0,UPI,USD,0,TXN_109913,CUS_2599
242.37,343.25,0,0,0,1090,0,1,0,CARD,INR,0,TXN_101490,CUS_6232
1290.27,123.76,4,6,1,29,1,1,0,WALLET,INR,1,TXN_113027,CUS_1120
308.7,300.92,0,4,0,311,0,0,0,NET_BANKING,INR,0,TXN_109014,CUS_8215
92.16,82.3,0,1,0,51,0,1,0,CARD,EUR,0,TXN_112045,CUS_4143
65.66,70.85,0,2,0,359,0,0,0,UPI,INR,0,TXN_112383,CUS_6718
42.41,87.66,0,2,0,224,0,1,0,CARD,INR,0,TXN_112922,CUS_1449
26.13,32.02,1,6,0,58,0,0,0,CARD,USD,0,TXN_104515,CUS_1318
194.22,168.48,0,4,1,563,0,0,0,WALLET,USD,0,TXN_114635,CUS_3960
86.89,85.62,0,1,0,307,0,0,0,UPI,USD,0,TXN_108822,CUS_7611
58.47,45.0,0,2,0,94,0,0,0,WALLET,INR,0,TXN_114403,CUS_2152
56.68,55.92,0,2,0,256,0,0,0,CARD,INR,0,TXN_100032,CUS_1896
156.75,172.04,0,3,0,38,0,0,0,NET_BANKING,INR,0,TXN_113388,CUS_1959
130.79,145.28,0,4,0,98,0,0,0,CARD,INR,0,TXN_103389,CUS_1079
131.72,107.28,0,3,0,280,0,0,0,CARD,USD,0,TXN_114657,CUS_3821
39.33,36.35,0,2,0,82,0,0,0,UPI,USD,0,TXN_109248,CUS_9293
88.45,80.11,0,3,0,61,0,0,0,CARD,INR,0,TXN_113964,CUS_4308
20.59,25.17,0,2,0,145,0,0,0,UPI,INR,0,TXN_104935,CUS_8512
646.08,597.13,0,1,0,168,0,0,0,UPI,USD,0,TXN_107826,CUS_8188
162.68,108.73,0,2,0,161,0,0,0,UPI,INR,0,TXN_106350,CUS_6509
79.56,191.58,1,3,0,606,0,1,0,CARD,INR,0,TXN_102515,CUS_7141
73.62,70.42,2,3,0,662,0,0,0,NET_BANKING,INR,0,TXN_110375,CUS_8246
196.0,180.04,0,2,1,62,0,1,0,UPI,INR,0,TXN_110556,CUS_2137
245.55,193.91,1,3,0,82,0,0,0,CARD,INR,0,TXN_113342,CUS_4098
89.17,65.72,0,3,0,670,0,0,0,WALLET,EUR,0,TXN_114516,CUS_6408
56.06,71.4,1,2,0,38,0,0,0,CARD,INR,0,TXN_109973,CUS_7274
20.96,31.97,1,2,0,295,1,0,0,UPI,USD,0,TXN_103508,CUS_4758
109.02,107.56,0,1,0,347,0,0,0,CARD,INR,0,TXN_112115,CUS_2994
221.84,196.91,1,4,0,73,0,0,0,CARD,INR,0,TXN_113729,CUS_4310
571.59,86.9,3,8,4,37,1,0,2,CARD,USD,1,TXN_107342,CUS_8381
438.55,221.19,0,2,1,222,0,0,0,UPI,USD,0,TXN_106950,CUS_3418
147.96,119.98,0,1,0,142,0,1,0,UPI,INR,0,TXN_103559,CUS_6500
296.89,158.97,0,2,0,324,0,1,0,UPI,INR,0,TXN_105394,CUS_8147
375.35,282.57,1,5,0,946,0,0,0,WALLET,INR,0,TXN_108373,CUS_3458
80.01,78.94,1,2,1,281,0,0,0,CARD,EUR,0,TXN_106504,CUS_7921
210.03,129.37,0,3,1,249,0,0,0,UPI,INR,0,TXN_106978,CUS_5808
117.06,148.0,1,2,0,358,0,0,0,CARD,INR,0,TXN_109890,CUS_9233
372.23,356.75,0,0,0,617,0,0,0,CARD,INR,0,TXN_111330,CUS_1695
7.11,53.15,2,3,0,410,0,0,0,WALLET,INR,0,TXN_114348,CUS_4603
81.41,89.87,1,3,0,131,0,0,0,CARD,INR,0,TXN_104528,CUS_8130
37.58,74.6,0,3,0,326,0,0,0,UPI,INR,0,TXN_112562,CUS_7449
38.19,44.03,0,1,0,109,1,0,0,WALLET,INR,0,TXN_112740,CUS_6737
146.08,145.45,0,2,0,126,0,1,0,WALLET,USD,0,TXN_102937,CUS_1161
66.86,91.38,1,2,0,147,0,0,0,UPI,USD,0,TXN_111129,CUS_7723
63.51,61.53,0,3,0,108,0,0,0,NET_BANKING,USD,0,TXN_102632,CUS_6994
216.08,173.01,0,2,0,401,0,0,0,CARD,INR,0,TXN_102952,CUS_2473
38.82,52.09,1,5,0,248,0,0,0,WALLET,INR,0,TXN_111822,CUS_2509
128.21,113.61,0,2,0,405,0,0,0,UPI,INR,0,TXN_105660,CUS_4313
40.5,76.15,1,5,1,43,0,0,0,CARD,USD,0,TXN_114943,CUS_1110
195.17,133.44,0,3,0,75,0,0,0,WALLET,EUR,0,TXN_113034,CUS_9941
378.89,269.08,0,4,1,154,0,0,0,NET_BANKING,INR,0,TXN_109033,CUS_6421
81.82,88.99,0,2,0,92,0,0,0,CARD,INR,0,TXN_108077,CUS_7083
413.9,448.31,0,1,0,68,0,0,0,CARD,INR,0,TXN_102012,CUS_5474
81.86,66.08,2,5,0,369,0,0,0,CARD,INR,0,TXN_110520,CUS_7264
37.9,58.72,0,4,0,97,0,0,0,CARD,USD,0,TXN_106954,CUS_9497
195.82,177.19,0,4,0,44,0,0,0,NET_BANKING,INR,0,TXN_112732,CUS_5480
43.64,42.44,2,4,0,53,1,0,0,WALLET,INR,0,TXN_100497,CUS_8735
1211.6,1162.01,0,1,0,355,0,0,0,UPI,INR,0,TXN_114683,CUS_7670
75.7,104.33,1,1,0,335,0,0,0,UPI,INR,0,TXN_113382,CUS_7533
138.08,195.33,2,3,0,274,0,0,0,NET_BANKING,INR,0,TXN_109380,CUS_2518
15.62,34.9,0,5,0,351,0,0,0,CARD,USD,0,TXN_111185,CUS_8025
115.03,161.46,0,1,0,214,0,0,0,CARD,INR,0,TXN_106081,CUS_2501
116.64,128.91,0,1,0,152,0,1,0,UPI,USD,0,TXN_112243,CUS_6185
127.53,185.87,0,0,0,60,0,0,0,CARD,INR,0,TXN_112229,CUS_1159
442.94,395.25,0,2,0,49,1,0,0,CARD,USD,0,TXN_103367,CUS_8743
263.5,213.21,1,1,0,248,0,0,0,UPI,USD,0,TXN_106483,CUS_6870
191.73,138.88,1,3,0,83,1,1,0,NET_BANKING,INR,0,TXN_113547,CUS_7712
89.0,75.04,0,4,0,247,1,0,0,NET_BANKING,USD,0,TXN_110953,CUS_4859
123.81,135.32,0,3,0,33,0,0,0,UPI,INR,0,TXN_106135,CUS_8145
60.77,47.61,0,3,0,169,0,1,0,UPI,INR,0,TXN_109169,CUS_4722
111.0,185.24,0,2,0,43,0,0,0,UPI,INR,0,TXN_107881,CUS_5998
35.58,57.19,0,2,0,431,0,0,0,WALLET,INR,0,TXN_102211,CUS_2426
61.5,45.61,0,3,1,82,0,0,0,CARD,INR,0,TXN_106850,CUS_7955
52.58,38.28,0,1,0,248,0,0,0,UPI,INR,0,TXN_105859,CUS_2311
532.42,458.7,0,5,0,145,0,0,0,CARD,INR,0,TXN_102356,CUS_4196
163.42,112.49,0,1,0,127,0,0,0,CARD,EUR,0,TXN_107956,CUS_1464
279.68,201.41,0,2,1,244,0,0,0,WALLET,INR,0,TXN_101354,CUS_6709
61.6,113.11,0,2,0,290,0,1,0,CARD,INR,0,TXN_110031,CUS_1402
183.66,215.16,0,3,0,67,0,0,0,CARD,INR,0,TXN_101545,CUS_5192
156.51,104.16,0,2,0,113,0,0,0,NET_BANKING,INR,0,TXN_114078,CUS_3102
101.24,106.92,1,2,1,177,0,1,0,UPI,INR,0,TXN_102371,CUS_3626
33.43,54.69,1,4,0,579,0,0,0,NET_BANKING,INR,0,TXN_110621,CUS_2394
201.4,224.18,0,4,0,375,0,0,0,CARD,INR,0,TXN_106017,CUS_6560
34.27,29.04,0,4,1,106,0,0,0,NET_BANKING,INR,0,TXN_100033,CUS_9400
317.41,227.23,0,3,0,92,0,0,0,CARD,USD,0,TXN_105707,CUS_6911
108.07,120.78,1,3,0,239,0,0,0,UPI,INR,0,TXN_114260,CUS_1840
225.53,133.63,0,3,0,1101,0,0,0,CARD,INR,0,TXN_102919,CUS_7557
222.97,164.7,0,7,0,472,0,0,0,CARD,INR,0,TXN_104740,CUS_5496
188.38,202.68,1,4,0,475,0,0,0,CARD,EUR,0,TXN_113963,CUS_6268
469.75,356.78,0,4,0,233,0,0,0,CARD,USD,0,TXN_104746,CUS_8884
60.2,51.05,0,1,1,614,0,0,0,UPI,INR,0,TXN_105450,CUS_4689
136.92,130.03,1,2,0,104,1,1,0,CARD,EUR,0,TXN_104321,CUS_6521
47.12,63.98,0,2,0,32,0,0,0,CARD,USD,0,TXN_114807,CUS_2958
44.58,56.72,0,3,0,155,1,0,0,CARD,USD,0,TXN_111374,CUS_5486
199.28,208.3,0,2,1,68,0,0,0,UPI,INR,0,TXN_113777,CUS_1476
34.89,82.1,1,2,0,177,0,0,0,UPI,INR,0,TXN_109526,CUS_5805
33.4,26.75,0,2,0,288,0,1,0,CARD,USD,0,TXN_105911,CUS_7821
121.87,111.95,1,3,0,45,1,0,0,CARD,INR,0,TXN_100215,CUS_8787
156.66,144.43,3,5,0,277,0,0,0,WALLET,USD,0,TXN_101852,CUS_2342
240.25,178.46,0,5,0,502,0,0,0,CARD,INR,0,TXN_108527,CUS_8117
10.88,36.41,0,1,0,227,0,0,0,CARD,INR,0,TXN_107516,CUS_7826
231.84,172.77,1,1,0,253,0,0,0,CARD,USD,0,TXN_111117,CUS_9962
76.54,54.85,0,0,0,228,0,0,0,CARD,USD,0,TXN_112502,CUS_9854
28.25,31.67,0,2,0,36,0,0,0,CARD,INR,0,TXN_102973,CUS_8052
335.17,293.02,1,4,0,85,0,0,0,NET_BANKING,EUR,0,TXN_103838,CUS_7748
197.94,36.84,4,8,6,56,1,1,0,CARD,USD,1,TXN_110498,CUS_7038
88.2,57.34,0,3,0,396,0,0,0,CARD,INR,0,TXN_106989,CUS_3060
312.43,258.8,0,0,0,279,0,0,0,UPI,INR,0,TXN_106797,CUS_2759
24.31,84.32,0,1,0,222,0,0,0,CARD,EUR,0,TXN_112334,CUS_1384
70.41,70.55,1,2,0,857,0,0,0,CARD,INR,0,TXN_114161,CUS_2814
71.74,66.58,1,3,1,167,0,0,0,NET_BANKING,INR,0,TXN_106680,CUS_5008
53.6,65.91,0,0,0,69,0,0,0,UPI,USD,0,TXN_114328,CUS_1521
635.73,512.83,0,4,0,278,0,0,0,UPI,INR,0,TXN_110290,CUS_9583
124.19,80.36,0,2,0,151,0,1,0,WALLET,INR,0,TXN_114877,CUS_6912
71.5,74.48,0,2,0,97,0,0,0,CARD,INR,0,TXN_102827,CUS_5845
150.36,130.28,0,1,0,98,0,0,0,CARD,USD,0,TXN_111398,CUS_9811
110.58,73.33,0,4,0,162,0,0,0,CARD,INR,0,TXN_101268,CUS_3056
126.12,105.55,1,1,0,168,1,0,0,CARD,USD,0,TXN_105828,CUS_6773
49.13,85.09,0,1,0,160,0,0,0,UPI,INR,0,TXN_100999,CUS_1846
382.13,285.87,1,3,0,49,0,0,0,CARD,INR,0,TXN_110569,CUS_8845
365.27,245.84,2,4,0,1089,0,0,0,UPI,INR,0,TXN_106213,CUS_5846
46.02,51.67,0,4,0,49,0,0,0,WALLET,INR,0,TXN_109842,CUS_8418
68.88,102.16,1,2,0,541,0,0,0,NET_BANKING,INR,0,TXN_113472,CUS_1783
92.88,60.43,1,2,0,50,0,0,0,CARD,INR,0,TXN_112573,CUS_5386
389.01,307.16,0,3,0,185,0,0,0,UPI,INR,0,TXN_106412,CUS_9994
136.37,138.91,1,2,0,337,0,0,0,CARD,INR,0,TXN_110173,CUS_6355
149.59,133.45,1,5,1,231,0,0,0,CARD,INR,0,TXN_103199,CUS_4562
37.55,41.5,0,3,0,259,0,0,0,CARD,USD,0,TXN_106161,CUS_3002
89.07,67.83,0,1,0,191,0,0,0,UPI,USD,0,TXN_104777,CUS_1607
85.96,73.73,0,0,0,817,0,1,0,CARD,INR,0,TXN_114268,CUS_8468
112.85,166.78,0,4,0,33,0,0,0,CARD,INR,0,TXN_113572,CUS_9400
132.45,116.86,0,3,0,391,0,0,0,UPI,EUR,0,TXN_106588,CUS_1449
105.74,145.08,0,1,0,71,0,0,0,UPI,EUR,0,TXN_109878,CUS_9759
135.08,116.91,1,3,1,276,0,0,0,UPI,EUR,0,TXN_105102,CUS_3127
158.0,120.12,0,4,0,176,1,0,0,UPI,INR,0,TXN_101082,CUS_8136
53.16,93.13,0,2,0,316,1,0,0,WALLET,USD,0,TXN_102262,CUS_3153
133.41,126.26,0,1,0,53,0,0,0,CARD,INR,0,TXN_107844,CUS_4699
215.77,144.26,0,3,0,1420,0,0,0,UPI,INR,0,TXN_114944,CUS_6374
1182.33,141.17,5,10,0,11,1,1,3,CARD,INR,1,TXN_112451,CUS_1029
32.59,26.15,0,2,0,171,0,0,0,CARD,USD,0,TXN_112424,CUS_5317
95.77,80.17,0,3,0,59,0,0,0,UPI,EUR,0,TXN_104810,CUS_4022
197.96,213.09,0,0,0,423,0,0,0,UPI,INR,0,TXN_111301,CUS_6873
248.92,258.0,1,5,0,214,0,0,0,CARD,INR,0,TXN_104934,CUS_3267
72.27,148.97,1,2,0,75,0,1,0,CARD,USD,0,TXN_108344,CUS_2264
190.0,106.75,3,6,0,145,0,0,0,CARD,INR,0,TXN_106999,CUS_4756
68.46,55.0,0,1,0,56,0,0,0,WALLET,INR,0,TXN_103655,CUS_7031
81.88,86.64,1,4,0,702,0,0,0,CARD,INR,0,TXN_102373,CUS_1528
38.95,55.27,0,3,0,45,0,0,0,CARD,INR,0,TXN_114756,CUS_5189
303.34,248.29,0,3,0,643,0,0,0,NET_BANKING,INR,0,TXN_107141,CUS_6648
235.32,228.45,0,2,1,239,0,0,0,CARD,INR,0,TXN_109174,CUS_5822
79.13,96.52,2,5,0,720,0,0,0,CARD,USD,0,TXN_108559,CUS_4964
75.9,71.65,0,0,0,848,0,0,0,WALLET,INR,0,TXN_112309,CUS_2740
79.05,59.69,0,3,0,183,0,0,0,CARD,INR,0,TXN_105962,CUS_2369
168.47,145.65,0,1,0,169,0,1,0,CARD,INR,0,TXN_104356,CUS_3851
52.2,31.09,0,2,0,636,0,0,0,CARD,USD,0,TXN_108803,CUS_8976
78.5,113.37,0,5,0,1054,0,0,0,NET_BANKING,INR,0,TXN_102328,CUS_7394
249.73,224.76,0,3,1,269,0,0,0,CARD,INR,0,TXN_105732,CUS_5922
150.19,95.35,1,1,0,194,0,0,0,UPI,EUR,0,TXN_101424,CUS_4241
121.94,115.18,1,3,0,227,0,0,0,UPI,INR,0,TXN_111863,CUS_1044
256.3,298.22,1,2,0,38,0,0,0,CARD,INR,0,TXN_106383,CUS_3799
119.16,156.83,0,2,0,40,0,0,0,NET_BANKING,USD,0,TXN_105066,CUS_1031
47.29,50.1,0,3,1,610,0,0,0,CARD,USD,0,TXN_112267,CUS_6975
220.03,163.69,2,2,0,594,0,0,0,CARD,INR,0,TXN_109739,CUS_7703
135.67,100.78,1,6,1,76,0,0,0,UPI,USD,0,TXN_106300,CUS_5108
116.63,127.18,2,5,0,290,0,0,0,CARD,INR,0,TXN_105449,CUS_8847
142.82,134.94,3,5,0,43,0,0,0,WALLET,INR,0,TXN_104819,CUS_6082
18.07,75.25,0,1,0,186,0,0,0,WALLET,USD,0,TXN_108722,CUS_3464
92.39,84.48,1,5,0,676,0,0,0,UPI,INR,0,TXN_100549,CUS_3398
1255.52,83.25,8,11,0,140,1,0,1,CARD,USD,1,TXN_108235,CUS_5382
408.58,418.54,0,2,0,536,0,0,0,UPI,USD,0,TXN_112535,CUS_6722
97.11,101.52,1,2,1,252,0,0,0,UPI,INR,0,TXN_100155,CUS_2266
118.1,172.45,0,1,0,46,0,0,0,CARD,INR,0,TXN_114323,CUS_6295
326.82,264.22,0,1,0,291,0,0,0,CARD,USD,0,TXN_110246,CUS_7153
85.68,72.16,0,1,0,413,1,0,0,UPI,USD,0,TXN_111332,CUS_4572
173.45,115.37,0,1,0,307,0,0,0,CARD,USD,0,TXN_113060,CUS_7349
156.05,135.33,0,3,0,181,0,0,0,UPI,INR,0,TXN_113479,CUS_9241
143.37,85.5,0,4,0,234,0,0,0,CARD,INR,0,TXN_114391,CUS_6420
346.52,246.5,3,7,0,445,0,0,0,CARD,INR,0,TXN_113458,CUS_7851
152.46,135.61,2,4,0,131,0,0,0,CARD,INR,0,TXN_108031,CUS_9028
14.68,39.08,1,2,1,103,0,0,0,CARD,USD,0,TXN_101445,CUS_6100
110.0,118.22,1,4,0,40,0,0,0,CARD,USD,0,TXN_111930,CUS_3248
84.26,108.11,2,5,1,117,0,0,0,CARD,EUR,0,TXN_110266,CUS_7758
153.84,132.49,2,3,0,268,1,0,0,UPI,INR,0,TXN_103030,CUS_4413
32.23,52.91,0,2,0,184,0,0,0,UPI,INR,0,TXN_107939,CUS_9818
133.32,103.18,2,3,1,168,0,0,0,CARD,INR,0,TXN_113674,CUS_1576
471.29,263.69,0,3,1,70,1,0,0,UPI,INR,0,TXN_109674,CUS_5637
48.66,111.87,1,3,0,110,1,0,0,WALLET,INR,0,TXN_114567,CUS_9860
67.33,54.79,1,1,0,218,0,0,0,NET_BANKING,INR,0,TXN_103793,CUS_7451
40.25,47.45,0,4,0,204,0,0,0,CARD,INR,0,TXN_108084,CUS_6718
573.59,773.36,1,3,0,759,0,1,0,WALLET,USD,0,TXN_114276,CUS_7381
30.41,37.36,1,4,0,107,0,0,0,UPI,USD,0,TXN_109911,CUS_6140
31.9,46.09,0,1,0,110,0,0,0,UPI,INR,0,TXN_109665,CUS_2177
226.27,24.45,6,7,2,75,1,1,0,CARD,USD,1,TXN_107603,CUS_8636
55.35,90.26,0,0,0,247,0,0,0,UPI,USD,0,TXN_110854,CUS_8699
77.13,63.01,0,3,1,1008,0,0,0,CARD,EUR,0,TXN_103467,CUS_3733
378.99,361.32,0,1,0,797,0,0,0,NET_BANKING,INR,0,TXN_102184,CUS_2522
46.98,41.15,0,1,0,271,0,0,0,NET_BANKING,INR,0,TXN_109830,CUS_1057
101.31,69.15,1,3,0,546,0,0,0,UPI,INR,0,TXN_111888,CUS_9919
190.12,244.4,1,3,0,189,0,0,0,UPI,EUR,0,TXN_100806,CUS_2038
147.23,213.1,0,1,0,77,0,0,0,CARD,INR,0,TXN_102155,CUS_4046
49.65,92.69,0,0,0,391,0,0,0,UPI,INR,0,TXN_114546,CUS_7223
142.72,110.64,1,3,0,444,0,0,0,NET_BANKING,USD,0,TXN_112351,CUS_7060
97.3,94.21,0,2,0,246,0,0,0,WALLET,USD,0,TXN_107040,CUS_5319
135.9,124.19,0,2,0,111,0,0,0,CARD,EUR,0,TXN_104734,CUS_4973
128.79,140.83,2,3,0,184,0,0,0,UPI,EUR,0,TXN_114694,CUS_4232
45.81,44.95,0,0,0,114,0,1,0,UPI,INR,0,TXN_103489,CUS_1948
38.77,28.04,0,2,0,318,0,0,0,UPI,USD,0,TXN_109653,CUS_6966
131.98,146.77,1,3,0,90,0,0,0,WALLET,INR,0,TXN_111808,CUS_7886
217.89,131.5,0,4,0,145,0,0,0,CARD,USD,0,TXN_103327,CUS_1329
104.48,76.67,0,2,0,301,0,0,0,CARD,INR,0,TXN_104290,CUS_8838
117.62,141.18,1,2,0,59,0,0,0,NET_BANKING,INR,0,TXN_103087,CUS_3425
91.5,128.11,0,2,0,51,0,0,0,CARD,USD,0,TXN_109004,CUS_9812
76.13,68.47,0,2,1,195,0,0,0,NET_BANKING,INR,0,TXN_112114,CUS_8005
77.81,80.58,0,2,0,196,0,0,0,UPI,INR,0,TXN_111552,CUS_6093
65.41,60.59,0,2,0,259,0,0,0,CARD,USD,0,TXN_113473,CUS_6848
135.58,150.68,0,2,0,587,0,0,0,CARD,USD,0,TXN_100188,CUS_7745
109.39,114.0,1,3,1,773,0,0,0,CARD,INR,0,TXN_102119,CUS_5185
113.6,130.02,0,1,0,86,0,0,0,CARD,INR,0,TXN_100831,CUS_1038
51.63,44.81,1,3,0,64,0,1,0,UPI,INR,0,TXN_108337,CUS_6209
84.98,115.8,0,2,0,458,0,0,0,WALLET,INR,0,TXN_101744,CUS_9554
36.66,47.22,1,4,0,129,0,0,0,CARD,USD,0,TXN_104391,CUS_7685
129.51,103.59,0,6,0,114,0,0,0,CARD,INR,0,TXN_113235,CUS_9521
121.74,78.2,0,1,0,233,0,0,0,UPI,USD,0,TXN_111966,CUS_4967
244.02,181.77,0,1,0,393,0,0,0,UPI,INR,0,TXN_109369,CUS_1292
113.96,81.53,1,2,1,497,0,0,0,CARD,USD,0,TXN_108350,CUS_6051
262.7,230.2,1,1,0,414,0,1,0,CARD,INR,0,TXN_109888,CUS_7790
98.88,86.97,0,3,0,125,0,0,0,CARD,INR,0,TXN_102653,CUS_7280
71.34,84.03,0,2,0,35,0,0,0,WALLET,INR,0,TXN_113730,CUS_4727
165.4,99.38,0,4,0,305,0,0,0,CARD,USD,0,TXN_100384,CUS_2318
17.76,30.63,2,3,0,806,0,0,0,UPI,USD,0,TXN_108799,CUS_3848
101.46,135.7,2,5,0,66,0,0,0,NET_BANKING,INR,0,TXN_107926,CUS_5919
154.4,120.14,0,1,0,267,0,0,0,UPI,USD,0,TXN_109615,CUS_9623
62.15,81.78,1,5,0,92,0,0,0,UPI,INR,0,TXN_105374,CUS_8856
141.41,124.6,0,2,0,74,0,0,0,UPI,USD,0,TXN_103014,CUS_4271
38.86,35.72,2,4,0,251,0,1,0,UPI,EUR,0,TXN_106447,CUS_9888
303.24,196.06,1,2,1,1554,0,0,0,CARD,INR,0,TXN_102685,CUS_4467
88.74,71.56,1,3,0,131,0,1,0,CARD,EUR,0,TXN_110155,CUS_3651
27.03,92.36,0,2,0,170,0,0,0,CARD,INR,0,TXN_102878,CUS_9639
64.33,52.28,0,5,0,206,0,0,0,UPI,EUR,0,TXN_108667,CUS_5591
126.19,146.35,0,2,0,179,0,0,0,CARD,INR,0,TXN_112128,CUS_9244
79.63,50.58,0,1,0,152,0,0,0,CARD,INR,0,TXN_103068,CUS_1955
241.27,169.52,0,1,0,96,0,0,0,CARD,INR,0,TXN_110097,CUS_7541
204.72,129.3,1,6,0,364,0,0,0,CARD,INR,0,TXN_107587,CUS_1871
40.08,44.47,0,0,0,1227,0,1,0,CARD,USD,0,TXN_102442,CUS_1140
120.17,93.04,0,3,0,503,0,1,0,NET_BANKING,INR,0,TXN_114025,CUS_1408
145.48,123.94,1,4,0,58,0,0,0,UPI,USD,0,TXN_107441,CUS_4913
37.53,122.16,0,1,0,449,0,0,0,CARD,INR,0,TXN_102099,CUS_4301
36.7,37.82,0,1,0,60,0,0,0,CARD,INR,0,TXN_105852,CUS_7290
132.33,123.07,0,2,0,447,0,0,0,UPI,INR,0,TXN_104410,CUS_9348
62.82,50.7,0,2,0,634,0,1,0,CARD,INR,0,TXN_108095,CUS_5289
61.74,77.48,1,2,0,400,0,0,0,CARD,INR,0,TXN_111785,CUS_9439
102.6,255.72,0,3,0,238,0,0,0,CARD,USD,0,TXN_101308,CUS_6366
78.11,60.62,0,5,0,557,0,0,0,CARD,INR,0,TXN_104128,CUS_4664
42.47,38.32,0,2,0,170,0,0,0,CARD,USD,0,TXN_113140,CUS_4080
141.66,144.51,0,3,0,47,0,0,0,UPI,USD,0,TXN_108892,CUS_5527
354.2,239.2,2,3,0,666,1,0,0,CARD,INR,0,TXN_114826,CUS_3759
69.74,104.3,2,4,1,82,0,0,0,UPI,INR,0,TXN_104036,CUS_8512
32.81,47.43,0,4,0,370,0,0,0,CARD,INR,0,TXN_104200,CUS_8393
126.25,89.11,1,3,0,65,0,0,0,CARD,INR,0,TXN_113044,CUS_6183
416.14,318.43,0,3,0,455,0,0,0,CARD,EUR,0,TXN_102978,CUS_6149
546.31,389.45,2,3,0,85,0,0,0,CARD,INR,0,TXN_114320,CUS_2947
98.69,63.17,1,5,1,87,0,0,0,NET_BANKING,INR,0,TXN_113063,CUS_3663
381.29,630.11,1,3,0,721,0,0,0,CARD,USD,0,TXN_107505,CUS_4553
112.35,114.54,0,1,0,196,0,0,0,CARD,EUR,0,TXN_105996,CUS_4965
231.74,158.9,2,3,0,178,0,0,0,NET_BANKING,INR,0,TXN_106241,CUS_1520
202.82,154.1,1,1,0,209,0,0,0,CARD,USD,0,TXN_112241,CUS_3988
36.25,54.67,0,1,1,58,0,0,0,CARD,USD,0,TXN_105664,CUS_8179
57.77,62.82,0,3,0,1141,0,0,0,CARD,EUR,0,TXN_107630,CUS_8151
82.79,120.64,1,1,0,342,0,0,0,NET_BANKING,INR,0,TXN_106339,CUS_1147
214.02,153.06,0,1,0,482,0,0,0,NET_BANKING,EUR,0,TXN_109601,CUS_8349
101.21,105.81,0,4,0,100,0,0,0,CARD,INR,0,TXN_114573,CUS_4355
122.86,84.37,2,4,2,70,0,0,0,UPI,INR,0,TXN_100762,CUS_6615
53.89,91.91,0,1,0,55,1,0,0,NET_BANKING,INR,0,TXN_103311,CUS_4288
157.45,130.81,0,3,0,322,0,1,0,CARD,INR,0,TXN_102775,CUS_8361
252.22,214.28,0,5,1,245,1,0,0,UPI,USD,0,TXN_108598,CUS_7903
170.78,152.58,1,4,0,69,1,0,0,UPI,INR,0,TXN_112955,CUS_7442
98.71,110.78,0,4,1,574,0,0,0,CARD,INR,0,TXN_102492,CUS_2734
140.15,128.02,0,6,0,281,1,0,0,UPI,INR,0,TXN_103929,CUS_5890
38.75,30.79,1,2,0,192,0,0,0,UPI,INR,0,TXN_107699,CUS_6896
165.84,102.08,1,4,0,612,0,0,0,WALLET,INR,0,TXN_105656,CUS_3682
82.09,81.36,1,2,0,46,0,0,0,UPI,INR,0,TXN_107303,CUS_5136
234.49,244.37,0,5,0,513,0,0,0,NET_BANKING,INR,0,TXN_108639,CUS_5379
83.51,84.06,0,2,0,369,1,0,0,CARD,USD,0,TXN_102309,CUS_2142
79.57,54.84,0,4,0,191,0,0,0,UPI,INR,0,TXN_105734,CUS_6350
64.36,62.86,0,3,1,105,0,0,0,CARD,INR,0,TXN_101748,CUS_2434
19.61,72.02,0,1,0,169,0,0,0,CARD,INR,0,TXN_111001,CUS_5579
69.62,57.69,1,2,0,1865,0,0,0,NET_BANKING,INR,0,TXN_113629,CUS_7345
133.78,32.68,2,8,5,10,0,1,1,CARD,INR,1,TXN_102408,CUS_4241
471.79,303.06,0,2,0,245,0,1,0,UPI,USD,0,TXN_112882,CUS_9627
91.24,100.55,0,2,0,151,0,0,0,CARD,INR,0,TXN_107851,CUS_6333
527.77,376.02,0,1,0,235,1,0,0,NET_BANKING,EUR,0,TXN_114049,CUS_3159
173.88,101.18,0,2,0,187,1,0,0,UPI,INR,0,TXN_109208,CUS_8559
59.09,164.4,0,1,0,256,0,0,0,UPI,INR,0,TXN_114793,CUS_7248
120.03,106.52,0,1,1,378,0,1,0,WALLET,EUR,0,TXN_114612,CUS_3786
80.22,85.65,0,0,0,85,1,0,0,CARD,INR,0,TXN_109231,CUS_3527
46.68,51.2,1,8,0,678,0,1,0,WALLET,INR,0,TXN_114336,CUS_3660
36.86,66.56,0,0,0,984,0,0,0,NET_BANKING,INR,0,TXN_105046,CUS_9090
36.47,60.25,1,2,0,359,0,0,0,UPI,EUR,0,TXN_102792,CUS_2591
25.53,41.98,0,2,0,276,0,0,0,CARD,INR,0,TXN_101441,CUS_7875
50.49,62.14,0,1,0,264,0,0,0,CARD,USD,0,TXN_109717,CUS_6299
87.06,69.89,0,3,0,93,1,0,0,CARD,INR,0,TXN_114026,CUS_4476
46.11,61.44,1,2,0,212,0,0,0,WALLET,INR,0,TXN_104416,CUS_3554
107.17,153.83,0,1,0,198,0,0,0,CARD,INR,0,TXN_100805,CUS_1034
46.23,53.25,3,4,0,290,0,0,0,UPI,INR,0,TXN_101175,CUS_5717
133.22,84.21,0,2,0,150,0,0,0,CARD,USD,0,TXN_111187,CUS_2478
19.32,88.39,1,4,0,98,0,0,0,CARD,INR,0,TXN_111104,CUS_5111
95.51,121.72,1,4,0,454,0,0,0,UPI,EUR,0,TXN_112173,CUS_4169
35.07,55.31,0,1,0,93,1,0,0,UPI,INR,0,TXN_108761,CUS_5896
110.68,103.51,0,2,0,101,0,0,0,WALLET,INR,0,TXN_100781,CUS_4611
110.01,101.19,0,2,0,828,0,0,0,CARD,USD,0,TXN_107400,CUS_6818
83.29,85.76,1,4,0,234,0,0,0,CARD,INR,0,TXN_101410,CUS_5060
58.57,77.45,1,5,0,205,0,0,0,CARD,INR,0,TXN_107095,CUS_4849
218.74,270.96,1,3,0,240,0,0,0,CARD,USD,0,TXN_107369,CUS_4711
17.99,26.87,0,2,1,399,0,0,0,CARD,INR,0,TXN_106128,CUS_7354
546.81,357.46,0,2,0,72,0,0,0,CARD,INR,0,TXN_102995,CUS_8960
112.86,67.31,1,3,0,185,0,0,0,UPI,USD,0,TXN_110976,CUS_1809
64.93,85.34,1,5,0,155,0,0,0,CARD,INR,0,TXN_106020,CUS_3205
57.31,33.97,0,1,1,197,0,0,0,UPI,USD,0,TXN_108550,CUS_2477
83.23,88.88,0,2,0,127,0,0,0,CARD,USD,0,TXN_111733,CUS_2440
299.37,236.41,1,3,1,823,1,0,0,CARD,INR,0,TXN_109785,CUS_4155
191.9,122.04,0,1,1,485,0,0,0,CARD,INR,0,TXN_105426,CUS_2807
25.61,54.14,0,1,0,340,0,0,0,UPI,INR,0,TXN_104165,CUS_9000
44.41,42.11,0,4,0,409,0,0,0,CARD,INR,0,TXN_102654,CUS_8140
25.14,51.64,0,1,0,84,0,0,0,CARD,INR,0,TXN_100721,CUS_7092
379.57,327.82,0,3,0,1138,0,0,0,CARD,INR,0,TXN_112216,CUS_5292
30.06,48.35,1,3,0,70,1,0,0,CARD,EUR,0,TXN_114473,CUS_4387
590.07,387.45,0,2,0,93,0,1,0,UPI,USD,0,TXN_108484,CUS_4825
63.87,146.4,0,3,0,162,0,0,0,CARD,INR,0,TXN_106114,CUS_3332
19.01,52.54,0,4,0,412,0,0,0,WALLET,USD,0,TXN_106353,CUS_2453
96.24,99.74,0,1,0,566,0,0,0,CARD,INR,0,TXN_112037,CUS_3170
158.93,109.19,2,4,0,295,0,0,0,UPI,EUR,0,TXN_112735,CUS_2341
180.79,158.44,0,2,0,85,0,0,0,CARD,INR,0,TXN_108680,CUS_4977
63.79,57.59,0,2,1,201,0,0,0,UPI,INR,0,TXN_110984,CUS_3104
39.88,43.72,0,3,0,157,0,0,0,CARD,INR,0,TXN_111455,CUS_1618
166.43,184.15,1,2,0,274,1,0,0,CARD,USD,0,TXN_106398,CUS_7366
25.14,28.37,0,3,0,834,0,0,0,CARD,INR,0,TXN_110790,CUS_9369
67.51,68.8,0,0,0,512,0,0,0,WALLET,USD,0,TXN_100527,CUS_3950
181.76,151.09,2,4,0,64,0,0,0,UPI,INR,0,TXN_107700,CUS_4883
164.41,149.82,0,2,0,252,0,0,0,UPI,INR,0,TXN_109379,CUS_4000
157.77,140.62,1,2,0,64,0,0,0,UPI,EUR,0,TXN_114171,CUS_1364
522.32,109.5,6,15,3,15,1,1,0,WALLET,INR,1,TXN_106724,CUS_3709
1374.67,271.68,5,9,0,36,1,1,1,CARD,USD,1,TXN_113750,CUS_5763
30.75,37.16,1,4,0,35,1,0,0,WALLET,INR,0,TXN_112956,CUS_6451
138.93,111.65,0,0,0,355,0,0,0,CARD,USD,0,TXN_102717,CUS_9216
125.69,94.83,0,3,0,243,0,0,0,UPI,INR,0,TXN_107788,CUS_6736
286.91,62.51,3,6,2,33,0,0,0,CARD,INR,1,TXN_112121,CUS_8897
49.4,63.15,0,3,0,857,0,0,0,CARD,INR,0,TXN_113239,CUS_3465
140.11,129.56,0,2,0,76,0,1,0,CARD,USD,0,TXN_106528,CUS_8816
107.6,70.59,1,2,0,182,0,0,0,NET_BANKING,INR,0,TXN_102666,CUS_7863
76.81,76.18,1,3,0,245,0,0,0,CARD,INR,0,TXN_104576,CUS_3722
43.93,93.05,0,4,0,800,1,0,0,UPI,INR,0,TXN_106668,CUS_9153
90.39,333.16,1,6,1,630,1,0,0,CARD,EUR,0,TXN_102790,CUS_6084
107.93,97.74,1,3,0,50,0,0,0,UPI,USD,0,TXN_102003,CUS_8525
160.11,124.09,0,1,0,257,0,1,0,CARD,USD,0,TXN_112207,CUS_6231
55.87,40.38,2,5,0,658,0,0,0,CARD,INR,0,TXN_104099,CUS_6528
61.94,83.93,0,2,0,748,0,0,0,CARD,INR,0,TXN_110836,CUS_4098
54.53,41.54,0,2,0,162,1,0,0,NET_BANKING,INR,0,TXN_106706,CUS_8029
32.21,101.47,0,1,0,194,0,0,0,CARD,INR,0,TXN_111433,CUS_1935
492.79,499.89,0,2,0,261,1,0,0,UPI,INR,0,TXN_104393,CUS_8214
683.82,484.11,0,3,0,159,0,0,0,CARD,INR,0,TXN_107755,CUS_1413
129.92,170.94,0,1,0,88,0,0,0,CARD,USD,0,TXN_102652,CUS_6391
150.19,155.15,0,2,0,976,0,0,0,CARD,EUR,0,TXN_107634,CUS_9876
231.15,200.4,1,4,0,209,0,0,0,CARD,USD,0,TXN_101960,CUS_4303
149.05,142.63,0,1,0,196,0,0,0,CARD,USD,0,TXN_112907,CUS_7544
102.24,66.57,1,2,0,103,0,1,0,CARD,INR,0,TXN_111324,CUS_4541
43.59,85.87,0,1,0,39,0,1,0,UPI,INR,0,TXN_107122,CUS_9753
101.51,68.24,0,2,0,265,0,0,0,UPI,INR,0,TXN_110089,CUS_4077
124.35,187.51,1,1,0,347,0,0,0,UPI,INR,0,TXN_103576,CUS_8138
77.63,65.11,0,3,0,121,0,0,0,UPI,INR,0,TXN_106287,CUS_9891
150.59,120.16,0,5,0,103,0,1,0,WALLET,INR,0,TXN_112939,CUS_1475
21.45,23.79,1,1,0,259,0,0,0,CARD,INR,0,TXN_102724,CUS_5460
61.78,94.27,0,0,0,62,1,0,0,WALLET,INR,0,TXN_106806,CUS_6051
100.17,114.17,0,0,0,33,0,0,0,CARD,INR,0,TXN_112782,CUS_5839
166.27,115.95,0,1,0,489,0,0,0,WALLET,USD,0,TXN_108196,CUS_6631
45.86,57.52,0,1,0,282,0,0,0,CARD,INR,0,TXN_107806,CUS_4805
5.0,106.06,0,1,0,420,0,0,0,NET_BANKING,INR,0,TXN_100732,CUS_8297
198.77,373.34,0,3,0,883,0,0,0,CARD,INR,0,TXN_106328,CUS_6274
140.49,150.94,0,2,1,161,0,0,0,CARD,INR,0,TXN_110938,CUS_3600
148.91,161.76,0,1,0,284,1,0,0,UPI,INR,0,TXN_103994,CUS_4934
242.3,148.46,0,4,0,169,0,1,0,WALLET,EUR,0,TXN_109030,CUS_6236
99.28,100.95,0,5,0,822,0,0,0,UPI,INR,0,TXN_102668,CUS_2203
52.6,56.86,0,1,1,805,0,0,0,UPI,EUR,0,TXN_107164,CUS_6343
175.77,124.12,0,4,0,771,0,0,0,WALLET,INR,0,TXN_107961,CUS_7115
373.62,267.74,0,3,0,177,0,0,0,CARD,USD,0,TXN_100918,CUS_7858
37.51,107.43,1,2,0,162,0,0,0,CARD,USD,0,TXN_110860,CUS_3997
56.57,58.16,0,3,1,249,0,0,0,WALLET,INR,0,TXN_113009,CUS_6376
57.86,316.17,1,1,0,36,0,0,0,UPI,USD,0,TXN_104733,CUS_6407
234.71,65.15,8,9,0,59,1,1,2,WALLET,USD,1,TXN_111365,CUS_7742
83.55,57.82,0,2,0,135,0,0,0,UPI,INR,0,TXN_105185,CUS_6625
47.9,43.83,0,0,0,294,0,1,0,CARD,INR,0,TXN_100325,CUS_6137
84.03,44.99,0,3,1,336,1,0,0,WALLET,INR,0,TXN_103394,CUS_4824
89.65,90.7,1,3,0,541,0,0,0,CARD,INR,0,TXN_110417,CUS_3058
66.27,84.62,0,0,0,82,0,0,0,CARD,INR,0,TXN_100228,CUS_1613
27.74,20.72,0,0,0,39,0,0,0,CARD,EUR,0,TXN_103915,CUS_1444
106.82,86.68,0,2,0,429,0,0,0,UPI,INR,0,TXN_112039,CUS_9250
79.22,79.16,0,4,0,157,0,0,0,UPI,USD,0,TXN_100109,CUS_5083
69.91,80.6,0,2,0,382,0,0,0,CARD,INR,0,TXN_103316,CUS_3938
173.4,143.48,0,3,0,307,0,0,0,WALLET,USD,0,TXN_110368,CUS_7280
77.53,53.46,0,3,0,183,0,0,0,WALLET,INR,0,TXN_110464,CUS_8155
79.1,78.54,0,2,0,217,0,0,0,CARD,USD,0,TXN_110928,CUS_6852
314.83,222.6,0,2,1,124,0,1,0,CARD,INR,0,TXN_102946,CUS_3691
129.59,130.92,0,1,0,285,0,0,0,CARD,INR,0,TXN_111849,CUS_7592
57.69,47.4,0,0,0,51,0,0,0,CARD,INR,0,TXN_106809,CUS_9469
223.12,137.49,0,3,1,90,0,0,0,CARD,INR,0,TXN_108615,CUS_8585
60.76,182.42,1,3,0,78,0,0,0,CARD,INR,0,TXN_112268,CUS_4327
87.66,105.12,0,4,0,126,1,0,0,NET_BANKING,USD,0,TXN_111121,CUS_5145
87.21,73.76,0,2,0,92,0,0,0,UPI,INR,0,TXN_102273,CUS_6285
101.74,110.29,0,1,0,243,0,1,0,UPI,INR,0,TXN_101098,CUS_6010
100.07,109.35,1,3,0,53,0,0,0,CARD,USD,0,TXN_114913,CUS_6982
131.56,95.01,1,4,0,255,0,1,0,CARD,USD,0,TXN_108914,CUS_9764
52.46,50.86,1,4,0,1095,0,0,0,CARD,INR,0,TXN_113989,CUS_3542
75.09,117.65,0,3,0,1498,0,0,0,CARD,EUR,0,TXN_105343,CUS_6869
30.02,31.39,0,1,0,36,0,0,0,WALLET,INR,0,TXN_103632,CUS_7990
56.03,85.29,2,5,0,256,0,0,0,CARD,USD,0,TXN_106324,CUS_4848
82.87,138.1,0,1,0,120,0,0,0,UPI,USD,0,TXN_114308,CUS_7486
241.78,209.38,0,3,2,75,0,0,0,CARD,INR,0,TXN_112003,CUS_1031
114.85,102.79,0,2,0,124,0,0,0,UPI,INR,0,TXN_106145,CUS_9362
87.28,77.58,0,1,1,313,1,0,0,WALLET,INR,0,TXN_113387,CUS_6206
244.74,150.29,0,2,0,374,0,0,0,CARD,INR,0,TXN_106824,CUS_1719
234.32,283.03,1,3,1,58,0,0,0,CARD,USD,0,TXN_112431,CUS_8886
112.86,82.62,2,6,0,198,0,0,0,CARD,INR,0,TXN_109550,CUS_7971
297.32,183.76,0,3,0,266,0,0,0,WALLET,USD,0,TXN_107355,CUS_3641
83.21,101.89,0,0,0,743,0,1,0,WALLET,INR,0,TXN_100457,CUS_2211
90.98,95.15,0,2,0,512,1,0,0,WALLET,USD,0,TXN_110612,CUS_7416
42.29,52.3,1,3,0,118,0,0,0,UPI,USD,0,TXN_110263,CUS_9981
98.15,106.26,1,1,0,55,0,1,0,CARD,INR,0,TXN_107098,CUS_5410
65.95,90.8,0,4,0,229,0,0,0,UPI,INR,0,TXN_105331,CUS_4609
35.14,44.99,2,3,0,397,0,0,0,CARD,USD,0,TXN_103289,CUS_9548
107.65,515.61,1,6,0,401,0,0,0,CARD,INR,0,TXN_113294,CUS_4340
19.79,26.31,0,0,0,383,1,0,0,UPI,USD,0,TXN_113715,CUS_8709
207.04,166.98,0,1,0,93,0,0,0,CARD,INR,0,TXN_112454,CUS_3552
166.35,166.98,2,3,0,148,0,0,0,WALLET,USD,0,TXN_114356,CUS_9633
142.93,92.2,0,2,0,46,0,0,0,CARD,INR,0,TXN_111539,CUS_8509
358.96,282.26,0,2,0,39,0,0,0,UPI,INR,0,TXN_111719,CUS_1674
193.99,262.92,0,2,0,198,0,0,0,CARD,INR,0,TXN_114504,CUS_7178
18.48,25.12,0,5,0,139,0,0,0,CARD,USD,0,TXN_111575,CUS_6849
68.2,60.86,1,2,0,762,0,0,0,CARD,USD,0,TXN_114059,CUS_1383
77.07,46.84,0,1,2,44,0,0,0,CARD,INR,0,TXN_107292,CUS_2759
126.78,95.07,1,4,0,430,0,0,0,UPI,INR,0,TXN_107205,CUS_5067
43.53,48.61,0,1,0,334,0,1,0,NET_BANKING,USD,0,TXN_113599,CUS_4930
575.71,415.57,1,5,0,225,0,0,0,CARD,INR,0,TXN_100365,CUS_6436
224.36,200.83,1,3,0,512,0,0,0,UPI,USD,0,TXN_101741,CUS_5873
239.16,160.83,2,4,0,93,0,0,0,CARD,INR,0,TXN_107026,CUS_7978
62.85,53.06,0,2,0,419,0,0,0,CARD,INR,0,TXN_107388,CUS_1892
521.43,68.23,6,7,1,15,1,1,2,CARD,EUR,1,TXN_105652,CUS_9650
58.4,80.8,0,1,0,577,0,0,0,UPI,USD,0,TXN_107449,CUS_6862
263.4,334.63,0,1,0,77,0,0,0,UPI,INR,0,TXN_101659,CUS_4544
72.64,224.03,0,2,0,108,0,0,0,WALLET,USD,0,TXN_111650,CUS_2702
28.45,65.93,0,4,0,216,0,0,0,CARD,EUR,0,TXN_105155,CUS_2685
161.61,108.26,1,8,0,41,0,0,0,CARD,INR,0,TXN_114112,CUS_7885
194.81,188.4,1,3,0,322,0,0,0,CARD,INR,0,TXN_108702,CUS_6265
112.7,113.23,1,6,0,124,0,0,0,CARD,EUR,0,TXN_100986,CUS_4760
50.17,127.46,0,1,0,348,0,0,0,UPI,EUR,0,TXN_102363,CUS_3720
494.07,258.43,0,2,0,179,0,0,0,CARD,INR,0,TXN_110949,CUS_9546
174.57,261.74,0,2,1,205,0,0,0,CARD,INR,0,TXN_101597,CUS_1984
177.1,130.91,0,4,0,157,0,0,0,CARD,INR,0,TXN_105375,CUS_1285
94.56,69.63,0,5,0,155,0,1,0,CARD,USD,0,TXN_114909,CUS_7672
87.44,74.44,1,4,0,282,0,0,0,CARD,USD,0,TXN_111745,CUS_2998
29.35,36.29,3,6,0,212,0,0,0,CARD,INR,0,TXN_113898,CUS_7528
26.17,66.26,0,1,0,162,0,0,0,CARD,INR,0,TXN_101945,CUS_5090
26.45,35.57,0,0,0,201,1,1,0,UPI,INR,0,TXN_101528,CUS_5623
46.6,82.17,0,5,0,90,0,0,0,UPI,INR,0,TXN_113606,CUS_4380
26.43,18.38,0,2,0,1066,0,0,0,CARD,INR,0,TXN_102120,CUS_2328
95.74,103.18,0,3,0,292,0,0,0,UPI,USD,0,TXN_112876,CUS_4971
183.1,144.97,0,1,0,91,0,0,0,CARD,USD,0,TXN_101189,CUS_2199
85.03,108.14,2,4,0,135,0,0,0,NET_BANKING,EUR,0,TXN_101142,CUS_7447
62.17,45.27,0,3,0,771,0,0,0,WALLET,INR,0,TXN_111913,CUS_6195
27.73,22.89,0,2,0,380,0,0,0,CARD,USD,0,TXN_102022,CUS_8834
38.86,142.83,1,4,1,311,0,0,0,UPI,INR,0,TXN_104536,CUS_7640
71.3,98.32,0,0,0,86,0,0,0,WALLET,EUR,0,TXN_112941,CUS_6100
147.36,105.85,0,2,0,404,0,0,1,CARD,INR,0,TXN_110122,CUS_9536
114.42,73.08,0,2,0,356,0,0,0,CARD,USD,0,TXN_105508,CUS_4188
233.37,238.24,1,2,0,654,0,0,0,CARD,INR,0,TXN_103070,CUS_2596
31.56,192.58,0,3,0,95,0,0,0,CARD,INR,0,TXN_104424,CUS_5985
160.73,146.73,0,1,1,77,0,0,0,CARD,INR,0,TXN_112296,CUS_9546
59.74,47.83,0,3,1,172,0,0,0,CARD,INR,0,TXN_102725,CUS_2824
219.18,209.71,0,0,1,49,0,0,0,CARD,INR,0,TXN_106211,CUS_4184
53.65,41.73,0,2,0,65,0,0,0,UPI,USD,0,TXN_108312,CUS_8815
41.68,47.62,0,3,0,213,0,0,0,CARD,USD,0,TXN_103794,CUS_8770
144.07,131.64,0,2,0,302,0,0,0,UPI,USD,0,TXN_103857,CUS_5895
153.68,216.86,0,1,0,786,0,0,0,CARD,INR,0,TXN_108890,CUS_7684
13.22,32.53,0,3,0,580,0,0,0,UPI,EUR,0,TXN_104179,CUS_1521
61.32,122.84,0,3,0,202,0,0,0,CARD,USD,0,TXN_111657,CUS_8128
53.52,50.09,0,2,0,339,0,0,0,CARD,EUR,0,TXN_107519,CUS_5373
786.27,72.51,2,6,2,105,1,1,2,CARD,INR,1,TXN_111297,CUS_4068
501.39,397.99,0,2,0,77,0,1,0,UPI,INR,0,TXN_103606,CUS_2444
49.73,36.05,0,1,0,76,0,1,0,CARD,INR,0,TXN_100594,CUS_4386
38.15,43.49,0,3,0,114,0,0,0,UPI,INR,0,TXN_114554,CUS_1589
205.88,164.1,1,4,0,393,0,1,1,UPI,USD,0,TXN_105844,CUS_4582
67.22,68.26,1,4,0,747,0,0,0,UPI,INR,0,TXN_101361,CUS_1599
59.4,136.15,0,2,0,198,0,0,0,CARD,EUR,0,TXN_106232,CUS_9678
179.17,319.6,0,2,0,353,0,0,0,NET_BANKING,EUR,0,TXN_105854,CUS_9258
165.23,184.2,0,1,1,730,0,0,0,CARD,USD,0,TXN_108009,CUS_7596
29.86,34.77,0,2,0,646,0,0,0,NET_BANKING,EUR,0,TXN_101345,CUS_9135
64.08,103.31,2,2,0,671,0,0,0,UPI,INR,0,TXN_108262,CUS_2295
439.11,297.23,0,2,0,95,1,0,0,WALLET,EUR,0,TXN_103287,CUS_3780
91.87,173.64,0,0,1,35,0,0,0,CARD,USD,0,TXN_103112,CUS_8691
111.5,104.63,1,3,0,66,0,1,0,UPI,INR,0,TXN_101505,CUS_8186
356.51,327.33,0,4,0,121,1,0,0,UPI,INR,0,TXN_114558,CUS_7687
106.45,152.09,0,3,0,40,0,0,0,NET_BANKING,USD,0,TXN_109496,CUS_9795
67.87,96.72,0,4,1,329,1,0,0,CARD,INR,0,TXN_100043,CUS_3219
53.96,170.65,0,5,1,99,0,0,0,CARD,INR,0,TXN_113218,CUS_7397
75.32,70.53,1,3,0,117,1,0,0,CARD,USD,0,TXN_109185,CUS_8941
135.58,152.28,0,3,0,176,0,0,0,CARD,EUR,0,TXN_100817,CUS_7693
656.69,80.89,5,8,1,347,1,0,2,UPI,INR,1,TXN_102686,CUS_7992
24.98,24.62,0,3,0,162,0,1,0,CARD,USD,0,TXN_113308,CUS_3092
92.13,101.3,0,2,0,410,0,0,0,CARD,USD,0,TXN_105183,CUS_9752
531.72,113.27,3,6,7,42,1,1,0,CARD,INR,1,TXN_104361,CUS_5051
67.01,83.9,1,2,0,183,0,0,0,CARD,INR,0,TXN_107793,CUS_7917
99.45,83.46,1,5,0,201,0,0,0,CARD,USD,0,TXN_111868,CUS_2606
222.8,179.44,0,1,0,109,0,0,0,CARD,INR,0,TXN_111881,CUS_8495
37.38,44.51,1,2,0,400,0,0,0,UPI,EUR,0,TXN_109365,CUS_3128
83.59,107.47,0,2,0,209,0,0,0,CARD,USD,0,TXN_104073,CUS_3155
123.91,228.61,0,2,0,459,0,1,0,UPI,USD,0,TXN_113783,CUS_9534
43.95,41.13,1,2,0,84,0,0,0,CARD,USD,0,TXN_105876,CUS_2564
39.8,98.54,0,4,0,42,0,0,0,UPI,INR,0,TXN_106888,CUS_4414
121.3,122.55,1,4,1,221,0,0,0,NET_BANKING,INR,0,TXN_105650,CUS_3058
246.09,598.23,1,2,0,153,0,0,0,CARD,INR,0,TXN_101413,CUS_5503
45.56,75.84,0,5,0,197,0,0,0,CARD,INR,0,TXN_112418,CUS_2112
265.93,203.19,0,4,0,78,0,1,0,UPI,USD,0,TXN_104858,CUS_6251
129.62,174.13,0,4,0,401,0,0,0,UPI,USD,0,TXN_101376,CUS_2527
614.15,320.1,1,4,1,176,0,0,0,NET_BANKING,INR,0,TXN_107861,CUS_4374
132.61,108.57,0,4,0,289,0,0,0,CARD,INR,0,TXN_111446,CUS_1187
141.01,130.16,0,3,0,228,0,0,0,NET_BANKING,INR,0,TXN_111175,CUS_9691
263.94,347.74,0,1,0,853,0,0,0,CARD,USD,0,TXN_108593,CUS_3253
1310.22,768.76,0,2,0,89,0,0,0,CARD,INR,0,TXN_113842,CUS_8976
69.23,78.64,1,4,0,121,0,0,0,UPI,INR,0,TXN_102411,CUS_4018
42.03,248.13,0,1,0,442,0,0,0,CARD,EUR,0,TXN_106396,CUS_5943
41.28,36.69,0,0,1,97,1,1,0,NET_BANKING,INR,0,TXN_100088,CUS_1079
66.34,45.5,0,3,0,269,0,0,0,CARD,INR,0,TXN_103416,CUS_9647
66.79,50.56,1,3,0,404,1,0,0,CARD,INR,0,TXN_108784,CUS_4743
67.49,105.8,1,3,0,168,0,0,0,CARD,INR,0,TXN_108939,CUS_4546
74.03,42.83,0,2,0,55,0,0,0,CARD,USD,0,TXN_106429,CUS_1124
248.7,148.56,0,1,0,683,0,0,0,UPI,INR,0,TXN_108849,CUS_8581
44.42,79.79,2,5,0,464,0,1,0,UPI,INR,0,TXN_111612,CUS_6177
172.23,200.85,0,1,0,510,0,0,0,CARD,INR,0,TXN_112315,CUS_7310
218.44,156.66,1,5,2,205,0,0,0,CARD,INR,0,TXN_100482,CUS_9929
13.43,42.53,0,4,0,337,0,0,0,UPI,EUR,0,TXN_107878,CUS_7537
442.81,430.88,0,1,1,74,0,0,0,CARD,USD,0,TXN_109737,CUS_6113
104.84,78.14,0,0,0,129,0,0,0,CARD,INR,0,TXN_113696,CUS_6780
129.85,79.48,1,2,0,375,0,0,0,CARD,USD,0,TXN_101668,CUS_1214
300.64,237.36,1,3,0,146,0,0,0,WALLET,INR,0,TXN_104293,CUS_3276
185.57,161.88,0,1,0,114,0,0,0,UPI,USD,0,TXN_109628,CUS_1971
84.65,69.54,0,5,0,205,0,0,0,CARD,INR,0,TXN_100788,CUS_9373
141.28,209.54,0,1,0,140,0,0,0,NET_BANKING,USD,0,TXN_110003,CUS_1057
335.7,50.24,2,10,2,62,1,1,2,UPI,USD,1,TXN_103130,CUS_5881
72.07,75.03,0,0,0,458,0,0,0,UPI,INR,0,TXN_100658,CUS_5328
463.51,38.28,3,11,1,95,0,1,1,CARD,USD,1,TXN_101085,CUS_6886
305.63,220.28,1,7,1,183,0,0,0,CARD,USD,0,TXN_108142,CUS_5901
91.11,73.78,0,1,0,305,0,0,0,UPI,USD,0,TXN_101209,CUS_4660
68.94,60.22,0,2,0,402,0,0,0,CARD,USD,0,TXN_100830,CUS_1632
51.87,33.16,0,3,0,427,0,0,0,CARD,INR,0,TXN_108904,CUS_8842
162.59,110.82,2,4,0,150,0,0,0,UPI,INR,0,TXN_114160,CUS_8466
117.32,77.98,0,1,0,340,0,0,0,CARD,INR,0,TXN_109193,CUS_9199
48.65,71.09,0,4,0,79,0,0,0,CARD,INR,0,TXN_100668,CUS_6080
55.68,47.65,0,4,0,50,0,0,0,CARD,USD,0,TXN_100508,CUS_7372
178.97,100.75,0,3,0,358,0,0,0,UPI,INR,0,TXN_101700,CUS_5786
200.34,204.01,1,1,0,65,0,0,0,CARD,INR,0,TXN_112497,CUS_3814
142.37,126.53,0,4,0,101,0,0,0,CARD,INR,0,TXN_105870,CUS_2864
52.61,94.52,0,3,1,777,0,0,1,CARD,INR,0,TXN_112594,CUS_4265
43.35,68.02,0,2,0,1189,0,0,0,CARD,USD,0,TXN_108035,CUS_2342
36.05,60.3,2,4,0,272,0,0,0,CARD,USD,0,TXN_114409,CUS_7642
39.71,53.53,0,0,0,41,0,0,0,WALLET,EUR,0,TXN_105883,CUS_2182
284.1,188.87,2,4,0,32,0,0,0,CARD,USD,0,TXN_110664,CUS_8534
30.16,38.83,0,1,1,800,0,1,0,CARD,INR,0,TXN_100660,CUS_5999
150.21,198.79,1,2,0,242,0,0,0,UPI,USD,0,TXN_103077,CUS_3026
52.05,52.25,1,5,0,105,0,0,0,UPI,INR,0,TXN_104404,CUS_6421
163.93,117.13,0,2,0,165,0,0,0,CARD,INR,0,TXN_105990,CUS_9805
77.96,120.95,0,0,0,675,0,0,0,NET_BANKING,INR,0,TXN_110090,CUS_9137
103.34,107.16,0,1,1,66,0,0,0,WALLET,USD,0,TXN_111722,CUS_3805
69.56,156.25,1,2,0,287,0,0,0,UPI,INR,0,TXN_111428,CUS_8222
157.64,243.41,1,2,0,498,0,0,0,NET_BANKING,INR,0,TXN_113877,CUS_4120
28.95,27.88,1,4,0,594,0,0,0,UPI,INR,0,TXN_111697,CUS_3914
145.74,118.08,0,5,0,277,0,0,0,CARD,USD,0,TXN_103760,CUS_8777
36.0,51.83,0,1,0,240,0,0,0,CARD,USD,0,TXN_102438,CUS_6250
63.93,64.39,0,1,0,709,1,0,0,UPI,INR,0,TXN_100381,CUS_6476
85.64,77.5,2,7,0,296,0,0,0,CARD,INR,0,TXN_113541,CUS_2790
13.12,98.82,3,6,0,669,0,0,0,CARD,USD,0,TXN_114613,CUS_3804
86.22,71.18,0,4,0,396,0,0,0,CARD,EUR,0,TXN_100041,CUS_7286
27.51,25.18,0,1,0,92,0,0,0,UPI,INR,0,TXN_109899,CUS_8313
184.35,30.33,7,7,4,216,1,1,1,CARD,USD,1,TXN_110848,CUS_8378
186.26,115.91,0,1,0,107,0,0,0,WALLET,EUR,0,TXN_107028,CUS_3619
196.37,147.84,0,3,0,97,0,0,0,CARD,USD,0,TXN_113587,CUS_5023
86.53,75.3,0,1,0,338,0,0,0,NET_BANKING,INR,0,TXN_103765,CUS_5191
62.1,41.64,1,5,0,70,1,0,0,NET_BANKING,USD,0,TXN_100262,CUS_4385
100.97,97.84,0,1,0,38,0,1,0,UPI,INR,0,TXN_107259,CUS_3650
71.99,52.09,0,4,1,125,0,0,0,NET_BANKING,USD,0,TXN_102279,CUS_6497
61.46,38.1,0,2,0,437,0,1,0,UPI,USD,0,TXN_109021,CUS_6912
18.21,68.99,2,4,0,111,0,0,0,WALLET,USD,0,TXN_112284,CUS_9247
373.18,406.92,0,2,1,151,0,0,0,WALLET,INR,0,TXN_112152,CUS_2600
151.62,119.71,0,3,0,360,0,0,0,UPI,INR,0,TXN_114454,CUS_9308
140.93,88.24,0,0,0,33,0,0,0,NET_BANKING,USD,0,TXN_100045,CUS_9335
123.11,104.26,1,3,0,89,0,0,0,NET_BANKING,INR,0,TXN_102019,CUS_3742
505.05,619.43,0,0,1,460,0,0,0,CARD,EUR,0,TXN_105441,CUS_1247
49.45,40.46,1,3,0,146,1,0,0,WALLET,INR,0,TXN_109872,CUS_8746
30.29,34.78,0,3,0,794,0,0,0,NET_BANKING,INR,0,TXN_101353,CUS_5621
43.35,95.74,0,4,0,195,0,0,0,UPI,INR,0,TXN_105131,CUS_3694
204.09,155.18,2,4,0,263,0,0,0,CARD,INR,0,TXN_106337,CUS_8321
50.33,38.37,0,0,0,58,0,0,0,UPI,USD,0,TXN_100820,CUS_7075
127.85,139.36,0,3,0,293,0,1,0,CARD,INR,0,TXN_102881,CUS_5852
87.82,64.81,0,0,0,77,0,0,0,WALLET,INR,0,TXN_111991,CUS_6500
96.4,146.99,0,3,0,291,0,0,0,UPI,INR,0,TXN_110826,CUS_9238
150.41,219.69,0,1,0,131,0,0,0,UPI,USD,0,TXN_109994,CUS_8339
144.23,144.87,0,2,0,251,0,0,0,UPI,USD,0,TXN_105682,CUS_5115
61.44,169.99,2,4,0,182,0,1,0,CARD,EUR,0,TXN_106416,CUS_2731
53.32,40.04,0,1,0,308,0,1,0,CARD,INR,0,TXN_100478,CUS_5808
64.66,87.34,0,0,0,184,0,1,0,NET_BANKING,USD,0,TXN_104916,CUS_9115
28.65,31.85,1,3,0,485,0,0,0,UPI,INR,0,TXN_111341,CUS_1507
121.62,111.55,0,4,0,83,0,0,0,CARD,INR,0,TXN_105564,CUS_8745
185.05,334.5,0,4,0,233,0,0,0,UPI,USD,0,TXN_111917,CUS_7272
41.39,54.6,1,1,0,314,0,0,0,CARD,USD,0,TXN_109932,CUS_9801
30.58,36.4,0,2,0,566,0,0,0,NET_BANKING,INR,0,TXN_104847,CUS_4089
154.33,290.43,0,2,0,362,0,0,0,UPI,INR,0,TXN_101775,CUS_7477
28.54,29.09,1,7,1,109,1,0,0,CARD,INR,0,TXN_108823,CUS_9449
92.45,159.75,0,1,0,117,1,1,0,WALLET,EUR,0,TXN_108286,CUS_3777
397.35,272.01,0,0,0,77,0,0,0,NET_BANKING,USD,0,TXN_106049,CUS_8622
170.31,147.94,0,3,0,524,0,1,0,NET_BANKING,INR,0,TXN_101121,CUS_5512
106.38,132.46,1,4,0,112,0,0,0,CARD,INR,0,TXN_103215,CUS_9198
105.56,78.04,0,2,0,72,0,0,0,WALLET,INR,0,TXN_106039,CUS_6677
75.51,54.56,2,2,0,573,0,0,0,CARD,USD,0,TXN_107458,CUS_4501
194.13,317.44,1,2,0,621,0,1,0,CARD,INR,0,TXN_110846,CUS_6969
91.91,103.09,0,1,0,204,0,0,0,UPI,INR,0,TXN_112719,CUS_7524
190.89,140.02,1,3,0,609,0,0,0,UPI,USD,0,TXN_106900,CUS_9133
60.22,94.96,0,3,0,190,0,1,0,WALLET,INR,0,TXN_111201,CUS_3292
311.94,401.9,0,1,0,31,0,0,0,UPI,EUR,0,TXN_109082,CUS_1920
41.15,105.95,0,0,0,66,0,0,0,CARD,INR,0,TXN_113476,CUS_1632
62.8,62.72,0,1,0,89,0,1,0,WALLET,INR,0,TXN_101779,CUS_6206
27.23,40.33,3,7,0,123,0,0,0,UPI,USD,0,TXN_109772,CUS_9787
54.82,52.3,0,0,0,46,0,0,0,CARD,EUR,0,TXN_100659,CUS_5137
75.83,99.87,1,2,0,158,0,0,0,CARD,INR,0,TXN_100577,CUS_2912
1253.68,281.09,4,8,1,17,1,1,1,CARD,INR,1,TXN_100635,CUS_2724
188.37,347.9,0,3,0,548,0,0,0,CARD,INR,0,TXN_107546,CUS_3370
70.3,46.5,0,4,1,639,0,0,0,WALLET,EUR,0,TXN_105232,CUS_5939
231.91,192.81,1,2,1,139,0,0,0,CARD,INR,0,TXN_108526,CUS_1576
163.37,132.35,0,6,0,62,0,0,0,UPI,USD,0,TXN_100643,CUS_6358
267.92,249.03,0,0,0,272,0,1,0,CARD,INR,0,TXN_103699,CUS_3729
123.75,92.76,0,2,0,293,0,0,0,CARD,INR,0,TXN_103419,CUS_2652
190.0,138.92,1,2,0,696,0,0,0,WALLET,USD,0,TXN_102390,CUS_5313
73.88,53.66,1,1,0,36,0,0,0,WALLET,INR,0,TXN_103484,CUS_8522
44.29,141.93,2,2,0,216,0,0,0,CARD,INR,0,TXN_104971,CUS_1026
102.56,89.64,0,4,0,83,1,1,0,WALLET,USD,0,TXN_106726,CUS_8444
576.13,132.21,3,7,2,70,1,1,0,CARD,USD,1,TXN_108126,CUS_5771
62.65,85.22,1,4,1,101,0,0,0,CARD,INR,0,TXN_102217,CUS_7851
50.4,57.1,0,2,0,299,0,0,0,CARD,INR,0,TXN_112687,CUS_6436
71.72,110.98,1,4,1,353,0,0,0,UPI,USD,0,TXN_100564,CUS_4762
164.62,116.39,0,2,0,144,0,0,0,UPI,INR,0,TXN_112568,CUS_7318
72.39,65.18,0,1,0,147,0,0,0,UPI,INR,0,TXN_101719,CUS_1987
58.29,46.83,0,3,0,111,0,0,0,UPI,USD,0,TXN_108215,CUS_7683
66.73,43.19,0,2,0,61,0,0,0,UPI,USD,0,TXN_106144,CUS_6438
162.53,187.52,0,4,0,73,0,1,0,CARD,INR,0,TXN_100689,CUS_1654
37.33,40.23,0,2,0,140,0,0,0,UPI,INR,0,TXN_100422,CUS_3620
180.4,210.01,0,1,0,195,0,1,0,CARD,INR,0,TXN_103893,CUS_7132
438.43,229.13,0,0,0,313,1,0,0,WALLET,INR,0,TXN_113187,CUS_5874
302.07,170.83,0,3,0,128,0,0,0,CARD,EUR,0,TXN_109624,CUS_6749
11.54,24.77,0,1,1,140,0,0,0,CARD,INR,0,TXN_105975,CUS_5797
74.45,71.31,1,4,0,414,0,0,0,CARD,INR,0,TXN_110684,CUS_7471
365.78,325.52,0,1,0,287,0,1,0,CARD,INR,0,TXN_106381,CUS_8018
74.8,52.32,1,2,0,39,0,0,0,CARD,EUR,0,TXN_113835,CUS_8141
94.83,245.98,0,3,0,151,0,0,0,CARD,INR,0,TXN_111569,CUS_1569
247.1,202.52,0,1,0,212,0,0,0,WALLET,INR,0,TXN_104954,CUS_5732
138.66,163.56,0,2,0,107,0,1,0,NET_BANKING,INR,0,TXN_110739,CUS_4337
73.75,170.13,0,1,0,70,0,0,0,UPI,INR,0,TXN_105474,CUS_8184
119.88,73.36,0,3,0,77,0,0,0,CARD,INR,0,TXN_106643,CUS_7022
52.88,57.34,1,1,0,425,0,0,0,CARD,INR,0,TXN_104004,CUS_2438
61.61,47.99,1,2,0,114,0,1,0,NET_BANKING,INR,0,TXN_109559,CUS_6429
28.99,39.8,0,2,0,305,0,0,0,UPI,INR,0,TXN_104816,CUS_6763
83.58,200.52,0,0,0,347,0,0,0,NET_BANKING,USD,0,TXN_105308,CUS_7877
6.59,18.47,0,1,0,185,0,0,0,CARD,INR,0,TXN_104210,CUS_6695
84.03,78.84,0,6,0,627,0,0,0,CARD,USD,0,TXN_103813,CUS_5838
162.26,230.45,1,6,0,487,0,0,0,UPI,USD,0,TXN_112090,CUS_6061
1035.3,71.53,2,14,2,24,1,0,1,UPI,INR,1,TXN_102039,CUS_6183
65.47,62.09,0,3,0,204,0,0,0,NET_BANKING,INR,0,TXN_113054,CUS_7782
85.78,80.78,0,6,0,281,1,0,0,CARD,INR,0,TXN_111322,CUS_2799
134.23,110.65,0,2,0,384,0,0,0,NET_BANKING,USD,0,TXN_105172,CUS_5572
31.73,49.6,0,3,0,1815,0,0,0,UPI,INR,0,TXN_107674,CUS_1971
355.75,335.44,0,4,0,159,0,0,0,CARD,USD,0,TXN_105673,CUS_9903
85.86,104.44,0,0,0,152,0,0,0,CARD,USD,0,TXN_114832,CUS_7691
54.81,48.99,0,0,0,37,0,0,0,UPI,USD,0,TXN_108510,CUS_7487
169.83,183.93,1,4,0,121,0,0,0,CARD,USD,0,TXN_105337,CUS_1794
112.67,107.23,0,1,1,111,0,1,0,NET_BANKING,USD,0,TXN_100824,CUS_1654
71.65,79.78,1,3,0,86,1,0,0,UPI,INR,0,TXN_104312,CUS_5729
109.02,70.76,0,3,0,84,0,0,0,UPI,INR,0,TXN_114372,CUS_6220
133.04,89.62,0,4,0,479,0,0,0,CARD,INR,0,TXN_105481,CUS_3421
330.56,235.26,1,5,0,189,0,0,0,UPI,INR,0,TXN_107436,CUS_4887
205.45,163.87,0,1,0,461,0,1,0,CARD,INR,0,TXN_113286,CUS_1324
56.82,71.38,0,3,1,464,0,0,0,CARD,INR,0,TXN_112435,CUS_4951
109.74,144.86,0,0,0,327,0,0,0,UPI,EUR,0,TXN_102874,CUS_7973
124.21,76.43,0,0,0,186,0,0,0,CARD,INR,0,TXN_106793,CUS_2789
21.76,36.98,2,3,0,245,1,1,0,WALLET,INR,0,TXN_111729,CUS_1576
166.36,142.02,0,1,0,172,0,0,0,CARD,USD,0,TXN_105846,CUS_3130
493.01,98.99,3,7,0,114,1,1,2,UPI,USD,1,TXN_101180,CUS_2205
187.14,196.01,0,1,0,990,0,0,0,UPI,USD,0,TXN_107957,CUS_8596
96.37,93.93,0,3,0,568,0,0,0,UPI,USD,0,TXN_110701,CUS_7649
91.85,113.29,0,1,1,278,1,0,0,CARD,EUR,0,TXN_100934,CUS_9882
175.36,233.0,2,6,0,34,0,0,0,CARD,USD,0,TXN_106781,CUS_3795
61.98,128.66,0,2,0,82,0,0,0,CARD,USD,0,TXN_102667,CUS_8656
167.3,159.84,0,2,0,121,0,0,0,CARD,INR,0,TXN_103555,CUS_7564
131.26,110.89,1,1,0,548,0,1,0,UPI,INR,0,TXN_107073,CUS_3363
50.78,75.74,1,2,0,250,0,0,0,UPI,INR,0,TXN_105427,CUS_5032
91.91,154.07,0,1,1,70,0,1,0,CARD,USD,0,TXN_101594,CUS_1597
107.74,82.03,0,3,1,332,0,1,0,WALLET,INR,0,TXN_107822,CUS_4915
19.99,34.0,0,1,0,653,0,0,0,CARD,USD,0,TXN_103589,CUS_5560
21.9,78.06,1,3,0,302,0,0,0,CARD,USD,0,TXN_102551,CUS_8103
62.63,118.88,0,1,0,574,0,0,0,UPI,INR,0,TXN_102364,CUS_7627
23.37,34.07,1,5,0,238,0,0,0,CARD,USD,0,TXN_103166,CUS_7870
169.69,192.25,1,4,0,63,0,0,0,CARD,INR,0,TXN_108697,CUS_9534
53.71,44.25,0,1,0,121,0,0,0,WALLET,INR,0,TXN_111961,CUS_1150
57.15,79.93,0,2,0,182,0,0,0,UPI,EUR,0,TXN_103487,CUS_5124
98.56,140.53,0,1,0,232,0,0,0,CARD,USD,0,TXN_108707,CUS_3336
237.14,207.17,0,3,0,460,0,0,0,UPI,EUR,0,TXN_107427,CUS_8737
87.55,64.22,0,3,0,38,0,0,0,UPI,INR,0,TXN_104104,CUS_7635
156.63,139.26,0,6,0,109,0,0,0,WALLET,EUR,0,TXN_107470,CUS_8966
5.0,214.28,0,1,1,32,0,0,0,UPI,USD,0,TXN_108843,CUS_2677
180.24,142.51,0,2,1,60,0,0,0,UPI,INR,0,TXN_100964,CUS_8761
123.1,115.34,0,1,1,174,0,0,0,UPI,INR,0,TXN_112436,CUS_7965
122.7,100.82,0,0,0,138,0,0,0,CARD,INR,0,TXN_103735,CUS_9767
55.02,64.15,0,2,0,178,0,0,0,CARD,USD,0,TXN_111034,CUS_4831
62.02,113.71,0,0,0,94,0,0,0,CARD,EUR,0,TXN_108024,CUS_7970
105.94,83.33,0,3,0,1961,0,0,0,CARD,INR,0,TXN_105225,CUS_1324
328.01,269.41,0,3,0,384,0,1,0,CARD,EUR,0,TXN_113377,CUS_6600
39.08,71.63,0,4,0,107,0,0,0,WALLET,USD,0,TXN_109961,CUS_6858
153.83,137.4,0,0,0,214,1,0,0,CARD,USD,0,TXN_100185,CUS_2063
189.68,209.79,0,3,1,96,0,0,0,NET_BANKING,INR,0,TXN_107460,CUS_8114
53.49,77.5,0,1,0,701,0,1,0,WALLET,USD,0,TXN_104429,CUS_9662
73.99,86.89,0,2,1,386,0,0,0,WALLET,USD,0,TXN_104052,CUS_1008
159.09,164.38,1,4,0,143,0,0,0,UPI,INR,0,TXN_101818,CUS_3875
51.56,43.59,1,1,0,99,0,0,0,NET_BANKING,INR,0,TXN_107488,CUS_8079
380.88,274.83,1,2,1,475,0,0,0,CARD,USD,0,TXN_114989,CUS_4846
126.73,147.27,0,1,0,104,1,0,0,CARD,INR,0,TXN_105621,CUS_9757
330.4,203.77,1,1,0,78,0,0,0,CARD,INR,0,TXN_114813,CUS_8969
279.16,192.25,0,0,0,296,0,0,0,CARD,INR,0,TXN_104308,CUS_4590
243.29,148.81,1,4,0,120,0,0,0,UPI,INR,0,TXN_100319,CUS_3253
58.86,44.42,1,2,0,397,0,1,0,UPI,EUR,0,TXN_102393,CUS_8490
46.66,43.6,1,6,0,751,0,0,0,CARD,INR,0,TXN_110874,CUS_6700
205.72,145.21,1,6,0,169,0,1,0,UPI,USD,0,TXN_111628,CUS_4427
56.89,33.76,0,2,0,751,1,1,0,CARD,INR,0,TXN_112144,CUS_2230
72.02,56.31,0,2,0,53,0,0,0,WALLET,INR,0,TXN_114428,CUS_7120
60.76,56.22,0,3,1,375,0,0,0,CARD,INR,0,TXN_107093,CUS_2150
28.2,78.12,0,0,0,122,1,0,0,CARD,INR,0,TXN_108866,CUS_9273
26.91,38.18,0,6,1,392,0,0,0,CARD,INR,0,TXN_111404,CUS_2594
381.87,468.43,0,1,0,171,1,0,0,UPI,INR,0,TXN_102169,CUS_8182
31.84,75.42,0,2,0,200,1,0,0,CARD,INR,0,TXN_108885,CUS_7760
91.12,68.57,0,3,0,223,0,0,0,CARD,INR,0,TXN_101631,CUS_1275
131.29,71.87,1,3,0,417,0,1,0,CARD,INR,0,TXN_113477,CUS_4147
101.63,97.42,1,2,0,53,0,1,0,CARD,USD,0,TXN_100160,CUS_8906
135.75,131.2,1,3,0,84,0,0,0,CARD,INR,0,TXN_114718,CUS_3804
256.9,230.09,0,2,0,1026,0,0,0,CARD,USD,0,TXN_109072,CUS_4850
64.79,89.94,0,3,0,759,0,0,0,UPI,USD,0,TXN_114021,CUS_7019
48.75,47.57,0,5,0,142,0,0,0,NET_BANKING,INR,0,TXN_107327,CUS_1561
369.6,385.27,1,2,0,61,0,0,0,CARD,INR,0,TXN_106091,CUS_8780
1050.7,821.61,0,2,0,161,0,0,0,UPI,INR,0,TXN_104553,CUS_3421
162.07,263.46,0,4,0,509,0,0,0,UPI,INR,0,TXN_102754,CUS_2459
76.68,140.2,1,3,0,59,0,0,0,CARD,INR,0,TXN_100644,CUS_6464
129.43,84.48,0,4,0,554,0,1,0,UPI,INR,0,TXN_107396,CUS_1592
457.68,374.97,0,1,0,51,0,0,0,UPI,USD,0,TXN_106931,CUS_2020
82.05,91.07,0,3,1,512,0,0,0,NET_BANKING,USD,0,TXN_106148,CUS_9425
203.86,232.04,0,1,0,383,0,0,0,CARD,INR,0,TXN_109766,CUS_7319
78.71,52.72,1,3,1,519,0,0,0,UPI,USD,0,TXN_111905,CUS_1192
40.17,32.53,0,5,0,269,0,1,0,CARD,EUR,0,TXN_101383,CUS_8088
186.99,121.28,1,4,0,253,0,0,0,CARD,INR,0,TXN_109714,CUS_3008
41.24,51.81,0,4,0,77,0,0,0,UPI,USD,0,TXN_110401,CUS_9736
26.4,25.71,2,6,0,456,0,0,0,CARD,INR,0,TXN_100014,CUS_6166
53.78,74.67,0,4,0,235,0,0,0,CARD,INR,0,TXN_107965,CUS_8812
284.3,32.52,2,8,1,5,0,1,1,CARD,USD,1,TXN_101398,CUS_8532
240.5,232.04,0,2,1,48,0,0,0,CARD,INR,0,TXN_114488,CUS_9663
215.11,130.67,0,2,0,260,0,0,0,UPI,INR,0,TXN_107794,CUS_2662
128.31,121.57,0,2,0,834,0,0,0,CARD,INR,0,TXN_109404,CUS_1683
427.51,326.01,0,3,0,169,0,0,0,WALLET,EUR,0,TXN_102906,CUS_8433
98.08,125.43,0,2,0,287,0,0,0,NET_BANKING,USD,0,TXN_108604,CUS_9716
144.63,248.08,0,2,0,105,0,0,0,CARD,INR,0,TXN_112266,CUS_5896
112.82,181.09,0,3,0,531,0,0,0,CARD,INR,0,TXN_102702,CUS_2356
110.69,92.51,1,4,0,79,0,0,0,UPI,USD,0,TXN_100048,CUS_9167
95.56,150.32,0,2,0,391,0,1,0,NET_BANKING,INR,0,TXN_111248,CUS_6573
74.78,76.24,0,0,0,35,0,0,0,CARD,INR,0,TXN_111031,CUS_9946
81.68,94.69,3,4,0,225,0,0,0,WALLET,INR,0,TXN_100921,CUS_7666
170.78,166.85,0,0,0,225,0,0,0,CARD,USD,0,TXN_103572,CUS_1867
384.77,284.13,0,1,0,512,0,0,0,CARD,INR,0,TXN_114477,CUS_5116
101.71,78.84,0,1,0,634,0,0,0,WALLET,USD,0,TXN_108194,CUS_6480
278.78,219.64,0,4,1,56,0,0,0,WALLET,INR,0,TXN_113263,CUS_2257
14.47,27.09,1,2,0,409,0,0,0,CARD,EUR,0,TXN_104295,CUS_5007
26.7,57.43,0,1,0,244,0,0,0,NET_BANKING,EUR,0,TXN_112595,CUS_6203
269.75,209.91,0,4,0,64,0,0,0,NET_BANKING,INR,0,TXN_104237,CUS_6870
110.68,449.97,1,2,0,98,0,1,0,CARD,USD,0,TXN_108541,CUS_2535
149.59,215.62,2,3,0,186,0,0,0,CARD,INR,0,TXN_109658,CUS_8661
200.0,143.31,1,3,0,248,0,0,0,UPI,EUR,0,TXN_108492,CUS_1287
83.61,147.2,0,1,0,124,0,0,0,UPI,INR,0,TXN_100263,CUS_8433
80.78,118.33,1,1,0,114,0,1,0,CARD,USD,0,TXN_105602,CUS_4941
51.53,62.41,0,0,1,67,0,0,0,UPI,INR,0,TXN_106859,CUS_8811
82.59,72.35,0,3,0,750,0,0,0,CARD,USD,0,TXN_103900,CUS_5725
64.34,110.16,1,4,0,105,0,0,0,CARD,INR,0,TXN_102502,CUS_8536
82.15,158.7,0,1,0,245,0,1,0,UPI,INR,0,TXN_101474,CUS_3356
52.63,49.28,0,0,1,302,0,0,0,UPI,INR,0,TXN_101691,CUS_4626
91.18,62.62,0,2,0,199,0,0,0,CARD,INR,0,TXN_100051,CUS_9978
26.77,42.77,0,4,0,74,0,0,0,UPI,INR,0,TXN_102561,CUS_3865
161.42,110.94,0,1,0,1123,0,0,0,CARD,INR,0,TXN_110224,CUS_7135
142.2,122.12,1,3,0,80,1,0,0,UPI,USD,0,TXN_111777,CUS_4585
67.82,80.76,0,5,0,188,0,0,0,CARD,INR,0,TXN_112644,CUS_3088
54.0,37.27,0,0,1,301,0,0,0,UPI,INR,0,TXN_110583,CUS_3653
97.74,142.27,0,1,0,495,1,1,0,UPI,INR,0,TXN_106030,CUS_2592
233.54,342.76,0,4,0,272,0,0,0,CARD,USD,0,TXN_113786,CUS_9922
615.87,542.17,0,2,0,103,0,0,0,UPI,EUR,0,TXN_109406,CUS_3368
144.49,131.07,1,3,0,289,0,1,0,NET_BANKING,EUR,0,TXN_104029,CUS_9530
209.67,176.2,0,3,1,129,1,0,0,CARD,INR,0,TXN_102934,CUS_1525
21.08,127.72,0,1,0,67,0,0,0,CARD,INR,0,TXN_107168,CUS_7936
181.7,258.66,0,1,0,146,0,1,0,NET_BANKING,EUR,0,TXN_112902,CUS_1041
116.78,96.37,0,0,0,806,0,0,0,CARD,EUR,0,TXN_100786,CUS_9306
879.1,758.68,1,6,1,58,0,0,0,CARD,USD,0,TXN_111514,CUS_8592
51.21,41.5,0,4,0,47,0,0,0,UPI,USD,0,TXN_109707,CUS_5995
49.43,58.06,0,3,0,67,0,0,0,CARD,INR,0,TXN_102218,CUS_7763
106.03,110.18,0,1,1,156,0,0,0,CARD,EUR,0,TXN_109672,CUS_9166
149.28,89.9,0,3,0,75,0,0,0,CARD,USD,0,TXN_113804,CUS_1064
86.98,85.58,0,4,0,79,1,1,0,CARD,INR,0,TXN_103631,CUS_9406
38.03,41.93,1,3,0,169,0,0,0,CARD,INR,0,TXN_109699,CUS_9583
169.37,126.6,0,4,0,50,0,0,0,CARD,USD,0,TXN_104069,CUS_3117
93.75,52.91,1,5,1,64,0,0,0,NET_BANKING,USD,0,TXN_112952,CUS_4531
121.65,97.28,0,5,1,1385,0,0,0,UPI,EUR,0,TXN_114131,CUS_8396
16.62,18.79,2,4,0,140,1,0,0,CARD,USD,0,TXN_101237,CUS_3351
134.8,155.7,0,2,0,74,0,0,0,NET_BANKING,USD,0,TXN_108089,CUS_1953
117.89,114.0,0,1,1,308,1,0,0,CARD,INR,0,TXN_108278,CUS_6286
36.87,64.27,1,4,0,435,0,0,0,UPI,INR,0,TXN_112106,CUS_9145
13.53,126.12,0,3,0,160,0,0,0,UPI,INR,0,TXN_112200,CUS_1279
97.01,121.83,0,6,0,60,0,0,0,CARD,INR,0,TXN_106583,CUS_7015
29.64,31.42,0,3,0,1190,0,0,0,CARD,INR,0,TXN_109549,CUS_2591
74.91,62.96,0,4,0,766,0,0,0,NET_BANKING,USD,0,TXN_105307,CUS_7339
484.62,333.86,2,4,0,96,0,0,0,CARD,USD,0,TXN_108715,CUS_4259
58.47,58.08,0,3,0,65,0,0,0,CARD,INR,0,TXN_108778,CUS_8105
85.58,77.02,0,2,1,80,0,0,0,UPI,USD,0,TXN_102043,CUS_8683
83.44,69.94,1,5,0,78,0,0,0,NET_BANKING,USD,0,TXN_100327,CUS_2671
49.65,83.6,0,3,0,174,0,0,0,NET_BANKING,INR,0,TXN_111409,CUS_8337
54.31,76.91,0,3,0,48,0,0,0,CARD,EUR,0,TXN_107638,CUS_9754
254.0,464.51,0,1,0,172,0,0,0,WALLET,INR,0,TXN_108079,CUS_6192
477.38,269.28,1,2,0,179,0,0,0,WALLET,INR,0,TXN_114347,CUS_3142
112.11,105.62,0,0,0,39,0,0,0,UPI,INR,0,TXN_100361,CUS_9009
479.48,382.42,1,2,0,310,0,0,0,UPI,USD,0,TXN_110547,CUS_7078
40.32,35.57,0,3,0,248,0,0,0,UPI,USD,0,TXN_106435,CUS_1836
33.81,45.27,0,2,0,36,0,0,0,CARD,INR,0,TXN_107559,CUS_5122
51.79,85.63,1,3,0,131,0,0,0,UPI,INR,0,TXN_112850,CUS_9609
203.61,119.58,0,3,1,364,0,0,0,NET_BANKING,INR,0,TXN_100460,CUS_8967
62.95,65.49,0,0,0,411,0,0,0,CARD,INR,0,TXN_112189,CUS_8290
463.98,298.78,0,0,0,301,0,0,0,UPI,USD,0,TXN_114458,CUS_2565
187.24,141.3,1,2,0,309,0,0,0,CARD,USD,0,TXN_104592,CUS_9137
313.04,309.88,0,5,0,32,0,0,0,CARD,INR,0,TXN_111758,CUS_8789
237.98,287.49,1,1,0,148,0,1,0,CARD,EUR,0,TXN_114209,CUS_8620
156.8,96.28,1,4,0,101,0,0,0,UPI,INR,0,TXN_105936,CUS_1145
139.46,122.77,1,4,0,219,0,0,0,CARD,USD,0,TXN_104962,CUS_3351
55.66,67.24,0,1,0,445,0,0,0,CARD,USD,0,TXN_105674,CUS_5289
249.64,280.94,1,5,0,189,0,0,0,CARD,EUR,0,TXN_103861,CUS_6789
50.82,35.34,0,3,0,282,0,0,0,WALLET,INR,0,TXN_111561,CUS_4425
58.94,50.16,1,5,0,188,0,0,0,CARD,INR,0,TXN_108882,CUS_4024
83.44,83.81,0,4,1,72,0,0,0,WALLET,INR,0,TXN_103241,CUS_9077
71.88,50.09,0,2,0,263,0,0,0,NET_BANKING,USD,0,TXN_107740,CUS_8857
33.61,44.57,0,1,0,288,0,1,0,UPI,INR,0,TXN_100897,CUS_1599
208.34,154.13,0,1,0,359,0,0,0,CARD,USD,0,TXN_110000,CUS_6383
533.05,350.41,1,4,0,243,0,0,0,NET_BANKING,INR,0,TXN_111527,CUS_1128
183.72,174.94,1,2,0,269,0,0,0,CARD,INR,0,TXN_104509,CUS_8116
67.67,61.33,2,5,0,138,1,0,0,CARD,USD,0,TXN_110725,CUS_9593
59.16,144.49,0,0,0,192,0,0,0,WALLET,USD,0,TXN_113349,CUS_7079
431.73,324.25,0,2,0,69,0,0,0,CARD,INR,0,TXN_100677,CUS_9124
54.95,44.82,1,2,1,416,0,1,0,CARD,USD,0,TXN_110079,CUS_7794
72.58,45.54,1,6,0,133,0,0,0,CARD,INR,0,TXN_114139,CUS_7456
53.89,38.26,0,3,0,40,0,0,0,WALLET,INR,0,TXN_110745,CUS_5152
476.71,328.33,0,2,0,727,0,0,0,CARD,USD,0,TXN_110669,CUS_3910
31.67,49.05,1,1,0,474,0,0,0,CARD,USD,0,TXN_100467,CUS_9569
45.35,119.35,0,3,0,199,0,0,0,WALLET,USD,0,TXN_105785,CUS_1708
92.35,116.19,1,4,0,150,0,0,0,NET_BANKING,INR,0,TXN_110363,CUS_5518
103.65,79.53,0,3,0,948,0,0,0,CARD,INR,0,TXN_105708,CUS_6308
9.84,122.4,0,2,0,180,0,1,0,UPI,INR,0,TXN_114313,CUS_7776
156.73,194.32,1,4,0,96,0,0,0,CARD,INR,0,TXN_102040,CUS_1644
173.3,109.61,0,1,0,170,0,1,0,CARD,INR,0,TXN_106334,CUS_4321
77.96,94.19,0,5,0,136,0,0,0,NET_BANKING,INR,0,TXN_101002,CUS_3075
102.33,91.05,2,5,0,45,0,1,0,NET_BANKING,USD,0,TXN_102365,CUS_7869
51.08,97.3,0,2,1,161,0,0,0,CARD,INR,0,TXN_107490,CUS_3780
253.15,218.04,1,3,0,232,0,0,0,CARD,INR,0,TXN_108555,CUS_2781
96.07,92.23,0,4,0,56,0,0,0,CARD,INR,0,TXN_112737,CUS_5068
46.58,42.61,1,3,0,100,0,0,0,UPI,INR,0,TXN_106407,CUS_1300
49.01,42.12,0,2,0,208,0,0,0,CARD,EUR,0,TXN_109776,CUS_8644
73.3,93.42,1,1,0,310,0,0,0,NET_BANKING,INR,0,TXN_103381,CUS_2882
11.08,49.13,1,5,0,137,0,0,0,UPI,EUR,0,TXN_100227,CUS_7783
59.15,66.72,0,2,0,350,0,0,0,CARD,EUR,0,TXN_107167,CUS_7047
52.13,61.27,0,2,1,156,0,0,0,UPI,INR,0,TXN_100968,CUS_8850
52.58,129.97,0,0,0,383,0,0,0,CARD,USD,0,TXN_106689,CUS_3422
285.96,309.04,0,2,0,199,0,1,0,CARD,INR,0,TXN_114549,CUS_8366
102.55,96.21,1,2,0,68,0,0,0,UPI,INR,0,TXN_100306,CUS_2668
863.7,107.64,6,8,3,85,1,1,1,WALLET,USD,1,TXN_111837,CUS_3821
466.22,324.23,0,2,0,85,0,1,0,NET_BANKING,USD,0,TXN_111447,CUS_4278
95.9,62.06,0,0,0,98,1,0,0,CARD,INR,0,TXN_101966,CUS_6156
70.34,69.44,2,3,0,54,0,0,0,UPI,INR,0,TXN_114157,CUS_9832
15.8,28.73,0,2,0,153,1,1,0,CARD,INR,0,TXN_106594,CUS_3645
297.12,199.32,0,5,0,220,0,1,0,UPI,INR,0,TXN_107348,CUS_6435
58.12,58.0,0,1,0,197,0,0,0,UPI,INR,0,TXN_101990,CUS_1056
9.18,42.95,0,1,0,68,0,0,0,NET_BANKING,USD,0,TXN_113230,CUS_7772
92.36,142.52,0,1,0,1031,0,0,0,UPI,USD,0,TXN_113088,CUS_9310
97.16,71.47,1,2,1,460,0,0,0,CARD,EUR,0,TXN_113554,CUS_5866
287.34,164.04,0,5,0,234,0,0,0,UPI,EUR,0,TXN_100387,CUS_6018
139.29,106.71,1,3,0,82,0,0,0,WALLET,USD,0,TXN_102836,CUS_2967
107.98,69.8,0,0,0,398,1,0,0,CARD,USD,0,TXN_112022,CUS_5333
129.47,200.73,0,2,0,360,0,0,0,CARD,USD,0,TXN_114523,CUS_6942
69.93,125.59,2,5,0,727,0,0,0,CARD,USD,0,TXN_105934,CUS_2064
151.29,142.18,1,4,0,697,0,0,0,CARD,EUR,0,TXN_101641,CUS_3949
80.37,64.24,0,2,0,648,0,1,0,UPI,USD,0,TXN_101518,CUS_4638
59.73,62.05,0,0,0,440,0,0,0,CARD,INR,0,TXN_102116,CUS_1829
148.61,102.47,0,5,0,534,0,0,0,UPI,INR,0,TXN_104745,CUS_6206
64.26,64.41,2,3,0,228,0,0,0,CARD,USD,0,TXN_100320,CUS_6444
1245.34,986.41,0,2,0,98,0,0,0,UPI,USD,0,TXN_110628,CUS_9090
114.55,90.84,0,0,0,94,0,0,0,CARD,INR,0,TXN_106372,CUS_8233
446.09,534.16,0,4,0,216,0,0,0,CARD,USD,0,TXN_112858,CUS_4813
98.69,70.12,0,1,1,91,0,0,0,UPI,INR,0,TXN_108397,CUS_1792
38.94,103.06,1,3,1,446,0,0,0,CARD,EUR,0,TXN_113626,CUS_6874
228.54,178.99,0,2,1,215,0,0,0,CARD,USD,0,TXN_113992,CUS_2777
389.81,497.69,0,3,0,553,0,1,0,CARD,USD,0,TXN_110351,CUS_7161
206.48,183.94,0,4,0,175,0,0,0,CARD,INR,0,TXN_114815,CUS_6619
193.87,199.55,1,6,0,92,0,0,0,WALLET,INR,0,TXN_105294,CUS_1534
29.39,34.37,0,2,0,235,0,0,0,CARD,INR,0,TXN_107351,CUS_9155
283.32,222.74,0,4,1,606,0,0,0,CARD,INR,0,TXN_106787,CUS_4989
191.75,315.43,0,2,0,280,0,0,0,CARD,INR,0,TXN_107767,CUS_8614
141.52,104.68,1,3,0,172,0,1,0,NET_BANKING,EUR,0,TXN_113570,CUS_7492
99.66,82.5,0,1,0,73,0,1,0,NET_BANKING,INR,0,TXN_109846,CUS_2216
83.67,55.7,0,2,0,388,0,0,0,CARD,INR,0,TXN_106943,CUS_2068
106.7,81.68,0,0,0,101,0,1,0,CARD,INR,0,TXN_106378,CUS_5060
177.48,101.27,1,2,0,486,0,0,0,CARD,INR,0,TXN_102839,CUS_4293
92.65,136.98,1,3,0,911,0,0,0,CARD,USD,0,TXN_113625,CUS_3814
40.19,83.18,0,1,1,56,0,0,0,CARD,INR,0,TXN_114610,CUS_2190
21.66,61.51,0,2,0,369,0,0,0,UPI,INR,0,TXN_112303,CUS_6450
365.48,280.24,1,6,0,246,0,0,0,WALLET,USD,0,TXN_102837,CUS_2963
70.64,88.28,1,2,2,388,0,0,0,CARD,USD,0,TXN_109221,CUS_7244
158.15,151.23,1,3,0,137,0,0,0,UPI,INR,0,TXN_110146,CUS_5767
32.61,36.67,1,4,0,727,0,1,0,NET_BANKING,INR,0,TXN_102023,CUS_6830
176.73,109.44,0,1,0,492,0,0,0,UPI,USD,0,TXN_114443,CUS_3610
23.9,58.35,0,0,0,124,0,0,0,WALLET,USD,0,TXN_109158,CUS_6856
82.1,116.97,0,1,0,255,0,0,0,UPI,INR,0,TXN_111449,CUS_1840
5.0,189.63,1,5,0,245,0,0,0,CARD,INR,0,TXN_111338,CUS_8378
59.0,104.61,1,6,0,374,0,0,0,CARD,INR,0,TXN_109889,CUS_3615
161.86,111.64,0,4,0,744,0,0,0,NET_BANKING,INR,0,TXN_113004,CUS_9348
162.16,199.44,0,3,0,171,0,0,0,WALLET,INR,0,TXN_104939,CUS_4687
50.84,51.8,0,1,0,129,0,0,0,NET_BANKING,USD,0,TXN_108958,CUS_4271
297.35,183.12,0,2,0,102,1,0,0,UPI,INR,0,TXN_112596,CUS_1972
149.69,39.15,7,7,2,25,1,1,0,CARD,USD,1,TXN_114670,CUS_2212
170.68,154.99,0,4,0,88,0,0,1,CARD,USD,0,TXN_105523,CUS_6655
99.85,109.88,0,5,0,223,0,0,0,UPI,INR,0,TXN_101776,CUS_2826
44.87,78.64,0,2,0,100,0,1,0,CARD,INR,0,TXN_113417,CUS_2865
31.9,28.01,0,4,0,151,1,0,0,WALLET,INR,0,TXN_101395,CUS_8030
336.73,371.07,0,1,0,49,0,0,0,UPI,INR,0,TXN_104118,CUS_8020
59.11,96.31,0,4,0,987,0,0,0,NET_BANKING,INR,0,TXN_111867,CUS_2619
58.0,63.69,0,4,0,105,0,0,0,NET_BANKING,INR,0,TXN_105152,CUS_4411
45.88,43.21,1,3,0,579,0,0,0,NET_BANKING,INR,0,TXN_113620,CUS_7716
43.46,51.26,0,2,0,247,0,0,0,CARD,INR,0,TXN_105182,CUS_6481
99.83,109.52,1,5,0,169,0,0,0,UPI,INR,0,TXN_108395,CUS_7541
312.73,238.04,0,5,0,69,1,0,0,CARD,USD,0,TXN_114885,CUS_5544
123.16,79.37,0,0,0,260,0,1,0,CARD,INR,0,TXN_101104,CUS_9008
85.98,71.69,1,4,0,570,0,0,0,NET_BANKING,INR,0,TXN_110954,CUS_1021
96.88,87.42,0,1,0,325,0,0,0,NET_BANKING,EUR,0,TXN_108279,CUS_5074
337.43,381.21,0,5,0,226,0,0,0,UPI,INR,0,TXN_103180,CUS_4766
41.88,93.55,1,5,0,95,0,0,0,UPI,INR,0,TXN_108759,CUS_7365
402.46,272.24,0,2,0,43,0,0,0,UPI,INR,0,TXN_100249,CUS_4799
145.69,256.21,0,0,0,88,0,0,0,CARD,USD,0,TXN_105691,CUS_4383
310.38,274.96,0,4,0,168,0,1,0,CARD,USD,0,TXN_103355,CUS_9680
271.21,251.33,1,3,0,455,0,1,0,CARD,INR,0,TXN_112961,CUS_6854
19.13,43.39,0,3,0,293,0,0,0,CARD,INR,0,TXN_113456,CUS_9527
94.91,114.55,0,5,0,399,0,0,0,CARD,USD,0,TXN_100015,CUS_3966
21.26,27.12,0,0,0,301,0,0,0,CARD,EUR,0,TXN_102172,CUS_9433
61.09,56.62,0,1,0,106,0,0,0,UPI,USD,0,TXN_107158,CUS_7482
333.07,277.14,1,2,0,280,0,0,0,WALLET,USD,0,TXN_112539,CUS_4114
33.75,28.0,1,1,0,634,0,0,0,UPI,INR,0,TXN_112747,CUS_7235
229.54,198.03,0,3,0,276,0,0,0,NET_BANKING,INR,0,TXN_114455,CUS_3437
189.9,188.72,0,1,0,52,0,0,0,UPI,INR,0,TXN_114795,CUS_4343
208.19,140.41,0,2,0,1345,0,0,0,NET_BANKING,INR,0,TXN_104126,CUS_5007
103.96,88.41,1,3,0,330,0,1,0,CARD,INR,0,TXN_110924,CUS_5529
90.82,71.9,1,2,0,306,0,0,0,CARD,USD,0,TXN_109229,CUS_2520
55.22,39.54,2,2,0,77,0,0,0,UPI,USD,0,TXN_102700,CUS_6101
12.43,25.0,0,4,0,49,0,0,0,UPI,USD,0,TXN_101492,CUS_8342
193.7,151.91,0,0,0,92,0,0,0,CARD,EUR,0,TXN_109640,CUS_9158
40.46,70.49,0,1,0,165,0,0,0,NET_BANKING,INR,0,TXN_106065,CUS_5552
125.35,136.65,0,4,0,313,0,0,0,UPI,INR,0,TXN_114992,CUS_7913
45.22,239.91,1,2,0,259,0,0,0,CARD,INR,0,TXN_106961,CUS_1642
123.25,143.7,1,2,0,88,0,0,0,CARD,USD,0,TXN_108014,CUS_9535
63.76,141.74,0,6,0,141,0,0,0,CARD,INR,0,TXN_104368,CUS_1869
53.19,54.43,0,4,0,313,0,1,0,UPI,INR,0,TXN_113151,CUS_6886
44.04,46.04,1,2,0,97,0,0,0,CARD,INR,0,TXN_104107,CUS_6179
45.7,121.9,0,2,0,111,0,0,0,CARD,INR,0,TXN_113422,CUS_2056
205.59,172.68,0,1,0,160,0,0,0,CARD,USD,0,TXN_106536,CUS_8218
44.13,141.53,0,1,0,54,0,0,0,UPI,INR,0,TXN_107777,CUS_6466
38.79,38.29,1,3,0,140,0,0,0,CARD,INR,0,TXN_109321,CUS_5468
126.23,92.99,0,3,0,454,0,0,0,UPI,INR,0,TXN_106110,CUS_2156
347.77,286.41,0,1,0,100,0,0,0,CARD,USD,0,TXN_111189,CUS_6617
96.6,82.9,0,6,0,201,0,0,0,UPI,INR,0,TXN_106295,CUS_4617
397.87,379.01,1,4,0,593,0,0,0,NET_BANKING,INR,0,TXN_108524,CUS_5948
10.59,32.49,0,2,0,40,0,0,0,CARD,INR,0,TXN_101356,CUS_5344
56.01,55.8,0,3,0,117,0,0,0,CARD,EUR,0,TXN_105123,CUS_6274
61.6,44.52,0,4,0,279,0,0,0,UPI,INR,0,TXN_112233,CUS_1442
114.18,189.31,0,1,0,958,0,0,0,CARD,USD,0,TXN_104265,CUS_2708
74.41,127.81,0,0,0,179,0,0,0,UPI,INR,0,TXN_106663,CUS_9354
147.95,40.5,6,11,3,42,0,1,0,CARD,USD,1,TXN_107296,CUS_9679
91.98,95.5,0,2,1,753,0,0,0,NET_BANKING,INR,0,TXN_109824,CUS_2922
123.43,104.29,0,1,0,218,0,0,0,UPI,INR,0,TXN_102610,CUS_8482
51.86,90.4,1,1,0,405,0,0,0,WALLET,INR,0,TXN_107350,CUS_8986
48.22,111.75,0,2,0,134,0,0,0,CARD,INR,0,TXN_113412,CUS_2031
58.03,70.71,0,3,0,1202,0,0,0,CARD,USD,0,TXN_100057,CUS_1377
144.41,119.27,0,1,0,86,0,0,0,NET_BANKING,INR,0,TXN_109918,CUS_1241
83.57,118.33,1,3,0,147,0,0,0,NET_BANKING,INR,0,TXN_101145,CUS_9166
307.73,196.69,1,3,0,259,0,0,0,UPI,USD,0,TXN_109906,CUS_5387
46.72,61.77,0,1,0,634,0,0,0,CARD,INR,0,TXN_107637,CUS_9017
218.27,161.57,0,4,0,65,0,0,0,CARD,EUR,0,TXN_101894,CUS_2351
218.9,194.96,3,6,0,127,0,0,0,UPI,EUR,0,TXN_102873,CUS_4953
124.42,132.99,1,3,0,210,0,0,0,WALLET,USD,0,TXN_106000,CUS_7104
154.12,326.18,0,1,0,506,0,0,0,CARD,INR,0,TXN_103153,CUS_9011
185.83,167.63,1,1,0,92,0,0,0,CARD,INR,0,TXN_112350,CUS_7763
86.46,71.77,1,2,0,30,0,0,0,WALLET,USD,0,TXN_110438,CUS_9459
36.78,47.73,1,2,0,60,0,0,0,NET_BANKING,INR,0,TXN_103717,CUS_6374
177.34,169.61,0,3,0,99,0,0,0,CARD,EUR,0,TXN_101245,CUS_3301
21.28,42.22,0,4,0,188,0,0,0,CARD,USD,0,TXN_102128,CUS_9122
178.28,153.04,1,4,0,488,0,0,0,CARD,INR,0,TXN_107266,CUS_1833
115.92,116.79,0,2,0,1100,1,0,0,CARD,USD,0,TXN_113865,CUS_6433
74.17,64.46,2,3,0,388,0,0,0,WALLET,INR,0,TXN_107669,CUS_7227
32.77,34.83,1,5,0,38,0,0,0,UPI,INR,0,TXN_113015,CUS_1382
149.32,171.34,1,4,1,473,0,0,0,CARD,INR,0,TXN_105244,CUS_3644
34.48,40.24,2,2,0,124,0,0,0,UPI,EUR,0,TXN_111065,CUS_9056
190.98,120.26,0,3,0,477,1,0,0,CARD,INR,0,TXN_112391,CUS_4714
150.65,277.02,1,2,0,528,0,0,0,UPI,INR,0,TXN_102740,CUS_1412
357.38,352.24,0,0,0,255,0,0,0,CARD,INR,0,TXN_112089,CUS_4819
102.58,117.48,1,5,0,174,0,0,0,UPI,EUR,0,TXN_101162,CUS_4046
155.52,142.44,2,6,0,296,0,0,0,CARD,USD,0,TXN_106298,CUS_7172
38.76,53.09,0,1,1,174,0,0,0,WALLET,INR,0,TXN_108318,CUS_7063
134.32,117.54,0,2,0,262,0,0,0,UPI,USD,0,TXN_109051,CUS_5110
111.7,170.19,1,4,0,670,0,0,0,CARD,INR,0,TXN_110221,CUS_8118
100.34,113.33,0,2,0,507,0,0,0,CARD,USD,0,TXN_101008,CUS_9508
33.94,109.73,0,3,1,70,0,0,0,NET_BANKING,USD,0,TXN_104902,CUS_7047
113.06,84.78,1,3,0,236,0,1,0,UPI,INR,0,TXN_112540,CUS_3681
103.87,100.69,0,1,0,79,1,0,0,CARD,INR,0,TXN_111095,CUS_7117
162.02,130.02,0,1,0,195,0,1,0,CARD,USD,0,TXN_102532,CUS_9345
45.85,69.03,1,5,0,419,0,0,0,CARD,USD,0,TXN_111970,CUS_8513
484.88,347.49,0,3,0,163,0,0,0,UPI,INR,0,TXN_105210,CUS_8943
175.05,168.29,2,4,0,40,0,0,0,CARD,INR,0,TXN_105097,CUS_3858
53.16,123.24,0,3,0,711,1,0,0,CARD,INR,0,TXN_104148,CUS_7579
35.49,52.21,1,3,0,33,0,0,0,WALLET,INR,0,TXN_106962,CUS_4994
629.4,354.82,0,2,0,205,0,0,0,NET_BANKING,INR,0,TXN_105727,CUS_8840
98.02,87.47,0,0,0,426,0,0,0,CARD,USD,0,TXN_107825,CUS_7103
59.48,125.65,1,2,0,143,0,0,0,CARD,USD,0,TXN_104044,CUS_2909
186.93,124.71,0,0,0,212,0,0,0,WALLET,USD,0,TXN_103119,CUS_6088
290.63,226.01,0,2,0,56,0,0,0,WALLET,INR,0,TXN_102340,CUS_2816
195.82,176.11,0,1,0,94,0,0,0,CARD,USD,0,TXN_104829,CUS_2367
149.45,166.86,0,3,0,85,1,0,0,UPI,INR,0,TXN_107186,CUS_6546
13.4,45.74,0,2,0,383,0,0,0,CARD,INR,0,TXN_104491,CUS_4727
43.6,55.47,0,6,0,35,0,0,0,NET_BANKING,USD,0,TXN_107691,CUS_7586
57.7,48.11,1,2,0,178,0,0,0,CARD,USD,0,TXN_100177,CUS_7471
68.4,42.65,0,2,0,47,0,0,0,NET_BANKING,INR,0,TXN_105323,CUS_3444
335.17,302.48,1,1,0,188,0,1,0,NET_BANKING,USD,0,TXN_110616,CUS_9205
63.31,39.36,1,2,1,310,0,0,0,UPI,USD,0,TXN_100082,CUS_9337
143.42,95.04,0,5,0,401,0,0,0,WALLET,INR,0,TXN_107096,CUS_9899
87.72,86.89,0,0,0,574,0,0,0,CARD,EUR,0,TXN_102819,CUS_8599
49.79,66.22,0,1,0,107,0,0,0,CARD,INR,0,TXN_106761,CUS_5262
33.74,43.21,1,2,0,132,0,0,0,CARD,USD,0,TXN_103706,CUS_6438
401.7,186.53,0,3,0,157,0,0,0,WALLET,INR,0,TXN_107044,CUS_6836
563.87,352.2,0,3,0,135,0,0,0,WALLET,USD,0,TXN_107598,CUS_1315
78.89,58.51,0,2,0,120,0,0,0,CARD,USD,0,TXN_109153,CUS_3486
394.71,279.94,0,3,1,200,0,1,0,CARD,INR,0,TXN_103034,CUS_6014
113.81,101.33,0,0,1,517,0,0,0,UPI,INR,0,TXN_102544,CUS_1902
146.24,117.06,1,4,0,135,0,0,0,UPI,INR,0,TXN_107765,CUS_7623
30.95,24.49,0,5,0,118,0,0,0,UPI,INR,0,TXN_101588,CUS_5631
91.07,115.25,1,4,0,64,0,0,0,UPI,INR,0,TXN_101558,CUS_3866
289.89,341.93,1,3,0,384,0,1,0,WALLET,EUR,0,TXN_104677,CUS_9491
61.64,83.46,0,2,0,51,0,0,0,NET_BANKING,INR,0,TXN_100766,CUS_7968
53.55,50.75,1,2,0,183,0,0,0,UPI,INR,0,TXN_112682,CUS_2169
150.55,221.13,0,1,0,1721,0,0,0,NET_BANKING,INR,0,TXN_109697,CUS_1770
191.68,177.67,0,1,0,442,0,1,0,CARD,INR,0,TXN_104601,CUS_5544
12.06,33.14,0,3,0,165,0,0,0,CARD,INR,0,TXN_104803,CUS_4547
71.59,59.46,1,4,0,104,1,0,0,UPI,USD,0,TXN_108460,CUS_1577
135.71,110.15,1,3,0,305,0,0,0,CARD,INR,0,TXN_112218,CUS_1535
33.49,34.44,1,2,0,51,0,0,0,WALLET,INR,0,TXN_108947,CUS_2746
91.27,112.11,0,2,0,344,0,0,0,CARD,EUR,0,TXN_112936,CUS_6478
743.71,63.34,3,15,3,15,1,1,2,WALLET,USD,1,TXN_107423,CUS_7624
38.25,69.24,2,4,0,1021,0,1,0,CARD,INR,0,TXN_102926,CUS_5730
52.1,69.15,0,1,0,444,0,1,0,CARD,INR,0,TXN_105137,CUS_1346
79.99,66.59,0,3,0,51,0,0,0,CARD,INR,0,TXN_107876,CUS_1648
90.7,91.85,0,2,0,271,0,0,0,NET_BANKING,USD,0,TXN_103110,CUS_8860
64.19,48.41,0,0,0,810,0,0,0,CARD,INR,0,TXN_108544,CUS_8547
338.72,541.12,0,3,0,483,0,1,0,NET_BANKING,INR,0,TXN_105140,CUS_8335
79.39,156.27,0,5,0,137,0,0,0,CARD,INR,0,TXN_113566,CUS_4454
77.9,67.7,0,1,0,191,0,0,0,CARD,INR,0,TXN_110735,CUS_5524
108.93,96.57,0,6,0,142,0,1,0,CARD,INR,0,TXN_100570,CUS_3679
59.32,62.19,2,6,0,75,0,0,0,UPI,EUR,0,TXN_106385,CUS_9152
155.45,299.66,0,4,0,37,0,0,0,UPI,INR,0,TXN_105670,CUS_6529
132.07,176.3,0,3,0,90,0,0,0,WALLET,EUR,0,TXN_107959,CUS_6455
263.98,242.29,2,3,0,903,0,1,0,UPI,INR,0,TXN_101027,CUS_1954
12.44,30.66,1,4,0,434,0,0,0,CARD,EUR,0,TXN_108773,CUS_5109
158.86,263.44,1,2,0,34,0,0,0,CARD,INR,0,TXN_111554,CUS_2655
209.74,228.3,0,3,1,736,0,0,0,CARD,INR,0,TXN_108619,CUS_7335
54.27,118.11,0,2,0,220,0,1,0,CARD,USD,0,TXN_108775,CUS_2348
65.52,56.87,1,2,0,104,0,0,0,CARD,INR,0,TXN_113375,CUS_1581
313.23,257.61,1,5,0,110,0,0,0,CARD,EUR,0,TXN_106351,CUS_4381
250.53,174.08,0,3,0,106,0,0,0,CARD,USD,0,TXN_114027,CUS_8565
1171.81,94.85,4,7,4,24,1,1,0,CARD,INR,1,TXN_104181,CUS_8540
93.25,108.76,0,1,1,259,0,0,0,UPI,INR,0,TXN_106226,CUS_1568
93.21,144.84,1,2,0,48,0,0,0,CARD,INR,0,TXN_114093,CUS_3414
143.54,160.08,1,1,0,188,1,0,0,UPI,USD,0,TXN_106938,CUS_8276
332.49,310.11,0,1,0,61,1,0,0,UPI,INR,0,TXN_102298,CUS_2715
233.24,183.0,0,2,0,227,0,0,0,NET_BANKING,INR,0,TXN_110672,CUS_3216
138.22,120.42,0,1,0,379,1,0,0,CARD,INR,0,TXN_105223,CUS_4453
34.32,27.11,0,6,0,298,0,0,0,UPI,INR,0,TXN_114187,CUS_8790
90.61,74.52,1,3,0,426,0,0,0,UPI,USD,0,TXN_113689,CUS_9740
62.57,54.7,0,4,0,596,0,0,0,CARD,USD,0,TXN_104249,CUS_4478
80.31,94.78,0,2,0,612,0,0,0,CARD,INR,0,TXN_106037,CUS_4801
170.75,146.98,0,4,0,223,0,0,0,CARD,INR,0,TXN_111703,CUS_2424
60.57,102.63,0,0,0,102,1,0,0,NET_BANKING,USD,0,TXN_108476,CUS_1356
104.66,103.46,0,2,0,52,0,0,0,CARD,INR,0,TXN_112730,CUS_4824
543.12,323.22,0,5,0,55,0,0,0,CARD,INR,0,TXN_114100,CUS_9349
82.17,79.87,1,2,0,68,0,0,0,UPI,INR,0,TXN_104862,CUS_1770
114.81,140.39,0,1,0,151,0,0,0,WALLET,INR,0,TXN_107676,CUS_7204
56.66,56.78,0,0,0,175,0,0,0,UPI,INR,0,TXN_111054,CUS_1016
138.34,120.23,1,2,0,532,0,1,0,UPI,INR,0,TXN_111220,CUS_1905
128.35,107.4,0,0,0,937,0,0,0,NET_BANKING,INR,0,TXN_114392,CUS_8316
32.27,31.88,0,3,0,149,0,0,0,NET_BANKING,EUR,0,TXN_104115,CUS_7792
256.42,187.39,1,5,0,255,0,0,0,CARD,INR,0,TXN_108552,CUS_7629
26.74,42.19,1,4,0,128,0,0,0,CARD,USD,0,TXN_104978,CUS_6411
202.42,363.47,0,2,0,136,0,0,0,NET_BANKING,INR,0,TXN_100673,CUS_5076
146.14,178.85,0,7,0,877,0,0,0,UPI,INR,0,TXN_113552,CUS_9143
56.78,80.39,1,4,0,65,0,0,0,UPI,INR,0,TXN_104398,CUS_4585
161.67,121.3,0,3,0,206,0,1,0,UPI,USD,0,TXN_113383,CUS_2765
421.04,444.75,0,2,0,613,0,0,0,CARD,INR,0,TXN_100154,CUS_4999
71.45,54.41,1,3,1,494,0,0,0,CARD,INR,0,TXN_113182,CUS_5023
104.61,68.3,0,1,0,591,0,1,0,CARD,EUR,0,TXN_109192,CUS_4957
425.11,357.42,0,0,0,531,0,0,0,UPI,INR,0,TXN_107463,CUS_1338
274.6,181.73,1,5,0,161,0,0,0,UPI,USD,0,TXN_113143,CUS_6663
149.99,251.36,1,3,0,234,0,0,0,NET_BANKING,INR,0,TXN_109126,CUS_2351
110.01,123.49,0,3,0,256,1,0,0,CARD,INR,0,TXN_111950,CUS_7957
50.33,81.18,1,4,0,38,0,0,0,CARD,INR,0,TXN_102852,CUS_9219
41.31,53.17,0,2,0,129,0,0,0,CARD,INR,0,TXN_108879,CUS_9752
95.63,99.14,0,3,0,76,0,0,0,CARD,INR,0,TXN_113668,CUS_8056
161.29,133.69,0,2,0,463,0,0,0,CARD,USD,0,TXN_101575,CUS_9269
104.32,110.95,1,3,0,657,0,0,0,UPI,INR,0,TXN_109103,CUS_7624
33.89,27.38,1,4,0,124,0,0,0,NET_BANKING,INR,0,TXN_113429,CUS_1522
114.16,109.46,0,0,0,214,0,0,0,CARD,USD,0,TXN_100343,CUS_4899
167.13,338.44,0,1,0,579,0,1,0,UPI,INR,0,TXN_106367,CUS_9364
8.19,36.69,0,2,0,241,0,0,0,CARD,USD,0,TXN_100070,CUS_6480
24.29,49.78,1,3,0,702,0,0,0,CARD,INR,0,TXN_105680,CUS_6093
61.8,211.22,0,1,0,181,1,0,0,CARD,USD,0,TXN_103067,CUS_2046
65.63,73.93,0,3,0,355,0,1,0,UPI,INR,0,TXN_100523,CUS_9718
82.37,85.97,0,2,0,33,0,0,0,UPI,INR,0,TXN_102556,CUS_2608
220.34,174.82,1,4,0,66,0,1,0,CARD,USD,0,TXN_113439,CUS_8356
136.21,130.43,1,1,0,775,0,0,0,CARD,USD,0,TXN_101514,CUS_2780
125.69,102.64,2,4,0,295,0,0,0,CARD,INR,0,TXN_102687,CUS_5622
51.27,80.34,0,2,0,46,0,0,0,NET_BANKING,USD,0,TXN_102260,CUS_3253
47.08,125.64,0,2,0,41,0,0,0,CARD,USD,0,TXN_111335,CUS_3953
2.06,35.25,5,12,1,27,1,1,2,CARD,USD,1,TXN_103545,CUS_9041
75.62,69.24,0,3,0,295,0,0,0,CARD,INR,0,TXN_100296,CUS_3106
64.47,184.12,0,6,0,161,0,0,0,WALLET,INR,0,TXN_101108,CUS_1598
286.53,208.79,2,3,0,35,0,0,0,WALLET,INR,0,TXN_105622,CUS_7949
5.0,24.8,0,1,0,104,0,0,0,NET_BANKING,USD,0,TXN_108457,CUS_1697
964.15,243.24,3,6,2,47,1,1,1,UPI,USD,1,TXN_114714,CUS_4267
117.52,90.29,0,3,0,595,0,0,0,UPI,INR,0,TXN_109274,CUS_3829
464.2,355.37,0,7,0,84,0,0,0,UPI,INR,0,TXN_105794,CUS_1207
50.36,45.5,0,3,0,419,0,0,0,CARD,INR,0,TXN_113244,CUS_7303
559.44,410.45,0,2,0,49,0,0,0,CARD,USD,0,TXN_101105,CUS_9994
96.99,94.12,0,3,0,183,0,0,0,CARD,USD,0,TXN_108004,CUS_1638
224.56,167.52,1,3,0,200,0,0,0,CARD,INR,0,TXN_109719,CUS_4268
55.28,38.86,1,3,0,147,0,0,0,CARD,EUR,0,TXN_109627,CUS_3235
442.61,256.11,1,2,0,795,1,0,0,CARD,USD,0,TXN_106625,CUS_4070
209.09,175.32,0,3,0,135,0,0,0,CARD,INR,0,TXN_102591,CUS_2263
191.85,150.35,0,1,0,68,0,1,0,UPI,INR,0,TXN_110041,CUS_4122
204.38,201.64,1,2,1,217,0,0,0,CARD,INR,0,TXN_102882,CUS_4171
26.09,22.71,1,1,0,836,0,0,0,CARD,INR,0,TXN_105710,CUS_2514
301.21,311.67,0,1,0,101,0,0,0,NET_BANKING,INR,0,TXN_107564,CUS_6354
93.27,78.42,0,3,0,437,0,0,0,UPI,INR,0,TXN_114871,CUS_1506
15.05,47.38,1,6,1,157,0,0,0,CARD,INR,0,TXN_113829,CUS_6777
242.3,133.02,0,1,1,755,0,1,0,UPI,EUR,0,TXN_111636,CUS_1058
337.81,291.15,1,2,0,182,0,0,0,CARD,INR,0,TXN_104622,CUS_7413
241.85,244.81,0,1,0,238,0,1,0,CARD,INR,0,TXN_100214,CUS_2565
37.42,39.23,1,2,0,44,0,0,0,CARD,USD,0,TXN_113333,CUS_7195
57.04,165.42,0,2,0,195,0,0,0,CARD,INR,0,TXN_111370,CUS_5805
127.44,109.72,1,2,0,553,0,0,0,UPI,EUR,0,TXN_112767,CUS_7164
126.34,82.95,0,0,0,115,1,0,0,NET_BANKING,USD,0,TXN_101548,CUS_7057
69.92,66.11,1,2,0,59,0,0,0,UPI,INR,0,TXN_101242,CUS_9102
451.78,350.5,0,3,1,276,0,0,0,CARD,INR,0,TXN_105886,CUS_3949
63.75,46.88,0,1,0,251,0,0,0,UPI,INR,0,TXN_102751,CUS_9414
222.21,185.43,1,4,0,491,1,0,0,UPI,EUR,0,TXN_105731,CUS_1554
83.13,88.24,0,0,0,366,0,0,0,UPI,INR,0,TXN_109580,CUS_9641
63.36,57.01,0,3,0,37,0,1,0,CARD,INR,0,TXN_108594,CUS_6117
243.9,227.42,0,1,0,262,0,1,0,CARD,USD,0,TXN_105144,CUS_6833
80.93,118.95,0,4,0,352,0,0,0,WALLET,INR,0,TXN_104061,CUS_2312
49.93,54.31,0,2,0,864,0,0,0,UPI,USD,0,TXN_108804,CUS_9929
193.29,261.54,0,3,0,346,1,0,0,NET_BANKING,INR,0,TXN_114154,CUS_6165
149.21,120.09,0,1,0,529,0,0,0,WALLET,INR,0,TXN_109056,CUS_8607
80.86,100.74,0,1,0,81,0,0,0,CARD,INR,0,TXN_112485,CUS_9143
83.69,181.49,0,2,0,226,0,0,0,CARD,INR,0,TXN_101743,CUS_6385
64.42,70.24,0,3,0,433,0,0,0,CARD,INR,0,TXN_103939,CUS_5938
179.03,229.16,0,1,1,125,0,1,0,UPI,USD,0,TXN_110639,CUS_1487
179.13,131.77,2,4,0,173,0,0,0,CARD,INR,0,TXN_103832,CUS_8310
121.91,138.02,0,4,0,184,0,0,0,UPI,EUR,0,TXN_102048,CUS_3491
700.11,464.97,0,4,0,380,0,0,0,WALLET,USD,0,TXN_114770,CUS_6329
60.93,60.15,0,3,0,681,0,0,0,NET_BANKING,INR,0,TXN_112722,CUS_4375
47.01,82.13,0,2,0,252,0,0,0,CARD,INR,0,TXN_102327,CUS_4096
388.84,412.97,0,2,0,179,0,0,0,CARD,USD,0,TXN_105264,CUS_3078
569.85,333.41,0,2,0,157,0,0,0,NET_BANKING,USD,0,TXN_109985,CUS_5347
525.17,400.13,0,2,0,289,0,0,0,CARD,USD,0,TXN_105045,CUS_8625
65.23,66.37,0,0,1,795,0,0,0,CARD,INR,0,TXN_112640,CUS_4031
172.3,239.56,1,1,0,36,0,0,0,CARD,INR,0,TXN_102988,CUS_7870
15.94,75.64,1,3,0,718,0,0,0,NET_BANKING,EUR,0,TXN_111469,CUS_5563
19.21,41.9,1,2,0,343,0,0,0,CARD,INR,0,TXN_100258,CUS_9014
118.53,382.24,1,4,0,500,0,0,0,UPI,INR,0,TXN_104814,CUS_2167
5.0,324.57,0,0,0,90,0,0,0,CARD,INR,0,TXN_112591,CUS_5401
121.95,144.57,0,2,0,64,1,0,0,CARD,INR,0,TXN_104950,CUS_4515
217.88,270.28,0,3,1,34,0,0,0,CARD,INR,0,TXN_101123,CUS_3535
88.22,64.49,0,3,0,145,0,0,0,UPI,INR,0,TXN_113055,CUS_1685
487.37,407.56,0,1,0,308,0,0,0,CARD,EUR,0,TXN_100344,CUS_8169
33.22,36.49,1,1,0,251,0,0,0,WALLET,USD,0,TXN_110540,CUS_2289
29.76,68.7,0,4,0,172,0,0,0,WALLET,INR,0,TXN_100248,CUS_9494
120.42,105.41,0,2,0,634,0,0,0,UPI,INR,0,TXN_112927,CUS_9491
235.61,155.2,0,1,1,79,0,0,0,CARD,INR,0,TXN_107572,CUS_6955
32.87,81.04,0,0,0,116,0,0,0,CARD,INR,0,TXN_111279,CUS_8287
92.38,65.29,0,4,0,455,0,1,0,CARD,INR,0,TXN_108323,CUS_9246
200.28,241.28,0,2,0,265,0,0,0,CARD,USD,0,TXN_114482,CUS_3822
54.27,42.74,0,2,0,554,0,0,0,UPI,USD,0,TXN_101456,CUS_7776
95.75,92.12,1,7,0,124,1,0,0,CARD,INR,0,TXN_102506,CUS_4584
91.01,179.44,0,2,0,104,0,0,0,CARD,INR,0,TXN_112635,CUS_2485
18.02,28.47,0,3,0,158,0,0,0,CARD,EUR,0,TXN_109018,CUS_1260
118.16,68.83,0,0,0,81,0,0,0,CARD,USD,0,TXN_110942,CUS_4294
90.95,65.45,0,0,0,93,0,0,0,CARD,INR,0,TXN_106318,CUS_3256
108.01,106.4,1,3,0,122,0,0,0,NET_BANKING,USD,0,TXN_105541,CUS_1449
32.21,35.01,2,6,0,925,1,1,0,CARD,INR,0,TXN_105241,CUS_1850
241.81,144.24,0,1,0,171,0,0,0,NET_BANKING,INR,0,TXN_103352,CUS_6960
638.3,455.13,0,4,0,84,1,0,0,CARD,INR,0,TXN_110630,CUS_6772
146.68,167.39,1,2,0,131,0,0,0,CARD,USD,0,TXN_103689,CUS_9908
134.85,126.94,1,1,0,250,0,0,0,NET_BANKING,USD,0,TXN_102163,CUS_4316
122.28,115.44,1,3,0,440,0,0,0,NET_BANKING,INR,0,TXN_109476,CUS_4780
14.44,32.57,1,3,0,146,1,1,0,UPI,INR,0,TXN_112199,CUS_8713
53.19,60.43,0,2,0,233,0,0,0,UPI,USD,0,TXN_105618,CUS_3571
127.56,207.54,0,1,0,269,0,0,0,CARD,INR,0,TXN_100156,CUS_6228
73.09,41.8,0,1,0,66,0,0,0,UPI,INR,0,TXN_106047,CUS_9262
51.48,41.88,1,5,1,163,0,0,0,CARD,INR,0,TXN_106717,CUS_7352
48.27,30.3,0,0,0,461,0,0,0,NET_BANKING,USD,0,TXN_109502,CUS_7438
1946.42,182.96,7,8,3,73,1,1,2,CARD,INR,1,TXN_103578,CUS_5914
106.06,66.93,0,3,0,333,0,0,0,UPI,USD,0,TXN_106373,CUS_1323
85.39,53.73,0,2,0,198,0,0,0,UPI,USD,0,TXN_107664,CUS_2430
45.84,53.74,0,0,0,118,0,0,0,UPI,USD,0,TXN_102458,CUS_8916
54.45,43.27,0,0,0,258,1,0,0,UPI,USD,0,TXN_100428,CUS_9675
46.42,52.5,0,4,0,257,0,0,0,CARD,INR,0,TXN_109225,CUS_2351
55.41,62.98,1,7,0,230,0,0,0,CARD,USD,0,TXN_109061,CUS_7711
305.71,250.52,0,4,0,52,0,1,0,CARD,INR,0,TXN_112909,CUS_7368
35.46,37.16,0,0,0,102,1,1,0,CARD,USD,0,TXN_100990,CUS_1559
90.85,94.26,1,3,0,397,0,0,0,CARD,INR,0,TXN_105639,CUS_7316
57.6,83.99,1,4,0,543,0,1,0,UPI,INR,0,TXN_109016,CUS_6789
84.38,104.08,1,4,0,884,0,0,0,CARD,EUR,0,TXN_101862,CUS_5205
49.1,42.25,1,3,0,239,0,1,0,UPI,EUR,0,TXN_105437,CUS_8380
188.1,143.94,0,3,0,34,0,0,0,UPI,INR,0,TXN_112905,CUS_9631
28.3,41.35,1,1,0,162,0,0,0,CARD,INR,0,TXN_114744,CUS_1196
33.5,54.89,0,4,0,83,0,0,0,WALLET,INR,0,TXN_104051,CUS_2962
243.91,150.11,0,4,0,172,0,1,0,UPI,INR,0,TXN_103300,CUS_3243
22.78,18.76,0,1,0,528,0,1,0,UPI,INR,0,TXN_111674,CUS_6276
282.62,197.42,0,0,0,375,0,0,0,CARD,INR,0,TXN_105130,CUS_4778
87.89,75.23,0,1,0,1065,0,0,0,NET_BANKING,INR,0,TXN_109497,CUS_6714
94.12,75.87,0,3,0,64,0,0,0,UPI,INR,0,TXN_109322,CUS_1646
57.03,71.23,1,2,0,90,1,0,0,WALLET,USD,0,TXN_106745,CUS_5656
251.98,239.94,0,3,0,591,0,0,0,CARD,INR,0,TXN_109919,CUS_9513
212.24,142.47,0,2,0,187,0,0,0,WALLET,INR,0,TXN_105311,CUS_7867
35.51,89.2,0,4,0,304,0,0,0,UPI,USD,0,TXN_105587,CUS_2935
91.87,93.7,1,5,0,487,0,0,0,CARD,INR,0,TXN_110465,CUS_4259
93.17,121.18,2,3,0,214,1,0,0,WALLET,INR,0,TXN_104447,CUS_1328
300.75,321.68,0,2,0,217,0,0,0,UPI,INR,0,TXN_112793,CUS_7256
106.16,133.64,0,3,1,80,0,0,0,CARD,INR,0,TXN_105546,CUS_9725
95.84,111.25,1,3,0,147,0,0,0,NET_BANKING,INR,0,TXN_100435,CUS_3586
42.45,74.36,0,1,0,45,0,0,0,CARD,USD,0,TXN_105221,CUS_3549
41.08,52.52,0,1,0,30,0,0,0,UPI,INR,0,TXN_100565,CUS_3912
44.25,41.55,1,3,0,220,0,0,0,CARD,INR,0,TXN_101265,CUS_9887
47.32,83.13,0,3,0,299,1,0,0,CARD,INR,0,TXN_103791,CUS_3480
109.92,70.82,1,7,0,175,1,0,0,CARD,INR,0,TXN_106095,CUS_3409
505.77,264.25,0,0,0,443,0,0,0,UPI,INR,0,TXN_101732,CUS_1740
18.45,65.37,0,1,0,118,0,0,0,CARD,INR,0,TXN_102613,CUS_3078
47.07,31.91,0,4,0,924,0,0,0,UPI,USD,0,TXN_106476,CUS_5529
54.6,67.76,0,3,0,477,1,0,0,UPI,INR,0,TXN_105839,CUS_7839
328.49,265.69,0,1,0,152,0,0,0,CARD,USD,0,TXN_102979,CUS_2709
66.53,64.86,0,3,0,39,0,0,0,WALLET,INR,0,TXN_113098,CUS_3745
90.1,69.7,0,3,1,128,0,0,0,CARD,INR,0,TXN_100012,CUS_7884
985.53,135.91,7,7,2,71,0,1,0,CARD,USD,1,TXN_107457,CUS_6625
123.58,117.12,0,2,0,145,0,0,0,UPI,INR,0,TXN_109912,CUS_1259
48.96,44.59,0,2,0,147,1,1,0,CARD,INR,0,TXN_110782,CUS_4991
261.79,239.01,0,6,0,858,0,0,0,NET_BANKING,INR,0,TXN_108020,CUS_5065
154.27,103.66,1,4,0,327,1,0,0,CARD,USD,0,TXN_100418,CUS_7459
203.26,641.94,0,1,0,265,0,0,0,CARD,USD,0,TXN_113943,CUS_8149
229.43,243.09,0,3,0,159,0,1,0,WALLET,INR,0,TXN_103022,CUS_4187
89.11,64.08,1,2,0,33,0,0,0,CARD,USD,0,TXN_103825,CUS_1442
86.99,67.57,1,2,0,419,0,1,0,CARD,INR,0,TXN_104465,CUS_2250
40.76,68.4,1,6,0,162,0,0,0,CARD,USD,0,TXN_100105,CUS_8617
87.57,128.87,0,4,0,507,0,0,0,NET_BANKING,USD,0,TXN_100639,CUS_2332
252.9,282.4,0,4,0,58,0,0,0,CARD,INR,0,TXN_109092,CUS_2229
151.81,127.05,0,0,0,347,0,0,0,UPI,USD,0,TXN_114598,CUS_4900
28.85,55.5,1,4,0,56,0,0,0,CARD,INR,0,TXN_102321,CUS_6273
294.28,297.93,0,4,0,463,0,0,0,UPI,INR,0,TXN_111393,CUS_2466
133.39,195.2,0,3,1,178,0,0,0,UPI,EUR,0,TXN_109892,CUS_3117
83.96,102.98,1,4,0,176,1,0,0,WALLET,INR,0,TXN_103384,CUS_4829
41.44,71.15,0,1,0,503,0,0,0,CARD,USD,0,TXN_113065,CUS_5809
58.95,54.08,0,4,0,544,0,0,0,UPI,EUR,0,TXN_112975,CUS_2459
251.7,303.4,0,1,0,337,0,1,0,NET_BANKING,USD,0,TXN_114614,CUS_3921
354.21,479.47,0,4,0,131,0,0,0,CARD,INR,0,TXN_106169,CUS_5197
255.91,136.0,1,2,0,630,0,0,0,CARD,INR,0,TXN_103923,CUS_9688
97.8,96.36,0,0,1,658,0,0,0,CARD,USD,0,TXN_102848,CUS_7362
92.33,180.26,0,1,0,365,0,0,0,NET_BANKING,USD,0,TXN_107749,CUS_6491
97.72,144.41,0,1,0,410,0,1,0,CARD,EUR,0,TXN_104936,CUS_8657
70.59,69.15,1,3,0,165,0,1,0,WALLET,USD,0,TXN_113770,CUS_5352
108.4,144.47,0,2,0,124,0,0,0,CARD,EUR,0,TXN_101806,CUS_3654
96.79,88.86,2,4,1,245,0,1,0,CARD,INR,0,TXN_104921,CUS_9640
930.05,545.14,0,3,1,124,0,0,0,WALLET,USD,0,TXN_109500,CUS_9071
43.73,69.97,0,3,0,140,0,1,0,NET_BANKING,INR,0,TXN_114588,CUS_8645
115.62,180.0,0,4,0,48,0,1,0,CARD,INR,0,TXN_110284,CUS_4530
98.14,150.85,0,2,0,124,0,0,0,CARD,USD,0,TXN_101904,CUS_7525
89.62,87.59,0,3,0,109,0,0,0,NET_BANKING,INR,0,TXN_103494,CUS_7010
141.97,101.59,0,0,0,232,0,0,0,UPI,USD,0,TXN_114600,CUS_8754
12.83,58.52,0,5,0,486,0,0,0,UPI,INR,0,TXN_101393,CUS_3636
61.29,81.39,0,5,0,91,0,0,0,UPI,INR,0,TXN_111658,CUS_6711
73.51,52.14,0,2,0,129,0,1,0,CARD,USD,0,TXN_113571,CUS_8512
146.29,241.9,0,0,0,161,1,0,0,NET_BANKING,USD,0,TXN_113834,CUS_6669
154.91,108.4,0,1,0,263,0,0,0,UPI,USD,0,TXN_101303,CUS_1590
72.12,70.13,0,1,0,41,0,0,0,WALLET,EUR,0,TXN_106556,CUS_5358
105.78,83.31,0,2,0,294,0,0,0,CARD,INR,0,TXN_113162,CUS_2930
59.63,77.32,1,3,0,44,0,0,0,UPI,INR,0,TXN_114561,CUS_9958
127.99,74.84,0,4,0,155,0,0,0,UPI,INR,0,TXN_103521,CUS_1400
233.58,51.88,3,11,2,162,1,1,0,CARD,USD,1,TXN_113216,CUS_8830
42.01,55.66,0,0,0,185,0,1,0,CARD,USD,0,TXN_103228,CUS_2525
73.8,93.36,0,0,0,68,0,0,0,CARD,INR,0,TXN_106312,CUS_8548
41.56,33.4,1,4,0,702,0,0,0,CARD,EUR,0,TXN_103990,CUS_8873
118.09,107.87,0,1,0,175,0,1,0,WALLET,USD,0,TXN_113588,CUS_1643
53.7,63.23,1,2,0,69,1,1,0,CARD,EUR,0,TXN_106545,CUS_8490
31.34,29.09,0,3,0,57,0,0,0,CARD,INR,0,TXN_112264,CUS_8913
106.57,91.85,0,1,1,411,0,0,0,NET_BANKING,INR,0,TXN_113304,CUS_9609
55.0,71.65,0,3,0,248,0,0,0,UPI,INR,0,TXN_112434,CUS_2857
76.53,55.44,0,2,0,169,0,0,0,CARD,EUR,0,TXN_105524,CUS_7976
59.82,44.31,0,5,0,199,0,0,0,WALLET,INR,0,TXN_101295,CUS_6366
154.91,116.58,1,1,0,68,0,0,0,NET_BANKING,INR,0,TXN_100076,CUS_5690
25.27,24.14,1,1,0,38,1,0,0,UPI,INR,0,TXN_109327,CUS_1233
37.14,31.08,0,2,1,347,0,0,0,NET_BANKING,INR,0,TXN_106118,CUS_5169
499.36,298.41,0,3,0,126,0,1,0,WALLET,INR,0,TXN_103899,CUS_2563
127.39,115.67,0,1,0,59,0,0,0,UPI,INR,0,TXN_100559,CUS_1586
17.38,39.41,0,2,0,62,0,0,0,WALLET,INR,0,TXN_111714,CUS_6124
36.37,44.01,1,6,0,180,0,0,0,CARD,INR,0,TXN_106808,CUS_6912
140.07,164.16,0,4,0,181,0,1,0,CARD,INR,0,TXN_114441,CUS_5967
141.46,167.19,1,5,0,1159,0,1,0,WALLET,INR,0,TXN_108141,CUS_7188
79.66,107.57,0,2,0,175,0,0,0,CARD,INR,0,TXN_100825,CUS_4537
183.42,143.25,0,2,0,247,0,0,0,CARD,INR,0,TXN_107299,CUS_7921
73.81,104.73,0,1,1,368,0,0,0,NET_BANKING,USD,0,TXN_104984,CUS_8013
72.9,146.23,0,0,0,1676,0,0,0,CARD,INR,0,TXN_103785,CUS_4773
59.27,87.96,1,1,0,399,0,0,0,CARD,INR,0,TXN_110071,CUS_6999
187.86,146.53,1,5,0,332,0,0,0,UPI,USD,0,TXN_106170,CUS_9044
200.91,115.15,0,3,0,75,0,0,0,CARD,INR,0,TXN_105919,CUS_7687
34.9,32.11,0,2,0,246,0,1,0,CARD,USD,0,TXN_105287,CUS_2607
62.3,51.27,0,2,0,136,0,1,0,UPI,INR,0,TXN_112721,CUS_7065
88.2,139.91,0,1,0,433,0,0,0,CARD,INR,0,TXN_104783,CUS_9365
12.72,31.4,1,4,0,237,0,0,0,CARD,USD,0,TXN_102835,CUS_7568
127.29,125.64,0,1,0,412,0,0,0,CARD,USD,0,TXN_110388,CUS_1956
94.8,104.89,0,0,0,74,0,1,0,UPI,USD,0,TXN_102695,CUS_8445
172.44,107.36,0,2,0,885,1,1,0,CARD,INR,0,TXN_111809,CUS_2967
37.31,27.11,0,0,0,855,1,0,0,WALLET,INR,0,TXN_100487,CUS_2915
58.37,104.57,0,0,0,771,0,0,0,UPI,INR,0,TXN_112766,CUS_3867
74.54,94.54,0,3,0,394,0,0,0,CARD,USD,0,TXN_110617,CUS_6061
57.77,75.4,0,2,0,218,0,1,0,CARD,INR,0,TXN_103059,CUS_6231
35.04,48.83,0,1,0,620,0,1,0,NET_BANKING,USD,0,TXN_114213,CUS_9307
227.24,286.38,0,4,0,31,0,1,0,UPI,INR,0,TXN_113258,CUS_5112
120.5,151.66,0,4,0,281,0,0,0,WALLET,EUR,0,TXN_113762,CUS_3358
174.48,123.96,0,2,0,275,0,0,0,CARD,INR,0,TXN_108202,CUS_4170
344.68,186.01,1,3,0,67,0,1,0,CARD,INR,0,TXN_108263,CUS_2855
352.23,281.98,1,2,0,311,0,1,0,UPI,USD,0,TXN_101029,CUS_5138
55.43,103.28,0,1,0,491,0,0,0,CARD,INR,0,TXN_104995,CUS_8070
78.76,125.33,0,1,0,168,0,1,0,WALLET,INR,0,TXN_109801,CUS_2266
72.43,58.74,0,3,0,64,0,0,0,UPI,INR,0,TXN_100991,CUS_6456
280.08,161.24,1,2,1,202,0,0,0,UPI,USD,0,TXN_102091,CUS_1327
87.22,84.66,0,3,0,106,0,1,0,CARD,EUR,0,TXN_113427,CUS_2887
334.16,249.31,0,1,0,198,0,0,0,CARD,EUR,0,TXN_103334,CUS_9113
14.86,16.68,0,0,0,738,0,1,0,UPI,USD,0,TXN_105233,CUS_5826
5.53,69.08,0,1,0,437,0,0,0,CARD,EUR,0,TXN_100835,CUS_7048
562.15,700.1,0,1,0,449,0,0,0,NET_BANKING,USD,0,TXN_102341,CUS_3485
50.43,60.2,1,6,0,464,0,0,0,CARD,INR,0,TXN_110493,CUS_3283
84.69,146.44,0,6,0,265,0,0,0,UPI,USD,0,TXN_114707,CUS_6130
121.84,87.43,0,0,0,81,0,0,0,UPI,INR,0,TXN_103821,CUS_9214
201.41,210.34,0,1,1,189,0,0,0,NET_BANKING,INR,0,TXN_107732,CUS_2271
62.28,65.22,0,2,0,165,0,0,0,CARD,INR,0,TXN_100288,CUS_9718
53.83,48.76,0,4,1,188,0,0,0,UPI,INR,0,TXN_113023,CUS_8737
86.27,87.51,0,1,0,63,0,0,0,CARD,INR,0,TXN_104370,CUS_8491
113.39,246.97,1,4,1,541,0,0,0,UPI,INR,0,TXN_102533,CUS_3615
76.37,25.0,8,8,3,139,0,1,2,NET_BANKING,INR,1,TXN_104900,CUS_6466
546.56,620.58,0,2,1,160,0,0,0,WALLET,INR,0,TXN_107076,CUS_6813
183.25,178.52,2,3,0,222,0,1,0,CARD,INR,0,TXN_107088,CUS_4232
105.71,106.48,0,1,0,149,0,0,0,UPI,USD,0,TXN_105464,CUS_5621
140.83,117.35,0,1,0,109,1,0,0,CARD,INR,0,TXN_108633,CUS_4050
256.83,191.14,1,1,0,40,0,0,0,CARD,INR,0,TXN_114065,CUS_2622
97.87,85.29,1,3,1,104,0,0,0,CARD,USD,0,TXN_113421,CUS_9740
673.36,96.15,6,6,6,13,1,0,2,CARD,INR,1,TXN_109879,CUS_6578
77.43,55.05,0,2,0,211,0,0,0,CARD,INR,0,TXN_113358,CUS_7281
561.3,349.48,1,4,0,58,0,0,0,UPI,USD,0,TXN_105850,CUS_8263
54.83,65.21,0,2,0,162,0,0,0,CARD,INR,0,TXN_113043,CUS_1269
66.71,83.75,0,0,0,264,0,0,0,NET_BANKING,INR,0,TXN_107312,CUS_7718
105.93,72.18,1,2,0,448,0,0,0,CARD,USD,0,TXN_110106,CUS_1175
441.76,325.89,1,2,0,52,0,0,0,CARD,USD,0,TXN_104127,CUS_7640
146.77,163.71,0,1,0,104,0,0,0,UPI,INR,0,TXN_104441,CUS_5135
55.93,62.15,0,5,0,56,0,0,0,NET_BANKING,EUR,0,TXN_100887,CUS_3906
32.93,60.06,0,3,0,53,0,0,0,CARD,USD,0,TXN_114416,CUS_5021
307.27,296.46,0,3,0,324,1,0,0,UPI,EUR,0,TXN_100700,CUS_6617
138.68,158.78,0,2,0,146,0,0,0,UPI,INR,0,TXN_104709,CUS_2166
67.08,63.07,0,3,0,226,0,0,0,NET_BANKING,USD,0,TXN_105178,CUS_5334
57.03,99.37,0,3,0,42,0,0,0,UPI,USD,0,TXN_103992,CUS_1736
45.85,41.35,0,1,0,101,0,0,0,NET_BANKING,INR,0,TXN_103908,CUS_9543
85.41,60.98,0,2,0,493,0,0,0,WALLET,INR,0,TXN_100771,CUS_5971
112.35,102.89,0,4,0,172,1,0,0,CARD,INR,0,TXN_102306,CUS_7476
125.36,110.8,0,0,0,242,0,0,0,UPI,EUR,0,TXN_113227,CUS_5030
61.31,67.1,1,1,0,120,0,0,0,CARD,INR,0,TXN_107008,CUS_9508
75.52,63.78,0,1,0,223,0,0,0,WALLET,INR,0,TXN_107524,CUS_4604
244.95,224.83,0,2,0,602,0,0,0,CARD,INR,0,TXN_114722,CUS_9966
396.55,352.97,0,5,0,52,0,1,0,CARD,USD,0,TXN_108369,CUS_7347
55.84,50.59,0,1,0,197,0,0,0,UPI,USD,0,TXN_113878,CUS_1888
49.51,119.55,0,5,0,32,0,0,0,CARD,USD,0,TXN_109477,CUS_6302
65.44,121.3,0,2,0,53,0,0,0,UPI,INR,0,TXN_103297,CUS_5376
4254.92,285.23,6,8,0,16,0,1,1,CARD,EUR,1,TXN_111605,CUS_8419
2043.22,2118.78,0,5,0,222,0,0,0,UPI,INR,0,TXN_107838,CUS_6711
99.26,113.77,0,3,0,480,0,0,0,CARD,EUR,0,TXN_105855,CUS_4133
179.72,145.36,0,2,0,455,0,0,0,NET_BANKING,USD,0,TXN_109664,CUS_7922
208.95,221.45,1,2,0,145,0,0,0,UPI,INR,0,TXN_110398,CUS_8207
61.93,42.46,0,6,0,148,0,1,0,CARD,USD,0,TXN_104475,CUS_7269
535.56,426.52,0,4,0,507,1,0,0,UPI,INR,0,TXN_103071,CUS_4045
137.39,146.57,0,2,0,65,1,0,0,UPI,INR,0,TXN_112604,CUS_1977
22.47,25.24,0,5,0,129,0,0,0,CARD,INR,0,TXN_111846,CUS_5673
126.43,208.73,0,4,0,743,0,0,0,UPI,INR,0,TXN_104236,CUS_6540
36.5,64.86,0,1,0,255,0,0,0,CARD,USD,0,TXN_102409,CUS_5050
62.64,88.8,0,0,0,259,0,1,0,CARD,USD,0,TXN_110239,CUS_3391
40.59,38.79,1,2,0,128,0,0,0,WALLET,EUR,0,TXN_106832,CUS_9716
140.18,127.31,0,2,0,62,0,0,0,CARD,EUR,0,TXN_112598,CUS_5721
182.64,158.47,0,3,1,414,0,0,0,WALLET,USD,0,TXN_113121,CUS_2384
589.88,318.95,0,1,0,123,0,1,0,UPI,INR,0,TXN_112957,CUS_6999
65.49,72.94,0,2,0,61,0,1,0,CARD,INR,0,TXN_104166,CUS_6355
577.16,472.18,2,4,0,123,0,0,0,WALLET,INR,0,TXN_104673,CUS_8416
26.75,19.94,1,7,0,328,0,0,0,CARD,USD,0,TXN_103532,CUS_7587
112.62,70.49,0,1,0,114,0,0,0,UPI,INR,0,TXN_114990,CUS_7258
172.25,166.12,0,0,0,571,0,1,0,CARD,INR,0,TXN_107428,CUS_9580
56.82,73.73,1,4,0,360,0,0,0,CARD,USD,0,TXN_102850,CUS_6273
456.31,430.2,1,3,0,58,0,1,0,UPI,INR,0,TXN_104067,CUS_1935
84.71,56.77,1,4,0,417,0,0,0,CARD,USD,0,TXN_110905,CUS_6711
28.32,43.15,0,0,0,42,1,0,1,UPI,INR,0,TXN_110682,CUS_2426
152.93,121.4,1,2,1,1007,0,0,0,WALLET,INR,0,TXN_114345,CUS_3035
431.03,373.84,0,1,0,53,0,0,0,CARD,USD,0,TXN_104667,CUS_5382
8.5,32.21,0,4,0,33,0,0,0,UPI,INR,0,TXN_111997,CUS_4243
68.64,114.68,0,1,0,67,0,0,0,WALLET,INR,0,TXN_102051,CUS_6495
173.97,150.82,0,1,0,31,0,0,0,CARD,INR,0,TXN_101388,CUS_8172
397.52,249.34,0,2,0,703,0,0,0,CARD,INR,0,TXN_105769,CUS_7052
139.66,139.56,0,2,0,537,0,0,0,UPI,INR,0,TXN_113149,CUS_9655
347.78,336.19,0,5,0,162,0,0,0,CARD,EUR,0,TXN_111179,CUS_9862
117.84,110.88,0,6,2,803,0,0,0,UPI,INR,0,TXN_102903,CUS_6404
70.99,71.49,0,2,0,1096,0,0,0,CARD,INR,0,TXN_103124,CUS_7254
147.64,132.63,0,4,0,339,0,0,0,WALLET,EUR,0,TXN_111972,CUS_5286
191.97,150.37,1,2,1,192,0,0,0,UPI,INR,0,TXN_112968,CUS_6904
130.06,77.57,1,2,0,135,0,0,0,UPI,INR,0,TXN_108678,CUS_2698
72.57,66.32,0,4,0,184,0,1,0,CARD,USD,0,TXN_106475,CUS_8317
27.73,32.35,0,3,0,563,0,1,0,CARD,INR,0,TXN_112843,CUS_8535
148.76,237.43,2,6,0,107,0,0,0,UPI,USD,0,TXN_110956,CUS_6023
86.14,92.41,0,1,0,57,0,0,0,NET_BANKING,INR,0,TXN_101821,CUS_7041
120.6,125.79,1,4,0,660,0,0,0,CARD,INR,0,TXN_101407,CUS_1583
43.88,90.01,0,1,0,77,0,0,0,CARD,EUR,0,TXN_105163,CUS_3531
172.5,222.34,0,1,0,156,0,0,0,NET_BANKING,USD,0,TXN_112403,CUS_3713
78.99,74.7,0,1,0,312,0,0,0,NET_BANKING,USD,0,TXN_114354,CUS_9906
353.31,305.94,2,5,0,218,0,0,0,NET_BANKING,INR,0,TXN_106638,CUS_9085
78.37,85.13,0,3,0,166,0,1,0,CARD,EUR,0,TXN_104974,CUS_1361
19.62,25.15,0,0,0,232,0,0,0,NET_BANKING,USD,0,TXN_104646,CUS_3300
112.85,93.13,0,2,1,876,0,1,0,CARD,INR,0,TXN_107769,CUS_9466
54.62,73.83,0,7,0,50,0,0,0,UPI,INR,0,TXN_110488,CUS_9074
283.0,195.64,2,7,0,219,0,0,0,UPI,INR,0,TXN_112797,CUS_9678
54.51,56.75,0,3,0,273,0,0,0,WALLET,USD,0,TXN_110546,CUS_6572
26.57,54.77,1,3,0,33,0,1,0,CARD,INR,0,TXN_109914,CUS_7955
90.43,74.13,0,2,0,536,0,1,0,CARD,INR,0,TXN_107235,CUS_5130
243.35,192.76,1,3,0,88,0,0,0,UPI,INR,0,TXN_103408,CUS_9975
45.46,46.3,0,3,1,77,0,0,0,CARD,EUR,0,TXN_103653,CUS_6880
447.32,389.28,0,0,0,431,0,0,0,NET_BANKING,USD,0,TXN_104252,CUS_7559
117.99,332.75,0,0,0,363,0,0,0,CARD,INR,0,TXN_107949,CUS_2006
476.54,314.83,0,1,0,152,0,0,0,UPI,INR,0,TXN_109524,CUS_9523
101.12,75.33,1,2,0,258,0,0,0,CARD,USD,0,TXN_105246,CUS_7737
99.64,81.82,0,2,0,115,0,0,0,CARD,USD,0,TXN_105994,CUS_3829
349.59,266.76,2,4,0,321,0,0,0,CARD,INR,0,TXN_110053,CUS_1082
56.54,91.96,0,1,0,208,0,0,0,UPI,INR,0,TXN_105083,CUS_4982
127.62,257.26,1,5,0,54,0,0,0,WALLET,USD,0,TXN_114716,CUS_3550
173.58,163.84,0,2,0,108,0,0,0,CARD,USD,0,TXN_104480,CUS_8273
382.25,333.68,1,5,0,241,0,0,0,CARD,INR,0,TXN_107864,CUS_4881
27.48,43.53,1,3,0,601,0,0,0,WALLET,EUR,0,TXN_114924,CUS_3669
212.3,161.12,0,2,0,296,0,0,0,UPI,USD,0,TXN_114594,CUS_8855
111.95,129.94,0,2,2,78,0,0,0,NET_BANKING,INR,0,TXN_112840,CUS_3436
152.8,121.67,1,2,0,128,0,0,0,WALLET,INR,0,TXN_114829,CUS_3084
128.3,173.53,0,3,1,200,0,1,0,UPI,INR,0,TXN_108234,CUS_8290
268.61,325.71,0,3,0,406,0,0,0,WALLET,INR,0,TXN_103332,CUS_7189
165.33,120.5,1,3,0,389,0,0,0,CARD,INR,0,TXN_114726,CUS_2002
76.65,70.67,0,2,0,45,0,0,0,UPI,INR,0,TXN_100872,CUS_3997
24.12,35.14,0,0,0,111,0,1,0,NET_BANKING,INR,0,TXN_110051,CUS_2523
37.18,65.18,0,3,0,209,0,0,0,CARD,INR,0,TXN_102908,CUS_3380
52.47,98.88,1,4,0,157,0,0,0,UPI,INR,0,TXN_109183,CUS_9228
261.73,246.85,0,1,0,343,0,0,0,NET_BANKING,INR,0,TXN_106057,CUS_1850
90.02,81.92,1,5,0,261,0,0,0,CARD,INR,0,TXN_106721,CUS_2550
44.6,43.67,0,4,0,266,0,0,0,CARD,USD,0,TXN_112925,CUS_4308
149.36,163.01,0,0,0,77,0,0,0,NET_BANKING,INR,0,TXN_107797,CUS_2775
37.72,54.3,1,2,0,56,0,0,0,CARD,USD,0,TXN_100761,CUS_2661
26.11,44.52,0,1,0,742,0,0,0,CARD,INR,0,TXN_104717,CUS_6010
13.43,24.61,1,4,0,67,0,0,0,CARD,EUR,0,TXN_111086,CUS_5049
41.58,58.41,0,1,0,275,0,0,0,UPI,USD,0,TXN_102208,CUS_8136
102.52,128.44,1,2,0,272,0,0,0,CARD,USD,0,TXN_113858,CUS_2931
23.09,35.33,0,4,0,51,0,0,0,CARD,INR,0,TXN_109283,CUS_3670
104.03,93.24,2,4,0,89,0,0,0,CARD,INR,0,TXN_114806,CUS_5532
115.65,95.33,0,5,0,188,0,0,0,CARD,EUR,0,TXN_112998,CUS_9550
78.22,62.61,0,2,0,759,0,0,0,NET_BANKING,INR,0,TXN_105175,CUS_9786
56.46,61.08,1,3,0,909,0,0,0,CARD,USD,0,TXN_111841,CUS_6746
84.87,78.57,1,4,1,114,0,0,0,UPI,INR,0,TXN_110779,CUS_1795
96.96,95.33,0,2,0,163,0,0,0,CARD,INR,0,TXN_113356,CUS_9253
55.5,60.52,0,1,0,1112,0,0,0,WALLET,USD,0,TXN_114698,CUS_5413
231.04,213.34,0,1,0,833,0,0,0,CARD,INR,0,TXN_108874,CUS_9937
174.65,232.76,0,3,1,396,0,0,0,CARD,INR,0,TXN_114038,CUS_2958
727.58,422.03,0,2,0,47,0,0,0,NET_BANKING,USD,0,TXN_100754,CUS_2409
418.32,370.61,0,0,0,184,0,0,0,CARD,USD,0,TXN_114399,CUS_7229
140.52,105.1,0,4,0,162,0,0,0,UPI,USD,0,TXN_110293,CUS_1578
34.5,33.77,0,6,0,526,0,0,0,WALLET,INR,0,TXN_109224,CUS_8380
130.58,145.75,0,6,1,68,1,1,0,CARD,INR,0,TXN_113058,CUS_7904
297.34,224.9,0,1,0,170,0,0,0,CARD,INR,0,TXN_107282,CUS_1926
36.26,75.19,2,5,0,31,0,1,0,NET_BANKING,INR,0,TXN_107536,CUS_2601
128.72,175.23,1,3,0,1558,0,0,0,WALLET,INR,0,TXN_111715,CUS_7017
109.87,134.7,0,1,0,74,0,1,0,CARD,INR,0,TXN_109115,CUS_4088
20.1,69.05,1,2,0,310,0,0,0,CARD,INR,0,TXN_103878,CUS_9386
72.21,42.01,0,5,1,143,0,0,0,WALLET,INR,0,TXN_107771,CUS_3876
37.49,39.42,1,4,0,636,0,1,0,CARD,EUR,0,TXN_100775,CUS_3704
64.02,75.22,0,2,0,262,0,0,0,NET_BANKING,USD,0,TXN_103673,CUS_2185
35.18,57.32,0,1,0,915,0,0,0,CARD,EUR,0,TXN_107712,CUS_5427
100.48,81.17,0,2,0,102,0,0,0,UPI,INR,0,TXN_107710,CUS_5039
71.18,52.0,0,5,0,78,0,0,0,WALLET,INR,0,TXN_107114,CUS_1069
85.19,119.3,0,5,1,637,0,1,0,CARD,INR,0,TXN_114987,CUS_3951
32.24,27.84,1,4,1,475,0,0,0,WALLET,INR,0,TXN_103739,CUS_4011
79.18,116.26,0,2,0,260,0,0,0,UPI,INR,0,TXN_102297,CUS_1269
267.25,158.25,0,1,0,143,0,0,0,CARD,INR,0,TXN_103325,CUS_5982
164.46,147.95,0,4,0,303,0,0,0,CARD,INR,0,TXN_109197,CUS_1223
194.4,153.85,0,3,0,79,0,0,0,NET_BANKING,INR,0,TXN_100378,CUS_5032
170.45,129.92,0,1,1,76,0,0,0,NET_BANKING,INR,0,TXN_102706,CUS_6500
84.66,59.34,0,2,0,78,0,0,0,UPI,USD,0,TXN_112447,CUS_2986
78.99,68.82,1,6,0,295,0,0,0,CARD,INR,0,TXN_111344,CUS_3257
77.12,69.3,0,3,0,996,0,0,0,CARD,INR,0,TXN_104282,CUS_4069
101.29,116.14,0,1,0,108,0,0,0,CARD,INR,0,TXN_110662,CUS_3316
228.04,249.79,1,2,0,52,0,0,0,WALLET,USD,0,TXN_109805,CUS_7801
84.8,59.2,0,3,0,184,1,0,0,CARD,INR,0,TXN_100358,CUS_3359
127.92,123.61,0,4,0,181,0,0,0,CARD,USD,0,TXN_110607,CUS_9403
6.29,35.74,0,2,0,164,0,0,0,UPI,INR,0,TXN_108221,CUS_9436
85.88,96.5,1,6,0,148,0,0,0,CARD,INR,0,TXN_113995,CUS_6426
56.49,78.75,0,2,0,135,0,0,0,UPI,USD,0,TXN_113124,CUS_9937
18.32,29.4,2,4,0,204,0,1,0,CARD,EUR,0,TXN_114991,CUS_5486
69.99,125.06,0,0,0,41,0,0,0,UPI,INR,0,TXN_110519,CUS_4833
137.66,111.13,0,2,0,382,1,0,0,UPI,INR,0,TXN_110797,CUS_3999
424.91,367.03,1,5,0,453,1,0,0,NET_BANKING,INR,0,TXN_110816,CUS_3904
119.51,94.32,0,3,0,194,0,1,0,UPI,INR,0,TXN_105005,CUS_1923
78.02,129.38,0,3,0,54,0,0,0,NET_BANKING,EUR,0,TXN_108422,CUS_9487
165.68,142.53,0,1,0,194,0,0,0,UPI,INR,0,TXN_106199,CUS_5414
119.55,103.04,0,2,0,102,0,0,0,WALLET,INR,0,TXN_104008,CUS_3071
258.4,245.25,0,1,0,37,0,0,0,NET_BANKING,INR,0,TXN_101148,CUS_8696
57.98,59.63,0,0,1,79,0,0,0,UPI,INR,0,TXN_103712,CUS_8462
149.44,103.3,0,1,0,155,0,0,0,CARD,INR,0,TXN_109233,CUS_8874
121.58,148.17,1,4,0,188,0,1,0,UPI,INR,0,TXN_109855,CUS_3167
55.38,40.69,2,4,0,405,0,0,0,UPI,USD,0,TXN_108118,CUS_8369
119.65,123.28,1,4,0,299,0,0,0,UPI,INR,0,TXN_101799,CUS_5232
66.3,65.73,0,2,0,397,0,0,0,NET_BANKING,USD,0,TXN_106762,CUS_9473
157.05,160.99,0,1,0,116,1,0,0,CARD,INR,0,TXN_107534,CUS_8670
170.74,131.82,1,2,0,33,1,0,0,CARD,USD,0,TXN_101578,CUS_5211
146.2,90.76,0,3,0,82,0,0,0,UPI,INR,0,TXN_102920,CUS_3576
100.19,89.92,2,3,0,35,0,0,0,UPI,INR,0,TXN_102381,CUS_5776
130.12,119.81,0,1,0,550,0,0,0,CARD,EUR,0,TXN_101729,CUS_5761
119.02,116.24,1,1,1,93,0,0,0,UPI,USD,0,TXN_105593,CUS_5489
49.94,41.19,0,1,0,324,0,0,0,UPI,INR,0,TXN_108857,CUS_6844
75.94,92.03,1,3,0,97,0,0,0,UPI,USD,0,TXN_108271,CUS_9247
149.9,122.23,0,2,0,150,0,0,0,CARD,INR,0,TXN_110165,CUS_7255
52.96,79.88,0,4,0,61,0,0,0,UPI,INR,0,TXN_109279,CUS_2502
123.23,95.24,0,0,0,391,1,0,0,CARD,USD,0,TXN_103350,CUS_8401
86.64,72.94,0,0,0,552,0,0,0,CARD,INR,0,TXN_103043,CUS_9885
367.72,406.66,0,2,0,880,0,0,0,CARD,USD,0,TXN_113819,CUS_2948
110.54,147.26,0,4,1,82,0,0,0,CARD,INR,0,TXN_110297,CUS_8874
59.15,59.45,0,2,0,98,1,1,0,CARD,INR,0,TXN_108204,CUS_9095
72.11,88.95,0,3,0,57,1,0,0,UPI,INR,0,TXN_108281,CUS_3825
44.91,49.19,0,1,0,410,0,1,0,UPI,INR,0,TXN_112691,CUS_4904
224.3,149.17,0,1,1,534,0,0,0,CARD,INR,0,TXN_104944,CUS_6117
1229.63,1033.13,0,2,1,45,0,1,0,CARD,INR,0,TXN_112143,CUS_5464
68.36,77.86,2,2,0,294,0,0,0,CARD,INR,0,TXN_109670,CUS_6314
27.62,23.51,0,0,0,283,1,0,0,CARD,USD,0,TXN_103972,CUS_1225
185.61,124.53,0,3,0,653,0,0,0,CARD,INR,0,TXN_112867,CUS_5143
567.27,179.86,4,13,2,19,1,1,0,CARD,USD,1,TXN_104877,CUS_4593
53.01,43.15,1,1,1,906,0,0,0,CARD,INR,0,TXN_112450,CUS_9873
356.82,290.3,0,5,0,147,0,0,0,CARD,USD,0,TXN_108391,CUS_5094
121.1,125.22,0,1,0,128,0,0,0,NET_BANKING,INR,0,TXN_110036,CUS_8355
180.61,147.11,0,1,0,425,0,0,0,UPI,USD,0,TXN_106605,CUS_5311
100.26,147.36,1,3,0,124,0,0,0,CARD,EUR,0,TXN_105150,CUS_2313
187.17,151.42,0,2,0,529,0,0,0,CARD,INR,0,TXN_102690,CUS_3999
74.0,74.59,0,1,1,170,1,0,0,CARD,INR,0,TXN_112516,CUS_3008
48.31,50.18,0,3,0,45,0,1,0,CARD,USD,0,TXN_108358,CUS_2284
200.74,138.5,1,5,1,468,0,0,0,WALLET,USD,0,TXN_106893,CUS_8673
90.35,136.51,2,5,0,504,0,0,0,UPI,INR,0,TXN_107009,CUS_9953
107.82,105.8,0,2,0,778,0,0,0,UPI,INR,0,TXN_110431,CUS_2555
173.94,138.53,0,1,0,609,0,0,0,CARD,INR,0,TXN_111994,CUS_3788
77.14,51.45,0,1,1,93,0,0,0,CARD,INR,0,TXN_105907,CUS_2835
121.2,160.68,0,2,0,134,0,0,0,NET_BANKING,INR,0,TXN_113131,CUS_9998
92.42,67.06,0,4,0,499,1,0,0,UPI,EUR,0,TXN_112438,CUS_6625
108.23,105.19,0,1,0,109,0,0,0,UPI,INR,0,TXN_107145,CUS_5620
77.13,112.32,0,1,0,207,0,0,0,CARD,INR,0,TXN_103001,CUS_5245
77.51,67.97,0,3,0,496,0,0,0,CARD,INR,0,TXN_110704,CUS_7506
178.91,138.06,2,4,0,1155,0,0,0,WALLET,EUR,0,TXN_111444,CUS_6045
138.31,119.19,0,4,0,326,0,1,0,CARD,USD,0,TXN_112448,CUS_1974
59.59,47.64,0,1,0,379,0,0,0,CARD,INR,0,TXN_111499,CUS_3401
41.71,57.76,0,3,0,76,0,0,0,CARD,INR,0,TXN_108864,CUS_8074
52.33,55.78,0,2,0,250,0,0,0,CARD,USD,0,TXN_100433,CUS_8768
120.77,115.05,0,2,0,87,0,0,0,UPI,INR,0,TXN_104518,CUS_2095
60.83,60.06,0,1,0,122,0,0,0,CARD,USD,0,TXN_101469,CUS_4155
88.7,72.98,2,6,0,59,0,0,0,CARD,EUR,0,TXN_104027,CUS_5648
79.82,74.64,0,2,0,225,0,0,0,UPI,INR,0,TXN_104076,CUS_6331
78.99,93.09,1,4,0,288,0,0,0,UPI,EUR,0,TXN_107618,CUS_7818
179.54,220.91,0,0,0,157,0,0,0,NET_BANKING,INR,0,TXN_113561,CUS_1765
83.48,85.0,2,6,0,103,0,0,0,CARD,INR,0,TXN_112802,CUS_8376
297.29,442.2,0,2,0,242,0,0,0,UPI,INR,0,TXN_112305,CUS_5042
195.28,185.56,0,1,0,176,0,0,0,CARD,USD,0,TXN_101385,CUS_6830
139.82,135.71,1,2,0,47,0,0,0,UPI,USD,0,TXN_110236,CUS_4608
40.34,35.81,0,0,1,680,0,0,0,CARD,EUR,0,TXN_101879,CUS_9727
297.36,162.86,0,2,0,636,0,0,0,CARD,USD,0,TXN_105884,CUS_3648
44.12,45.07,0,2,0,201,0,0,0,CARD,USD,0,TXN_110993,CUS_5586
91.98,123.87,0,3,0,129,0,0,0,CARD,INR,0,TXN_109636,CUS_3015
200.79,152.65,0,0,0,41,0,0,0,WALLET,INR,0,TXN_101581,CUS_3244
134.31,167.05,0,6,0,280,0,0,0,CARD,USD,0,TXN_107368,CUS_7640
232.09,232.1,0,2,0,155,0,1,0,UPI,EUR,0,TXN_100704,CUS_9425
22.09,18.39,1,2,0,300,0,0,0,CARD,USD,0,TXN_102405,CUS_9276
246.89,273.54,0,2,0,67,0,0,0,CARD,EUR,0,TXN_109222,CUS_3557
131.27,104.58,0,3,0,219,1,1,0,CARD,INR,0,TXN_104836,CUS_7233
131.69,118.32,1,5,0,80,0,0,0,NET_BANKING,USD,0,TXN_101613,CUS_6784
244.1,331.49,1,2,0,134,1,0,0,UPI,INR,0,TXN_103111,CUS_4163
70.84,46.61,0,2,0,113,0,1,0,CARD,USD,0,TXN_100099,CUS_4537
210.47,191.53,0,2,0,369,0,0,0,UPI,USD,0,TXN_105490,CUS_9782
185.08,205.78,1,4,0,554,0,0,0,CARD,INR,0,TXN_102407,CUS_8079
169.64,93.64,0,2,0,389,0,0,0,CARD,INR,0,TXN_113128,CUS_5601
123.67,146.86,0,4,0,96,0,0,0,CARD,INR,0,TXN_109746,CUS_6026
432.15,366.38,1,3,0,654,0,0,0,CARD,INR,0,TXN_112728,CUS_3932
131.65,99.09,1,2,0,210,0,1,0,UPI,USD,0,TXN_110268,CUS_3558
239.17,263.7,0,1,0,388,0,0,0,NET_BANKING,USD,0,TXN_114350,CUS_6572
146.92,123.65,1,3,0,440,0,0,0,CARD,INR,0,TXN_107425,CUS_2285
199.89,126.33,0,3,0,348,0,0,0,UPI,USD,0,TXN_100855,CUS_8007
87.88,75.4,0,0,0,715,0,0,0,UPI,INR,0,TXN_110453,CUS_7642
162.96,122.44,0,4,0,39,0,0,0,WALLET,INR,0,TXN_101869,CUS_2514
111.08,101.01,0,2,1,163,0,0,0,WALLET,INR,0,TXN_104123,CUS_7908
57.63,54.59,0,6,0,52,0,0,0,CARD,USD,0,TXN_101177,CUS_7773
55.39,65.39,0,3,0,214,0,0,0,UPI,USD,0,TXN_109339,CUS_7925
42.27,75.84,0,3,0,622,0,0,0,CARD,USD,0,TXN_101596,CUS_3585
152.49,169.94,0,1,0,223,0,0,0,UPI,INR,0,TXN_105420,CUS_3991
84.61,189.68,0,0,0,1096,0,0,0,UPI,INR,0,TXN_100731,CUS_7522
404.9,302.88,0,6,0,123,0,0,0,UPI,INR,0,TXN_104089,CUS_4154
72.16,89.85,0,2,0,62,0,0,0,CARD,EUR,0,TXN_110153,CUS_7312
91.83,79.87,1,4,0,249,0,0,0,CARD,INR,0,TXN_100746,CUS_2502
60.52,37.83,0,3,1,252,0,0,0,UPI,INR,0,TXN_102896,CUS_1547
37.45,43.55,1,3,0,61,0,0,0,CARD,INR,0,TXN_110945,CUS_9273
124.29,112.06,1,2,0,291,0,1,0,UPI,INR,0,TXN_109316,CUS_1488
48.39,37.47,1,5,0,210,0,0,0,CARD,INR,0,TXN_111821,CUS_7822
186.31,133.85,1,5,0,619,0,1,0,NET_BANKING,INR,0,TXN_113912,CUS_4753
25.06,53.84,0,4,0,191,0,0,0,CARD,INR,0,TXN_105019,CUS_6882
26.01,46.18,0,3,0,219,0,0,0,CARD,INR,0,TXN_102968,CUS_3954
39.79,72.81,0,3,0,153,1,0,0,UPI,INR,0,TXN_114879,CUS_2893
109.29,105.94,1,5,0,312,0,0,0,CARD,USD,0,TXN_112164,CUS_7461
215.88,274.58,0,3,1,461,0,0,0,UPI,USD,0,TXN_101651,CUS_1562
387.05,519.54,1,3,0,54,0,0,0,CARD,USD,0,TXN_111962,CUS_4369
98.64,81.89,0,1,0,70,0,0,0,UPI,USD,0,TXN_114960,CUS_8024
297.69,296.62,0,4,0,37,0,1,0,CARD,USD,0,TXN_101934,CUS_9070
68.41,95.51,0,2,0,513,0,0,0,UPI,INR,0,TXN_108572,CUS_8373
110.22,125.36,1,3,0,484,0,0,0,CARD,USD,0,TXN_110404,CUS_7729
206.77,345.57,0,3,0,276,0,0,0,NET_BANKING,INR,0,TXN_104300,CUS_8142
221.64,255.29,0,1,0,388,0,0,0,CARD,INR,0,TXN_103340,CUS_7661
42.43,38.27,2,3,0,202,0,0,0,NET_BANKING,INR,0,TXN_113792,CUS_3046
146.21,106.63,0,2,0,136,0,0,0,UPI,INR,0,TXN_103758,CUS_6877
95.64,102.69,0,1,0,65,0,0,0,UPI,INR,0,TXN_113361,CUS_3627
22.63,36.74,0,2,1,377,0,0,0,WALLET,INR,0,TXN_113438,CUS_5316
98.32,80.41,1,4,0,651,0,0,0,CARD,EUR,0,TXN_112049,CUS_5429
116.35,110.28,1,4,0,113,0,0,0,WALLET,USD,0,TXN_106259,CUS_6242
405.61,361.88,0,3,0,42,0,0,0,CARD,INR,0,TXN_105422,CUS_4406
76.27,102.05,0,1,0,76,0,0,0,CARD,INR,0,TXN_111024,CUS_3109
70.5,74.47,1,4,0,1350,0,0,0,CARD,USD,0,TXN_110442,CUS_8863
224.15,229.66,1,7,0,46,0,0,0,CARD,USD,0,TXN_101463,CUS_5781
43.22,64.99,1,2,0,351,1,0,0,CARD,INR,0,TXN_104704,CUS_3107
145.15,85.64,0,7,0,101,0,1,0,CARD,INR,0,TXN_107612,CUS_1049
112.25,124.79,0,0,0,663,0,0,0,UPI,USD,0,TXN_102475,CUS_4145
513.03,474.2,0,1,0,33,0,0,0,NET_BANKING,INR,0,TXN_111124,CUS_6619
134.73,66.16,0,4,0,110,0,0,0,CARD,INR,0,TXN_100257,CUS_7429
57.18,33.17,0,1,0,902,0,1,0,CARD,INR,0,TXN_100250,CUS_7051
73.89,67.65,0,1,0,66,0,0,0,UPI,USD,0,TXN_112992,CUS_7027
166.27,111.63,0,4,0,130,0,0,0,UPI,USD,0,TXN_112658,CUS_6760
147.68,123.51,0,3,0,35,0,0,0,CARD,INR,0,TXN_114720,CUS_1181
30.22,37.34,1,2,0,163,0,0,0,CARD,USD,0,TXN_108368,CUS_2201
292.01,272.0,1,3,1,487,0,0,0,CARD,INR,0,TXN_104595,CUS_4695
1110.96,771.36,0,1,0,412,0,0,0,CARD,INR,0,TXN_108793,CUS_6882
308.03,179.51,1,1,0,30,0,0,0,CARD,INR,0,TXN_108994,CUS_6258
260.4,43.43,2,5,1,32,1,0,2,CARD,USD,1,TXN_114378,CUS_3624
52.79,63.32,0,1,0,360,0,1,0,UPI,INR,0,TXN_107870,CUS_8959
85.88,79.43,0,2,0,421,0,0,0,CARD,INR,0,TXN_100475,CUS_5941
73.95,53.67,0,1,0,255,0,0,0,CARD,INR,0,TXN_113166,CUS_6451
180.31,217.33,1,2,0,33,0,0,0,CARD,INR,0,TXN_114962,CUS_9241
277.67,202.0,0,3,0,72,0,0,0,NET_BANKING,USD,0,TXN_102386,CUS_2342
322.14,198.38,0,0,0,71,0,0,0,UPI,INR,0,TXN_109492,CUS_7110
1.96,35.54,4,10,2,14,1,1,1,CARD,INR,1,TXN_114169,CUS_3486
65.23,60.82,0,4,1,287,1,0,0,NET_BANKING,INR,0,TXN_105703,CUS_3790
507.01,81.1,7,9,0,139,1,0,1,CARD,USD,1,TXN_102247,CUS_8382
199.07,164.01,0,1,0,987,1,0,0,CARD,USD,0,TXN_112381,CUS_9016
39.21,48.84,0,1,0,167,0,0,0,CARD,INR,0,TXN_100868,CUS_8643
300.44,229.94,0,3,0,80,0,0,0,CARD,INR,0,TXN_113156,CUS_4715
131.29,116.2,0,1,0,407,0,1,0,CARD,USD,0,TXN_110281,CUS_4710
152.2,119.56,1,2,0,139,0,1,0,UPI,USD,0,TXN_106056,CUS_4877
127.23,102.22,0,1,1,707,0,0,0,CARD,EUR,0,TXN_101056,CUS_4341
100.89,114.96,0,0,0,409,1,0,0,UPI,INR,0,TXN_106579,CUS_5198
37.21,84.65,1,3,0,49,0,0,0,CARD,INR,0,TXN_108027,CUS_5021
118.58,256.47,0,1,0,91,0,0,0,UPI,INR,0,TXN_114221,CUS_8155
210.55,184.76,0,3,0,221,0,0,0,UPI,USD,0,TXN_111275,CUS_3573
95.15,90.3,0,0,0,702,0,0,0,CARD,INR,0,TXN_104276,CUS_8785
109.03,92.97,2,3,0,127,0,0,0,CARD,INR,0,TXN_104795,CUS_9242
54.6,49.4,0,3,0,206,0,0,0,CARD,INR,0,TXN_104613,CUS_5029
60.75,56.94,0,0,0,47,0,0,0,CARD,USD,0,TXN_104912,CUS_4975
19.8,24.18,0,1,0,241,0,1,0,CARD,USD,0,TXN_110001,CUS_7133
11.35,37.74,0,1,0,287,0,1,0,CARD,INR,0,TXN_104193,CUS_3454
131.0,88.3,0,2,1,90,0,0,0,WALLET,USD,0,TXN_104859,CUS_8971
82.0,115.31,0,2,0,40,0,0,0,CARD,USD,0,TXN_105160,CUS_5286
434.5,102.26,5,12,1,41,1,1,1,WALLET,USD,1,TXN_108932,CUS_9839
149.11,205.18,3,8,0,448,0,0,0,UPI,INR,0,TXN_109425,CUS_8099
181.62,205.17,2,4,0,96,0,0,0,CARD,INR,0,TXN_111602,CUS_5046
136.66,173.63,1,3,0,705,0,0,0,CARD,INR,0,TXN_107365,CUS_5153
21.03,74.66,1,4,0,78,0,1,0,CARD,INR,0,TXN_114804,CUS_8769
192.56,149.9,1,2,1,223,0,0,0,UPI,INR,0,TXN_102681,CUS_6802
361.97,36.87,4,11,1,9,0,1,0,CARD,USD,1,TXN_108010,CUS_3147
65.61,56.08,0,4,0,352,0,0,0,UPI,INR,0,TXN_110425,CUS_2908
153.53,201.86,0,4,0,420,0,0,0,UPI,EUR,0,TXN_102441,CUS_5586
15.06,20.04,0,2,0,340,0,0,0,CARD,INR,0,TXN_114292,CUS_6587
361.71,265.62,1,3,0,147,0,0,0,CARD,USD,0,TXN_105359,CUS_9587
166.57,128.44,0,4,0,161,0,1,0,NET_BANKING,INR,0,TXN_100865,CUS_5664
39.27,45.01,0,0,0,49,1,1,0,CARD,INR,0,TXN_112069,CUS_6300
134.01,101.4,0,0,0,66,0,0,0,CARD,INR,0,TXN_112970,CUS_5961
536.04,352.43,0,0,0,791,0,0,0,WALLET,INR,0,TXN_103195,CUS_2735
40.99,39.68,1,3,0,249,0,0,0,CARD,INR,0,TXN_109364,CUS_4297
445.32,267.05,0,0,0,157,0,0,0,CARD,INR,0,TXN_109152,CUS_2460
5.0,211.34,1,2,0,338,0,0,0,CARD,USD,0,TXN_108523,CUS_4128
363.53,269.9,0,0,0,46,0,0,0,WALLET,INR,0,TXN_111035,CUS_8176
260.02,191.98,0,3,0,142,0,0,0,UPI,INR,0,TXN_100408,CUS_9635
18.92,35.58,2,6,0,305,0,0,0,CARD,EUR,0,TXN_110178,CUS_9273
129.76,109.33,0,0,0,35,0,0,0,CARD,INR,0,TXN_109025,CUS_6698
224.07,48.05,8,8,2,13,1,0,2,CARD,USD,1,TXN_100058,CUS_6918
13.49,35.87,0,1,0,523,0,1,0,NET_BANKING,USD,0,TXN_101671,CUS_9510
805.76,595.23,1,3,0,812,0,0,0,UPI,INR,0,TXN_109304,CUS_2425
32.17,36.79,2,4,0,163,0,1,0,CARD,USD,0,TXN_103253,CUS_3144
100.92,85.92,0,2,0,257,0,0,0,CARD,INR,0,TXN_111632,CUS_5959
153.51,84.75,0,4,0,134,0,1,0,CARD,EUR,0,TXN_106768,CUS_6588
13.9,58.17,0,3,0,1160,0,0,0,UPI,INR,0,TXN_107361,CUS_5502
51.64,43.72,1,3,0,67,0,0,0,CARD,INR,0,TXN_112926,CUS_6764
208.03,226.14,0,1,0,89,0,0,0,CARD,EUR,0,TXN_101022,CUS_7031
193.63,145.18,0,5,0,82,1,0,0,WALLET,INR,0,TXN_108107,CUS_9845
729.67,429.84,0,5,0,870,0,0,0,CARD,USD,0,TXN_102944,CUS_3366
121.71,114.82,1,3,0,600,0,0,0,UPI,EUR,0,TXN_107464,CUS_6063
243.52,385.29,0,3,0,222,0,1,0,CARD,EUR,0,TXN_102576,CUS_5083
131.32,45.52,5,5,3,10,1,0,0,CARD,INR,1,TXN_107728,CUS_5431
89.56,112.99,1,4,0,240,1,1,0,CARD,INR,0,TXN_107776,CUS_6250
151.95,208.75,1,2,0,105,0,0,0,WALLET,INR,0,TXN_108663,CUS_3301
29.29,42.29,0,5,0,136,0,0,0,CARD,INR,0,TXN_108913,CUS_1797
121.18,240.52,0,0,0,221,0,0,0,UPI,INR,0,TXN_101602,CUS_2083
89.3,92.53,1,3,1,118,0,1,0,CARD,USD,0,TXN_104905,CUS_4551
278.18,189.6,0,3,0,408,0,0,0,UPI,USD,0,TXN_102557,CUS_9320
148.96,209.34,0,0,0,694,0,0,0,CARD,USD,0,TXN_110353,CUS_7871
110.37,86.07,0,2,1,1129,0,0,0,CARD,USD,0,TXN_111357,CUS_5210
89.87,138.63,1,2,0,478,0,0,0,UPI,INR,0,TXN_109735,CUS_3037
94.8,106.34,0,1,0,195,0,0,0,UPI,USD,0,TXN_113743,CUS_9887
113.71,146.72,0,1,0,287,0,0,0,CARD,EUR,0,TXN_101964,CUS_9415
173.95,171.05,1,4,0,109,0,0,0,UPI,INR,0,TXN_111062,CUS_2070
17.93,60.38,0,1,0,303,0,0,0,UPI,INR,0,TXN_112664,CUS_7122
103.08,88.58,0,2,0,63,0,0,0,UPI,INR,0,TXN_112219,CUS_1147
149.02,203.6,0,1,0,330,0,0,0,UPI,USD,0,TXN_111858,CUS_5677
21.12,41.49,0,5,0,521,0,0,0,UPI,USD,0,TXN_110591,CUS_8950
248.61,180.94,0,3,0,165,1,1,0,CARD,INR,0,TXN_114865,CUS_5993
109.33,100.06,0,2,0,47,0,1,0,CARD,EUR,0,TXN_107346,CUS_9160
48.01,177.11,0,0,0,100,0,0,0,CARD,EUR,0,TXN_107363,CUS_7795
27.16,56.89,1,3,0,297,0,0,0,CARD,USD,0,TXN_111254,CUS_6183
113.0,74.32,0,1,0,115,0,0,0,CARD,INR,0,TXN_108919,CUS_9617
96.69,79.56,0,1,0,229,0,0,0,UPI,INR,0,TXN_107855,CUS_3906
31.48,50.15,0,0,0,44,0,1,0,CARD,INR,0,TXN_114196,CUS_2846
41.25,65.57,0,0,0,850,0,0,0,UPI,USD,0,TXN_104672,CUS_9708
207.25,232.95,1,2,0,442,0,0,0,CARD,INR,0,TXN_110381,CUS_5890
387.95,224.59,0,2,0,206,0,0,0,NET_BANKING,INR,0,TXN_100636,CUS_3959
88.4,92.63,0,2,0,741,0,0,0,UPI,USD,0,TXN_105529,CUS_3220
320.77,373.32,0,2,0,1183,0,0,0,UPI,USD,0,TXN_107453,CUS_7480
49.78,74.43,0,1,0,38,0,0,0,CARD,INR,0,TXN_100896,CUS_2791
130.2,195.39,0,0,0,356,0,0,0,CARD,EUR,0,TXN_110879,CUS_6232
39.95,52.02,2,4,0,78,0,1,0,UPI,USD,0,TXN_109250,CUS_8520
118.35,112.94,1,3,0,96,0,0,0,CARD,INR,0,TXN_111468,CUS_1778
112.01,80.15,0,0,0,178,0,0,0,WALLET,INR,0,TXN_114437,CUS_4559
54.57,62.4,0,2,0,136,0,0,0,UPI,INR,0,TXN_108787,CUS_7981
184.72,214.71,2,5,0,63,0,0,0,WALLET,INR,0,TXN_103365,CUS_9467
21.94,42.0,1,3,1,68,0,0,0,NET_BANKING,INR,0,TXN_109536,CUS_6859
31.95,38.28,0,6,0,397,0,1,0,CARD,EUR,0,TXN_106116,CUS_9080
55.22,87.1,0,0,0,352,0,0,0,CARD,INR,0,TXN_113198,CUS_3926
194.19,305.88,0,3,0,294,0,0,0,CARD,USD,0,TXN_113323,CUS_5594
263.46,368.1,0,2,0,664,0,0,0,CARD,INR,0,TXN_113982,CUS_4841
229.21,144.68,1,2,0,1114,0,0,0,CARD,USD,0,TXN_111029,CUS_7009
93.27,100.91,0,4,0,525,0,0,0,CARD,INR,0,TXN_107195,CUS_4006
39.17,48.45,0,1,0,49,0,0,0,UPI,USD,0,TXN_104982,CUS_8268
460.15,534.61,0,5,1,134,0,0,0,UPI,EUR,0,TXN_112080,CUS_5138
91.71,106.11,0,6,0,118,0,0,0,NET_BANKING,INR,0,TXN_110728,CUS_9761
13.72,30.18,0,0,0,450,0,0,0,CARD,INR,0,TXN_103553,CUS_3377
127.83,162.6,1,3,0,224,0,1,0,CARD,INR,0,TXN_109460,CUS_1370
200.69,186.32,1,2,0,102,0,0,0,CARD,INR,0,TXN_112366,CUS_3042
458.63,230.27,0,0,0,375,0,0,0,UPI,INR,0,TXN_104931,CUS_7221
56.01,73.29,1,3,0,765,0,0,0,CARD,EUR,0,TXN_100335,CUS_8943
21.61,75.26,0,1,0,62,0,0,0,CARD,INR,0,TXN_105000,CUS_7930
139.2,160.84,0,4,0,47,0,0,1,CARD,INR,0,TXN_113122,CUS_3661
110.14,99.81,0,0,0,891,0,0,0,WALLET,INR,0,TXN_110369,CUS_8071
158.61,142.89,1,1,0,439,0,1,0,CARD,USD,0,TXN_112384,CUS_6591
52.33,65.02,0,2,0,224,0,0,0,CARD,INR,0,TXN_112871,CUS_3375
60.38,39.01,0,3,0,86,0,0,0,CARD,USD,0,TXN_105039,CUS_3003
129.42,179.19,0,1,2,528,0,1,0,CARD,USD,0,TXN_108965,CUS_4096
67.1,49.17,0,1,0,595,0,0,0,CARD,INR,0,TXN_104524,CUS_4396
167.82,96.7,0,1,0,69,0,0,0,UPI,EUR,0,TXN_102796,CUS_8917
34.95,69.54,0,2,0,138,0,0,0,CARD,USD,0,TXN_114398,CUS_9112
96.47,67.61,0,4,0,235,1,0,0,CARD,INR,0,TXN_103839,CUS_7597
270.88,190.82,1,5,1,106,0,0,0,UPI,EUR,0,TXN_103024,CUS_3418
118.51,138.09,0,0,0,316,0,0,0,CARD,INR,0,TXN_107426,CUS_2701
328.99,32.51,5,9,4,82,1,1,1,UPI,EUR,1,TXN_105787,CUS_2924
39.68,59.58,0,2,0,99,0,0,0,CARD,USD,0,TXN_102234,CUS_8626
102.4,180.51,0,3,0,491,0,0,0,UPI,EUR,0,TXN_103648,CUS_5731
5.0,59.85,1,8,0,41,0,0,0,CARD,EUR,0,TXN_100813,CUS_8835
60.16,138.12,1,6,0,101,1,0,0,CARD,USD,0,TXN_108265,CUS_9435
110.36,225.11,0,2,0,290,0,0,0,NET_BANKING,USD,0,TXN_109106,CUS_2052
5.0,101.47,0,3,0,160,0,1,0,CARD,INR,0,TXN_107227,CUS_9308
148.25,106.27,0,1,0,221,0,0,0,CARD,EUR,0,TXN_106578,CUS_7679
288.26,200.36,1,2,0,257,1,0,0,CARD,INR,0,TXN_104231,CUS_3569
80.95,98.02,0,4,0,235,1,0,0,CARD,INR,0,TXN_108409,CUS_4194
93.95,146.14,0,5,1,56,0,0,0,CARD,INR,0,TXN_114986,CUS_1794
164.18,238.55,0,2,0,205,0,0,0,UPI,INR,0,TXN_103787,CUS_2341
439.2,52.14,5,10,4,24,1,1,0,CARD,INR,1,TXN_106485,CUS_4780
111.08,94.67,0,4,0,99,0,0,0,UPI,EUR,0,TXN_110615,CUS_9610
213.39,190.97,0,2,0,423,0,0,0,UPI,EUR,0,TXN_107469,CUS_8025
40.76,89.12,0,4,0,273,0,0,0,UPI,INR,0,TXN_103603,CUS_8303
35.55,99.9,0,3,0,224,0,0,0,UPI,INR,0,TXN_108624,CUS_3817
62.27,67.19,0,0,1,240,1,0,0,UPI,USD,0,TXN_103968,CUS_2035
83.26,96.42,0,4,0,154,1,0,0,NET_BANKING,INR,0,TXN_104286,CUS_1607
112.24,128.43,0,2,0,33,0,1,0,UPI,INR,0,TXN_101159,CUS_2920
71.6,59.78,0,5,0,50,0,0,0,CARD,INR,0,TXN_114624,CUS_3199
93.45,137.98,0,3,0,375,0,0,0,UPI,USD,0,TXN_112576,CUS_5969
61.95,80.44,2,4,0,162,0,0,0,CARD,INR,0,TXN_111533,CUS_5778
73.39,68.83,2,2,0,1025,0,1,0,CARD,INR,0,TXN_102430,CUS_7899
56.02,122.54,0,0,0,256,0,0,0,UPI,INR,0,TXN_109885,CUS_4317
139.7,174.5,0,3,0,622,0,0,0,CARD,INR,0,TXN_100641,CUS_5135
49.53,69.37,0,2,0,222,0,0,0,CARD,INR,0,TXN_106952,CUS_6879
127.56,160.17,1,3,0,39,0,0,0,UPI,USD,0,TXN_111756,CUS_3873
46.59,44.24,0,1,0,107,0,0,0,NET_BANKING,INR,0,TXN_110688,CUS_6655
117.31,69.85,0,3,0,205,0,0,0,CARD,INR,0,TXN_111411,CUS_5181
76.43,84.13,0,5,0,1097,0,1,0,UPI,INR,0,TXN_109673,CUS_4915
181.26,196.29,0,5,0,213,1,0,0,NET_BANKING,USD,0,TXN_114401,CUS_8753
21.62,49.87,0,2,0,156,0,0,0,NET_BANKING,INR,0,TXN_106223,CUS_3670
58.74,79.17,0,4,0,604,0,0,0,CARD,USD,0,TXN_101837,CUS_9465
762.37,115.84,6,12,4,2,1,1,2,UPI,EUR,1,TXN_100740,CUS_1132
186.7,130.04,1,3,1,102,0,0,0,CARD,INR,0,TXN_110416,CUS_6662
114.57,84.12,0,4,0,202,1,1,0,CARD,USD,0,TXN_106640,CUS_4875
75.5,67.18,0,2,0,156,0,1,0,NET_BANKING,INR,0,TXN_106581,CUS_6404
25.76,19.68,0,1,0,268,0,0,0,CARD,EUR,0,TXN_114985,CUS_7919
54.86,52.86,1,1,0,102,0,0,0,CARD,USD,0,TXN_111895,CUS_5039
116.51,169.77,0,5,0,205,0,1,0,UPI,INR,0,TXN_102089,CUS_7777
44.34,61.0,0,1,0,318,0,0,0,CARD,INR,0,TXN_100837,CUS_1228
141.28,107.58,1,4,0,905,0,0,0,UPI,USD,0,TXN_113780,CUS_6241
105.98,121.7,1,3,2,318,0,1,0,WALLET,EUR,0,TXN_100386,CUS_6331
196.59,183.12,0,2,1,500,0,0,0,CARD,USD,0,TXN_111755,CUS_1336
67.62,63.42,1,3,0,125,0,0,0,CARD,USD,0,TXN_114127,CUS_9873
267.95,44.38,8,8,3,10,1,1,0,CARD,INR,1,TXN_100623,CUS_5473
255.92,310.81,1,2,0,203,0,0,0,CARD,USD,0,TXN_100913,CUS_4111
291.34,166.84,0,1,0,52,0,1,0,UPI,INR,0,TXN_113740,CUS_2432
268.83,211.34,0,0,0,646,0,0,0,UPI,INR,0,TXN_107889,CUS_9378
128.09,163.11,0,1,0,100,0,0,0,CARD,INR,0,TXN_113409,CUS_8011
49.77,49.08,1,3,0,162,0,0,0,UPI,INR,0,TXN_110752,CUS_4073
23.37,51.35,0,3,0,229,0,0,0,CARD,INR,0,TXN_113568,CUS_3645
146.34,183.39,0,2,0,652,0,0,0,CARD,INR,0,TXN_105803,CUS_8719
115.17,118.66,0,3,0,46,0,0,0,CARD,INR,0,TXN_102082,CUS_6814
71.12,136.09,0,2,0,589,0,0,0,CARD,USD,0,TXN_106310,CUS_5877
54.85,48.78,0,2,0,161,0,0,0,WALLET,INR,0,TXN_106599,CUS_4601
178.45,126.47,0,2,0,44,1,0,0,WALLET,INR,0,TXN_104219,CUS_6984
94.63,103.18,0,4,0,246,0,0,0,CARD,INR,0,TXN_108168,CUS_9962
108.8,81.85,0,1,1,50,0,0,0,CARD,USD,0,TXN_104140,CUS_7039
105.69,84.73,1,3,0,184,0,0,0,CARD,INR,0,TXN_111866,CUS_2942
155.9,153.16,0,0,0,51,0,0,0,CARD,USD,0,TXN_106958,CUS_4842
61.65,83.29,0,0,0,217,0,0,0,UPI,INR,0,TXN_107494,CUS_3654
223.52,144.21,0,0,0,40,0,0,0,CARD,USD,0,TXN_106368,CUS_3404
117.69,163.96,1,4,0,212,0,0,1,CARD,EUR,0,TXN_113260,CUS_2016
119.18,149.66,0,2,0,535,0,0,0,UPI,INR,0,TXN_108488,CUS_9199
116.87,133.54,0,1,0,208,0,0,0,CARD,INR,0,TXN_104190,CUS_3818
193.95,137.44,1,3,0,238,0,0,0,CARD,USD,0,TXN_100845,CUS_6554
84.66,78.58,0,2,0,333,0,0,0,UPI,USD,0,TXN_110501,CUS_6637
495.08,376.82,0,0,0,213,0,0,0,CARD,INR,0,TXN_100412,CUS_7053
56.76,66.97,0,2,0,215,0,0,0,WALLET,EUR,0,TXN_102253,CUS_7717
344.55,178.99,0,2,0,249,0,0,0,NET_BANKING,INR,0,TXN_103152,CUS_3288
185.66,274.33,0,2,0,199,0,0,0,UPI,USD,0,TXN_103262,CUS_4454
253.76,182.93,0,2,1,328,0,1,0,CARD,INR,0,TXN_108554,CUS_7579
452.27,382.19,0,1,0,90,1,0,0,CARD,INR,0,TXN_104756,CUS_6237
141.21,76.43,1,3,1,73,0,0,0,CARD,INR,0,TXN_101658,CUS_3874
133.23,91.58,0,2,0,239,0,0,0,CARD,USD,0,TXN_107123,CUS_8623
32.38,36.98,0,3,0,763,0,0,0,UPI,INR,0,TXN_104696,CUS_3846
77.88,68.54,0,1,0,106,0,0,0,CARD,INR,0,TXN_103283,CUS_4073
206.84,152.5,2,3,0,197,0,1,0,CARD,INR,0,TXN_100034,CUS_7669
158.67,125.03,1,2,0,135,0,0,0,CARD,INR,0,TXN_110193,CUS_8735
117.14,166.33,0,5,0,473,0,0,0,WALLET,EUR,0,TXN_113395,CUS_1216
11.13,37.67,1,3,0,273,0,0,0,CARD,USD,0,TXN_100274,CUS_9295
27.34,83.82,0,1,0,50,0,0,0,UPI,INR,0,TXN_107866,CUS_2327
170.51,134.4,0,3,0,303,0,1,0,CARD,USD,0,TXN_110235,CUS_5703
99.97,102.97,0,4,0,64,0,0,0,NET_BANKING,INR,0,TXN_105058,CUS_8797
89.19,101.47,1,3,0,36,1,1,0,CARD,INR,0,TXN_101544,CUS_2162
120.2,111.77,0,2,0,192,0,0,0,CARD,INR,0,TXN_110026,CUS_7123
200.23,168.03,2,3,0,348,0,0,0,UPI,INR,0,TXN_101016,CUS_3876
98.42,117.76,0,1,0,94,0,0,0,CARD,INR,0,TXN_105563,CUS_7633
104.17,82.3,0,1,0,556,0,0,0,CARD,INR,0,TXN_101654,CUS_3668
392.07,279.38,0,1,0,782,0,1,0,WALLET,INR,0,TXN_104408,CUS_1053
256.82,147.6,0,0,0,139,0,0,0,WALLET,INR,0,TXN_102516,CUS_1995
487.71,597.72,0,1,1,132,0,0,0,CARD,INR,0,TXN_101238,CUS_7054
220.77,152.56,1,1,0,58,0,0,0,WALLET,USD,0,TXN_108827,CUS_5811
59.43,108.63,0,2,0,170,0,0,0,CARD,INR,0,TXN_107431,CUS_1159
11.63,163.09,0,1,0,255,0,0,0,UPI,INR,0,TXN_100074,CUS_2635
121.54,102.73,0,1,0,98,0,1,0,UPI,EUR,0,TXN_102795,CUS_8536
59.34,82.7,0,1,0,61,0,0,0,CARD,INR,0,TXN_113978,CUS_2626
196.69,104.42,0,3,0,185,0,0,0,WALLET,INR,0,TXN_114244,CUS_9654
110.11,122.6,0,2,0,469,0,0,0,UPI,INR,0,TXN_101018,CUS_5490
65.88,62.69,0,2,0,365,0,0,0,CARD,USD,0,TXN_100374,CUS_9989
228.39,246.81,0,4,1,223,0,0,0,UPI,INR,0,TXN_103600,CUS_2564
130.39,80.72,0,1,0,1267,0,0,0,UPI,USD,0,TXN_101698,CUS_1397
560.71,529.38,0,2,0,55,0,1,0,UPI,INR,0,TXN_100866,CUS_3671
40.13,58.77,1,3,0,234,0,0,0,CARD,INR,0,TXN_112231,CUS_1233
77.98,88.24,0,1,0,38,0,0,0,UPI,INR,0,TXN_101271,CUS_4813
112.82,124.6,2,4,0,269,0,0,0,WALLET,USD,0,TXN_104534,CUS_7662
16.34,28.19,0,2,0,264,0,0,0,WALLET,INR,0,TXN_103502,CUS_9123
430.12,256.04,0,1,0,91,0,0,0,CARD,USD,0,TXN_110781,CUS_1185
63.35,82.94,0,1,0,1346,0,0,0,WALLET,USD,0,TXN_109790,CUS_2094
213.46,256.74,0,6,0,237,0,0,0,CARD,USD,0,TXN_105278,CUS_6969
143.25,364.99,0,1,0,43,0,1,0,UPI,INR,0,TXN_101196,CUS_1553
105.97,110.71,0,2,0,74,0,0,0,CARD,USD,0,TXN_106866,CUS_5320
328.4,191.31,1,2,0,234,0,0,0,UPI,INR,0,TXN_100785,CUS_3553
100.84,69.05,0,1,0,926,0,0,0,UPI,INR,0,TXN_100957,CUS_2419
230.12,204.04,0,2,0,349,0,0,0,CARD,INR,0,TXN_101737,CUS_2447
78.94,57.01,0,0,0,235,0,1,0,CARD,USD,0,TXN_101267,CUS_3982
424.63,477.86,1,2,0,125,1,0,0,CARD,INR,0,TXN_105330,CUS_6167
5.0,136.91,0,1,0,236,0,0,0,NET_BANKING,INR,0,TXN_114652,CUS_3843
27.81,48.43,1,5,0,43,0,0,0,CARD,INR,0,TXN_108470,CUS_6021
287.1,264.91,0,3,0,247,0,0,0,CARD,INR,0,TXN_113114,CUS_6981
68.82,52.87,1,3,0,237,0,0,0,UPI,USD,0,TXN_101899,CUS_5008
142.69,79.57,0,3,0,136,0,0,0,CARD,EUR,0,TXN_105972,CUS_9518
208.84,127.79,0,1,0,91,0,1,0,UPI,INR,0,TXN_100104,CUS_1784
76.83,67.66,0,2,1,40,0,0,0,CARD,INR,0,TXN_105991,CUS_1677
59.77,55.64,1,5,0,583,0,0,0,CARD,INR,0,TXN_109795,CUS_6909
55.85,75.78,0,1,0,57,0,1,0,UPI,INR,0,TXN_106209,CUS_3683
38.11,60.32,1,3,0,161,0,0,0,UPI,INR,0,TXN_111289,CUS_9776
200.33,166.55,1,3,0,33,0,0,0,UPI,USD,0,TXN_105168,CUS_5195
5.0,1000.05,0,4,1,43,0,0,0,UPI,INR,0,TXN_114358,CUS_4293
69.05,175.04,0,2,0,44,0,0,0,CARD,USD,0,TXN_110567,CUS_1623
310.7,399.31,0,1,1,107,0,0,0,CARD,EUR,0,TXN_102246,CUS_9065
395.95,425.62,0,2,0,38,0,0,0,CARD,INR,0,TXN_111909,CUS_5621
119.68,124.67,1,1,0,893,0,0,0,UPI,USD,0,TXN_103174,CUS_9347
86.76,99.72,0,3,0,382,1,0,0,CARD,INR,0,TXN_103009,CUS_5760
56.54,54.63,0,0,0,404,0,0,0,UPI,INR,0,TXN_112261,CUS_8358
126.39,108.38,1,3,1,47,0,0,0,CARD,USD,0,TXN_100084,CUS_9412
120.92,67.95,1,5,1,148,0,0,0,UPI,USD,0,TXN_100087,CUS_4325
107.37,57.06,0,2,0,69,0,0,0,CARD,INR,0,TXN_110124,CUS_2788
38.41,50.38,1,5,1,160,0,1,0,UPI,INR,0,TXN_110799,CUS_4559
169.65,123.11,0,1,0,41,0,1,0,CARD,INR,0,TXN_109859,CUS_8545
344.04,376.59,1,1,0,85,1,0,0,UPI,INR,0,TXN_101327,CUS_4037
58.02,87.47,1,4,0,337,1,0,0,CARD,INR,0,TXN_108502,CUS_6420
62.16,52.62,0,1,0,658,0,0,0,UPI,USD,0,TXN_111181,CUS_1241
55.24,142.07,0,3,0,97,0,1,0,WALLET,INR,0,TXN_113295,CUS_8353
35.2,56.09,0,0,0,57,0,0,0,CARD,USD,0,TXN_100420,CUS_7822
549.05,499.75,0,4,0,83,0,0,0,UPI,INR,0,TXN_101479,CUS_7501
104.25,73.05,0,2,0,273,0,0,0,NET_BANKING,INR,0,TXN_108860,CUS_9245
108.83,136.98,0,0,0,676,0,0,0,UPI,INR,0,TXN_107027,CUS_3571
41.58,59.52,0,2,0,413,0,0,0,CARD,USD,0,TXN_114953,CUS_8959
52.91,69.86,1,1,0,310,0,0,0,UPI,INR,0,TXN_108310,CUS_5769
98.15,67.54,1,3,0,558,0,0,0,UPI,INR,0,TXN_114996,CUS_4333
30.81,53.53,0,4,0,451,0,0,1,NET_BANKING,INR,0,TXN_108548,CUS_2222
96.95,101.41,0,5,0,346,0,0,1,UPI,INR,0,TXN_109029,CUS_7410
197.5,305.17,1,4,0,582,0,0,0,CARD,INR,0,TXN_111319,CUS_3104
33.54,38.81,0,2,1,326,1,0,0,UPI,INR,0,TXN_110078,CUS_3685
84.55,104.02,1,4,0,45,0,0,0,NET_BANKING,INR,0,TXN_106244,CUS_8599
132.22,123.34,2,2,0,140,0,0,0,CARD,USD,0,TXN_102421,CUS_3919
253.26,272.62,1,1,0,499,0,0,0,UPI,INR,0,TXN_106569,CUS_7627
63.34,73.13,1,4,0,269,0,0,0,CARD,USD,0,TXN_113578,CUS_3230
125.55,180.34,0,3,0,86,0,0,0,CARD,INR,0,TXN_108022,CUS_1249
7.91,68.78,0,2,0,155,0,0,0,NET_BANKING,INR,0,TXN_108220,CUS_6179
75.55,113.27,2,5,0,579,0,0,0,UPI,INR,0,TXN_114153,CUS_1734
64.17,60.09,0,3,0,216,0,0,0,CARD,INR,0,TXN_113132,CUS_4238
295.54,275.8,0,3,0,152,0,0,0,CARD,EUR,0,TXN_113688,CUS_4697
102.89,134.46,0,2,0,281,0,0,0,CARD,INR,0,TXN_103456,CUS_9086
137.82,132.58,0,1,0,196,0,0,0,UPI,USD,0,TXN_113366,CUS_1099
84.42,61.82,0,2,0,383,0,0,0,WALLET,USD,0,TXN_113481,CUS_4687
351.04,251.06,0,3,0,151,0,0,0,CARD,USD,0,TXN_113013,CUS_5568
375.98,230.25,0,1,0,138,0,0,0,CARD,USD,0,TXN_109398,CUS_6158
59.48,53.54,0,4,0,289,0,0,0,CARD,INR,0,TXN_106369,CUS_8664
52.32,35.13,0,4,0,186,0,0,0,CARD,INR,0,TXN_110104,CUS_3983
110.79,112.97,0,0,1,248,0,0,0,UPI,INR,0,TXN_111818,CUS_8014
159.06,140.42,0,5,0,237,0,1,0,UPI,INR,0,TXN_103889,CUS_2655
185.93,112.72,1,2,0,79,1,0,0,CARD,USD,0,TXN_111503,CUS_4604
14.8,21.91,2,3,0,218,0,0,0,NET_BANKING,INR,0,TXN_100413,CUS_3452
52.95,45.6,0,3,0,238,0,0,0,CARD,INR,0,TXN_100031,CUS_5994
48.39,67.79,0,1,0,347,0,1,0,WALLET,INR,0,TXN_104324,CUS_7085
126.5,135.05,0,0,0,125,0,0,0,CARD,INR,0,TXN_112070,CUS_5426
273.02,188.92,0,0,1,318,0,0,0,UPI,INR,0,TXN_104977,CUS_7662
85.94,62.08,1,6,0,155,0,0,1,NET_BANKING,INR,0,TXN_106535,CUS_4299
202.34,348.22,0,4,0,505,0,0,0,CARD,INR,0,TXN_110599,CUS_6250
166.21,133.6,0,5,0,34,0,0,0,UPI,EUR,0,TXN_109098,CUS_6627
52.68,56.14,2,3,0,309,0,0,0,CARD,USD,0,TXN_102400,CUS_8884
104.91,119.12,0,3,0,65,0,0,0,UPI,USD,0,TXN_107035,CUS_2044
213.08,186.32,1,2,1,40,0,1,0,UPI,USD,0,TXN_100173,CUS_5127
156.34,176.56,1,2,0,661,0,0,0,NET_BANKING,INR,0,TXN_114302,CUS_7056
206.2,144.98,0,3,0,707,0,0,0,CARD,EUR,0,TXN_111337,CUS_4466
40.26,55.38,1,2,0,313,0,0,0,UPI,INR,0,TXN_101970,CUS_2273
25.84,49.26,0,1,0,63,0,0,0,WALLET,USD,0,TXN_101819,CUS_5137
3649.56,409.29,6,16,2,106,0,1,1,CARD,USD,1,TXN_114245,CUS_9238
182.11,171.56,1,2,0,446,0,0,0,CARD,USD,0,TXN_106210,CUS_9842
66.45,70.56,2,5,0,37,0,0,0,UPI,INR,0,TXN_101372,CUS_7496
113.84,139.96,0,3,0,530,0,0,0,UPI,USD,0,TXN_103774,CUS_1011
33.63,47.76,0,3,0,317,1,0,0,CARD,INR,0,TXN_109348,CUS_7190
120.87,163.21,0,1,1,253,0,0,0,CARD,EUR,0,TXN_108342,CUS_7371
333.22,360.17,0,1,0,45,0,0,0,NET_BANKING,INR,0,TXN_103281,CUS_5535
75.02,121.81,0,2,1,104,0,0,0,UPI,EUR,0,TXN_103226,CUS_7026
87.68,70.61,0,5,0,455,0,1,0,CARD,INR,0,TXN_103275,CUS_8836
280.99,251.67,0,0,0,103,0,0,0,CARD,INR,0,TXN_111101,CUS_6803
183.02,119.39,2,5,0,638,0,0,0,UPI,USD,0,TXN_103714,CUS_3143
153.89,106.09,0,5,0,415,0,0,0,UPI,INR,0,TXN_109480,CUS_9961
64.96,89.38,0,2,0,436,0,0,0,CARD,USD,0,TXN_114210,CUS_5046
269.83,293.27,1,3,0,32,1,0,0,CARD,USD,0,TXN_110314,CUS_7121
202.34,253.92,2,4,1,100,0,0,0,CARD,INR,0,TXN_113247,CUS_9948
20.47,163.43,0,4,0,321,0,0,0,CARD,INR,0,TXN_108360,CUS_4403
33.59,40.9,0,1,1,713,0,0,0,CARD,INR,0,TXN_112344,CUS_7116
85.34,122.23,2,6,0,410,0,0,0,UPI,USD,0,TXN_105606,CUS_4256
90.38,72.0,0,2,0,58,0,0,0,NET_BANKING,EUR,0,TXN_113601,CUS_9870
106.02,189.21,0,0,0,548,0,0,0,CARD,USD,0,TXN_111443,CUS_6949
47.65,61.35,0,2,0,172,0,0,0,CARD,USD,0,TXN_109350,CUS_2630
42.24,37.22,2,4,0,138,0,0,0,CARD,INR,0,TXN_111615,CUS_5385
61.07,232.32,0,1,0,1136,0,0,0,CARD,INR,0,TXN_100221,CUS_3970
87.24,123.05,1,3,1,81,0,0,0,UPI,INR,0,TXN_107219,CUS_6151
65.47,52.96,0,7,0,377,0,0,0,CARD,USD,0,TXN_113793,CUS_5978
130.96,151.13,0,2,0,98,0,0,0,CARD,INR,0,TXN_105625,CUS_8939
43.49,30.13,0,2,0,132,0,0,0,WALLET,INR,0,TXN_111281,CUS_4337
789.51,156.52,1,10,2,5,1,1,2,CARD,EUR,1,TXN_101663,CUS_6510
15.72,30.91,0,2,0,82,0,1,0,WALLET,USD,0,TXN_101856,CUS_6164
75.26,93.35,2,3,1,116,0,0,0,CARD,USD,0,TXN_112712,CUS_4506
56.55,52.66,0,3,0,42,0,0,0,CARD,INR,0,TXN_103497,CUS_8142
362.84,261.62,0,3,1,542,0,0,0,NET_BANKING,EUR,0,TXN_103730,CUS_1845
322.18,243.69,1,2,0,171,0,0,0,UPI,USD,0,TXN_112533,CUS_4276
136.3,155.43,0,1,0,111,1,1,0,UPI,INR,0,TXN_104527,CUS_3808
42.37,36.74,1,3,0,72,0,0,0,CARD,USD,0,TXN_110052,CUS_5135
136.49,121.83,1,4,0,246,0,0,0,CARD,INR,0,TXN_112291,CUS_3606
69.81,45.1,0,1,0,781,0,0,0,UPI,INR,0,TXN_109548,CUS_8025
143.84,98.53,0,1,0,31,0,0,0,UPI,INR,0,TXN_100574,CUS_1185
8.76,42.53,1,4,0,137,0,0,0,CARD,USD,0,TXN_103629,CUS_8992
71.69,61.5,1,3,0,79,0,0,0,CARD,INR,0,TXN_109866,CUS_1753
237.54,232.72,0,4,0,201,0,0,0,UPI,USD,0,TXN_108322,CUS_8562
123.66,117.74,0,2,0,105,0,0,0,CARD,USD,0,TXN_107681,CUS_2091
116.83,122.67,0,1,0,47,0,0,0,WALLET,USD,0,TXN_109352,CUS_8918
74.91,63.08,0,5,0,83,0,0,0,WALLET,USD,0,TXN_104143,CUS_2443
575.29,75.75,7,9,0,44,1,1,0,CARD,INR,1,TXN_101089,CUS_1063
145.39,145.02,0,0,0,378,0,0,0,CARD,EUR,0,TXN_101193,CUS_5089
148.11,137.04,0,2,0,123,0,0,0,CARD,INR,0,TXN_102065,CUS_7404
83.37,73.77,0,5,0,344,0,0,0,UPI,USD,0,TXN_106166,CUS_9654
238.8,188.03,0,3,0,476,0,0,0,CARD,INR,0,TXN_110329,CUS_4972
89.39,105.49,1,1,1,641,0,1,0,UPI,INR,0,TXN_104529,CUS_2405
611.54,462.76,0,3,0,561,1,0,0,UPI,INR,0,TXN_111920,CUS_3266
114.43,68.12,0,0,1,39,0,0,0,CARD,USD,0,TXN_101086,CUS_1444
348.94,184.88,0,1,0,86,0,0,0,UPI,INR,0,TXN_113924,CUS_6692
52.65,50.97,0,1,0,77,0,0,0,CARD,USD,0,TXN_109709,CUS_6709
327.66,334.25,1,2,0,298,0,0,0,UPI,USD,0,TXN_111422,CUS_3941
42.46,46.36,1,8,0,179,1,0,0,CARD,INR,0,TXN_114917,CUS_1340
69.52,42.16,0,5,0,628,0,0,0,UPI,USD,0,TXN_110181,CUS_2541
56.32,53.42,0,1,1,171,0,0,0,UPI,USD,0,TXN_104022,CUS_2685
239.62,181.17,0,2,0,127,1,0,0,CARD,EUR,0,TXN_114999,CUS_3187
77.57,65.43,0,3,0,78,0,0,0,WALLET,USD,0,TXN_100181,CUS_5259
379.61,268.28,0,2,0,405,0,0,0,UPI,INR,0,TXN_111321,CUS_3973
377.35,325.99,0,4,0,60,0,1,0,UPI,INR,0,TXN_106919,CUS_6799
135.99,115.99,1,4,0,595,0,0,0,CARD,INR,0,TXN_108664,CUS_4588
77.21,86.1,0,2,1,1135,0,0,0,UPI,USD,0,TXN_113976,CUS_8402
67.39,67.28,0,3,0,103,0,0,0,UPI,USD,0,TXN_102230,CUS_8013
408.89,456.42,1,4,0,358,1,0,0,NET_BANKING,INR,0,TXN_103003,CUS_6407
71.38,71.76,1,2,0,363,0,0,0,UPI,USD,0,TXN_110994,CUS_9313
100.02,108.02,0,1,0,134,0,0,0,CARD,USD,0,TXN_109721,CUS_8165
112.37,69.65,0,3,0,40,0,0,0,UPI,INR,0,TXN_113211,CUS_1861
121.0,130.8,0,3,0,65,0,0,0,CARD,INR,0,TXN_113543,CUS_2414
72.51,57.01,1,2,0,124,0,0,0,CARD,INR,0,TXN_114077,CUS_2771
62.35,55.73,0,2,0,67,0,0,0,UPI,INR,0,TXN_103012,CUS_7454
61.7,65.68,0,2,0,39,0,0,0,UPI,USD,0,TXN_103728,CUS_3451
642.96,75.93,3,13,2,46,1,1,2,WALLET,USD,1,TXN_113145,CUS_4757
80.14,61.37,0,1,0,728,0,0,0,UPI,INR,0,TXN_100425,CUS_1174
72.34,146.76,0,3,0,116,0,0,0,WALLET,EUR,0,TXN_108895,CUS_8637
138.56,115.1,1,4,1,394,0,0,0,CARD,INR,0,TXN_105500,CUS_8520
85.1,92.21,0,3,0,75,0,0,0,CARD,USD,0,TXN_108134,CUS_4515
81.11,103.37,1,2,0,36,0,0,0,WALLET,INR,0,TXN_113305,CUS_2742
80.35,87.36,1,4,0,113,1,0,0,CARD,EUR,0,TXN_112066,CUS_6102
36.7,40.77,0,4,0,511,0,0,0,WALLET,INR,0,TXN_108511,CUS_3603
47.78,51.17,2,3,0,337,0,0,0,UPI,INR,0,TXN_102728,CUS_6014
114.0,89.09,1,6,1,80,0,1,0,WALLET,INR,0,TXN_104644,CUS_3984
242.31,174.56,1,3,0,52,0,0,0,NET_BANKING,INR,0,TXN_113705,CUS_4004
225.72,296.56,1,1,0,185,0,0,0,CARD,USD,0,TXN_107486,CUS_6091
97.78,75.23,0,1,1,75,0,0,0,CARD,USD,0,TXN_112394,CUS_6206
38.28,79.35,0,2,0,137,0,0,0,WALLET,USD,0,TXN_108099,CUS_7654
41.09,47.1,0,1,0,205,0,0,0,CARD,INR,0,TXN_109142,CUS_5296
348.55,238.33,0,2,0,490,0,0,0,CARD,USD,0,TXN_100902,CUS_7783
90.57,109.36,0,1,0,62,1,0,0,CARD,INR,0,TXN_108600,CUS_4540
125.03,169.65,0,5,1,52,0,0,0,CARD,USD,0,TXN_111014,CUS_9972
33.34,29.2,2,6,0,44,0,0,0,UPI,INR,0,TXN_112260,CUS_7019
67.03,52.4,1,5,0,196,0,1,0,CARD,USD,0,TXN_113612,CUS_9337
417.06,238.01,0,0,0,92,0,0,0,CARD,USD,0,TXN_106996,CUS_3087
28.11,90.27,0,1,0,271,0,0,0,UPI,INR,0,TXN_106012,CUS_5968
13.41,41.91,0,2,0,391,0,0,0,CARD,INR,0,TXN_104796,CUS_5016
275.72,145.23,0,1,1,79,0,0,0,CARD,INR,0,TXN_109647,CUS_5679
64.04,55.16,1,3,1,205,0,1,0,CARD,USD,0,TXN_101504,CUS_2532
2261.73,169.65,7,7,1,164,1,1,1,UPI,USD,1,TXN_109184,CUS_7379
21.25,67.05,0,2,0,1420,0,0,0,CARD,INR,0,TXN_107165,CUS_2656
96.71,58.1,0,3,0,184,1,0,0,CARD,INR,0,TXN_111039,CUS_3581
603.81,109.0,3,8,1,19,1,1,1,CARD,USD,1,TXN_100265,CUS_8269
21.16,31.79,1,4,0,59,0,0,0,WALLET,INR,0,TXN_106132,CUS_6730
45.98,31.98,1,3,0,265,0,0,0,CARD,EUR,0,TXN_103596,CUS_5339
33.4,26.57,0,2,0,301,0,0,0,WALLET,INR,0,TXN_110220,CUS_1739
57.37,55.53,0,1,2,587,0,0,0,CARD,INR,0,TXN_101367,CUS_3564
109.58,96.86,0,0,0,456,0,0,0,UPI,INR,0,TXN_113107,CUS_1752
891.84,620.02,0,5,0,219,0,0,0,UPI,INR,0,TXN_101322,CUS_8009
154.46,124.09,0,5,1,81,0,0,0,UPI,INR,0,TXN_109012,CUS_6822
41.29,47.25,0,2,0,156,0,0,0,UPI,INR,0,TXN_109270,CUS_2116
465.8,53.1,5,11,1,66,1,0,0,CARD,EUR,1,TXN_111198,CUS_9425
162.08,105.17,0,2,0,130,0,1,0,CARD,INR,0,TXN_113609,CUS_5750
33.93,43.52,0,2,0,56,0,0,0,UPI,INR,0,TXN_112478,CUS_7511
282.27,205.1,0,2,0,59,0,0,0,CARD,INR,0,TXN_113994,CUS_9003
148.26,159.15,1,7,1,524,0,0,0,CARD,INR,0,TXN_100092,CUS_1012
49.78,31.38,0,3,1,365,0,0,0,CARD,INR,0,TXN_111630,CUS_7599
274.85,198.97,1,2,0,304,0,0,0,CARD,INR,0,TXN_106366,CUS_1598
83.14,73.89,0,2,0,232,0,0,0,CARD,USD,0,TXN_109632,CUS_6088
251.8,181.03,1,1,0,375,0,0,0,CARD,INR,0,TXN_100895,CUS_7172
61.02,162.58,1,5,1,90,0,0,0,UPI,INR,0,TXN_103947,CUS_7895
173.1,180.94,1,6,0,229,0,0,0,WALLET,EUR,0,TXN_104055,CUS_6529
46.36,65.31,0,2,0,1223,0,0,0,CARD,EUR,0,TXN_109213,CUS_4625
268.94,188.3,0,1,0,287,0,0,0,UPI,USD,0,TXN_111590,CUS_4122
291.93,288.1,1,1,0,508,0,0,0,UPI,USD,0,TXN_109191,CUS_3496
19.28,135.47,0,2,0,400,0,0,0,CARD,USD,0,TXN_105231,CUS_7597
298.95,190.29,1,1,0,32,0,0,0,CARD,USD,0,TXN_113240,CUS_9962
19.08,30.97,1,3,0,262,0,0,0,CARD,USD,0,TXN_113374,CUS_5619
68.53,59.37,0,1,0,214,0,0,0,WALLET,INR,0,TXN_104596,CUS_9329
186.34,221.78,1,1,0,162,0,0,0,UPI,INR,0,TXN_104711,CUS_2275
692.4,51.96,8,13,7,26,1,1,1,CARD,USD,1,TXN_113284,CUS_9688
25.3,44.55,0,2,0,55,0,0,0,NET_BANKING,EUR,0,TXN_111036,CUS_4237
76.72,76.03,0,2,0,39,0,0,0,CARD,INR,0,TXN_102991,CUS_6638
76.27,51.2,0,1,0,798,0,0,0,UPI,USD,0,TXN_110697,CUS_2404
95.22,121.7,0,1,0,477,0,0,0,UPI,EUR,0,TXN_113630,CUS_6872
38.53,51.5,1,2,0,409,0,0,0,UPI,USD,0,TXN_112672,CUS_3406
63.52,65.96,1,3,0,127,0,0,0,CARD,USD,0,TXN_103303,CUS_6156
56.23,37.2,0,1,0,30,0,0,0,UPI,INR,0,TXN_100569,CUS_9415
26.97,32.97,0,4,1,861,0,0,0,UPI,INR,0,TXN_111683,CUS_1871
58.48,66.29,1,5,0,179,0,1,0,CARD,USD,0,TXN_107185,CUS_2609
102.25,92.6,2,2,0,38,1,0,0,UPI,INR,0,TXN_102951,CUS_4771
5.0,115.11,0,1,0,181,0,0,0,CARD,INR,0,TXN_111798,CUS_5953
64.42,56.41,0,2,0,704,0,0,0,CARD,INR,0,TXN_110426,CUS_4966
34.93,57.34,0,4,0,77,0,0,0,CARD,INR,0,TXN_106837,CUS_7205
58.77,49.05,0,1,0,643,0,0,0,WALLET,INR,0,TXN_100338,CUS_9711
64.17,53.41,0,1,0,455,0,1,1,UPI,INR,0,TXN_110427,CUS_8029
54.29,56.62,1,5,0,52,0,0,0,CARD,USD,0,TXN_113936,CUS_5323
59.61,51.71,1,4,1,410,0,0,0,NET_BANKING,INR,0,TXN_111052,CUS_3120
85.02,79.46,0,2,0,1493,0,1,0,WALLET,INR,0,TXN_106415,CUS_2490
34.58,43.89,0,5,0,269,0,0,0,CARD,INR,0,TXN_109144,CUS_1739
361.64,241.9,0,2,0,933,0,0,0,CARD,INR,0,TXN_111815,CUS_4690
81.82,130.18,0,0,0,251,1,0,0,CARD,INR,0,TXN_100438,CUS_5484
215.81,179.73,0,1,1,1023,0,0,0,UPI,USD,0,TXN_100138,CUS_3156
188.61,206.61,0,1,0,167,1,0,0,CARD,INR,0,TXN_101938,CUS_3600
79.95,58.48,1,4,0,191,0,0,0,CARD,USD,0,TXN_111019,CUS_5657
27.08,40.93,1,3,0,89,0,0,0,CARD,USD,0,TXN_107151,CUS_3812
89.24,87.1,1,4,0,687,0,0,0,CARD,USD,0,TXN_100193,CUS_1221
164.5,203.2,1,4,1,602,0,0,0,CARD,INR,0,TXN_109443,CUS_8626
93.13,105.61,1,1,0,73,0,0,0,CARD,INR,0,TXN_104910,CUS_8063
100.79,114.23,1,1,0,630,0,0,0,UPI,USD,0,TXN_113800,CUS_4366
137.42,81.39,2,3,0,272,0,0,0,CARD,INR,0,TXN_105304,CUS_8638
64.02,65.49,1,1,0,91,0,0,0,CARD,INR,0,TXN_101679,CUS_4348
168.67,147.74,1,3,0,63,0,0,0,CARD,INR,0,TXN_101094,CUS_6583
144.71,175.04,0,1,0,717,0,0,0,UPI,INR,0,TXN_108764,CUS_5946
65.09,46.63,0,2,0,50,0,0,0,CARD,USD,0,TXN_104178,CUS_4503
289.84,281.27,0,1,0,35,1,0,0,CARD,INR,0,TXN_109114,CUS_3637
133.97,80.74,0,1,0,1225,0,0,0,CARD,INR,0,TXN_100519,CUS_4874
55.92,44.79,0,3,0,213,0,0,0,UPI,INR,0,TXN_108021,CUS_6590
121.48,205.2,0,1,0,43,0,0,0,UPI,INR,0,TXN_100539,CUS_2643
13.6,51.47,1,4,0,83,0,1,0,UPI,INR,0,TXN_100371,CUS_3992
36.66,63.16,0,2,0,175,0,0,0,CARD,INR,0,TXN_103192,CUS_7341
53.52,75.13,0,1,0,142,0,0,0,CARD,INR,0,TXN_105942,CUS_1398
35.24,41.7,0,4,0,31,0,0,0,CARD,INR,0,TXN_107890,CUS_8266
134.06,99.23,0,0,0,268,0,1,0,CARD,INR,0,TXN_106965,CUS_9205
20.43,50.87,1,2,0,132,0,0,0,UPI,USD,0,TXN_110944,CUS_9580
108.89,84.45,0,0,0,377,0,1,0,CARD,INR,0,TXN_102645,CUS_3166
66.98,101.72,0,1,0,350,0,0,0,CARD,INR,0,TXN_105586,CUS_3064
52.16,33.61,1,2,0,231,0,0,0,CARD,INR,0,TXN_113805,CUS_8212
193.48,191.45,0,1,0,246,0,1,0,UPI,INR,0,TXN_104367,CUS_3338
52.86,56.08,0,0,1,78,0,0,0,NET_BANKING,USD,0,TXN_102170,CUS_3039
94.3,136.93,1,2,1,173,0,0,0,UPI,USD,0,TXN_113319,CUS_4612
305.62,194.66,0,1,0,532,0,0,0,CARD,INR,0,TXN_102413,CUS_2056
89.51,124.22,0,1,0,223,0,0,0,NET_BANKING,USD,0,TXN_112057,CUS_1542
88.32,156.95,1,4,0,139,0,1,0,CARD,INR,0,TXN_114668,CUS_8843
378.98,384.87,1,4,0,139,0,0,0,CARD,INR,0,TXN_102826,CUS_2137
137.03,178.83,0,4,0,82,0,0,0,UPI,INR,0,TXN_105918,CUS_7751
125.88,127.33,2,5,0,108,0,0,0,CARD,INR,0,TXN_112746,CUS_3101
34.2,36.03,0,1,0,266,0,0,0,CARD,INR,0,TXN_101195,CUS_8351
352.6,446.16,0,1,0,606,0,0,0,UPI,EUR,0,TXN_102802,CUS_5007
46.52,60.68,0,0,2,306,0,0,0,CARD,INR,0,TXN_113163,CUS_5047
20.06,28.15,0,0,0,251,0,0,0,CARD,INR,0,TXN_114058,CUS_7479
53.05,55.9,0,4,0,56,0,0,0,WALLET,INR,0,TXN_103403,CUS_6129
151.64,196.25,0,1,0,148,1,1,0,CARD,INR,0,TXN_104119,CUS_2272
283.1,342.92,0,2,1,419,0,0,0,CARD,USD,0,TXN_104675,CUS_6234
52.97,53.58,1,3,0,146,0,0,0,UPI,INR,0,TXN_109851,CUS_2048
308.0,199.3,1,2,0,71,1,0,0,UPI,USD,0,TXN_112593,CUS_9384
31.66,25.72,0,0,0,204,0,0,0,UPI,EUR,0,TXN_103190,CUS_7176
193.86,120.0,0,6,0,106,0,0,0,CARD,EUR,0,TXN_110696,CUS_7954
51.45,74.7,0,1,0,356,0,0,0,CARD,EUR,0,TXN_110372,CUS_9633
111.84,94.95,0,1,0,71,0,0,0,CARD,USD,0,TXN_114925,CUS_8884
159.77,201.42,0,2,1,679,0,0,0,CARD,EUR,0,TXN_100439,CUS_3757
282.21,158.56,0,4,0,257,0,0,0,WALLET,USD,0,TXN_110910,CUS_3897
81.67,78.28,0,2,0,150,0,0,0,CARD,INR,0,TXN_104612,CUS_2765
51.26,67.09,0,2,0,53,0,0,0,CARD,USD,0,TXN_111522,CUS_7730
32.9,51.46,0,4,0,257,0,1,1,UPI,INR,0,TXN_110886,CUS_5647
96.34,73.11,0,5,0,114,0,0,0,CARD,USD,0,TXN_111915,CUS_1766
31.35,68.62,1,4,0,500,0,1,0,CARD,USD,0,TXN_107382,CUS_6655
5.0,36.97,0,3,0,583,0,0,0,CARD,INR,0,TXN_112556,CUS_1803
80.61,80.76,1,4,0,35,0,1,0,CARD,INR,0,TXN_112371,CUS_1692
117.99,117.55,0,3,0,446,0,0,0,CARD,EUR,0,TXN_113559,CUS_1042
32.0,40.71,0,2,0,810,1,1,0,CARD,INR,0,TXN_114337,CUS_2517
36.6,32.26,1,3,1,270,0,0,0,CARD,USD,0,TXN_112935,CUS_2890
151.47,160.07,0,2,0,118,0,0,0,CARD,INR,0,TXN_114266,CUS_3855
40.48,54.17,1,3,0,520,0,0,0,UPI,USD,0,TXN_106821,CUS_8779
66.8,155.43,1,6,0,237,0,1,0,CARD,INR,0,TXN_110934,CUS_7493
543.23,51.39,7,9,1,16,1,0,1,UPI,USD,1,TXN_114589,CUS_1786
97.85,76.8,0,3,0,299,0,0,0,UPI,INR,0,TXN_114574,CUS_3903
54.18,59.0,0,1,0,125,0,0,0,CARD,USD,0,TXN_112406,CUS_6855
87.39,73.32,0,3,0,391,0,0,0,CARD,USD,0,TXN_110346,CUS_1350
35.47,68.93,1,3,0,72,0,1,0,CARD,INR,0,TXN_100554,CUS_5370
133.27,167.18,1,3,0,332,0,0,0,UPI,USD,0,TXN_106534,CUS_4197
147.5,178.62,0,3,0,547,0,0,0,WALLET,EUR,0,TXN_113115,CUS_4671
67.71,91.38,0,0,0,231,0,0,0,CARD,USD,0,TXN_106674,CUS_5426
47.93,120.62,0,3,0,227,0,0,0,CARD,USD,0,TXN_114763,CUS_9967
75.14,75.64,0,2,1,220,0,0,0,CARD,USD,0,TXN_113490,CUS_9351
81.8,69.84,0,0,0,556,0,0,0,CARD,INR,0,TXN_103906,CUS_9064
32.08,39.24,1,5,0,772,0,0,0,CARD,USD,0,TXN_111792,CUS_6456
27.49,42.31,0,2,0,705,0,0,0,CARD,INR,0,TXN_110347,CUS_5127
50.15,48.04,0,2,0,140,0,0,0,UPI,INR,0,TXN_111006,CUS_7759
86.3,115.2,0,1,0,140,0,0,0,WALLET,INR,0,TXN_113656,CUS_6316
91.51,134.88,0,2,0,86,0,0,0,CARD,INR,0,TXN_114294,CUS_9599
146.75,131.71,0,2,0,274,0,0,0,WALLET,USD,0,TXN_105536,CUS_8492
43.42,55.64,0,2,0,326,0,0,0,NET_BANKING,USD,0,TXN_103605,CUS_4840
116.73,88.94,0,1,0,98,0,0,0,CARD,USD,0,TXN_109694,CUS_6985
59.74,38.57,0,1,0,328,0,0,0,CARD,INR,0,TXN_100286,CUS_1246
555.49,59.51,4,8,4,10,1,0,2,CARD,USD,1,TXN_100614,CUS_3144
23.85,57.47,1,2,0,403,0,0,1,CARD,INR,0,TXN_107083,CUS_3045
71.13,78.31,0,0,0,142,0,0,0,UPI,EUR,0,TXN_106659,CUS_3553
193.54,163.74,1,4,0,120,0,0,0,CARD,INR,0,TXN_103700,CUS_8514
277.97,229.44,2,2,0,587,0,0,0,UPI,USD,0,TXN_108379,CUS_3370
228.85,217.36,0,1,0,109,0,0,0,UPI,INR,0,TXN_103027,CUS_8899
38.12,38.36,1,1,0,81,0,0,0,UPI,INR,0,TXN_103693,CUS_4170
23.38,29.18,1,3,1,292,0,1,0,NET_BANKING,USD,0,TXN_114359,CUS_9227
24.14,56.0,0,2,0,65,1,0,0,CARD,EUR,0,TXN_111592,CUS_3442
97.55,130.77,0,5,0,99,0,0,0,CARD,INR,0,TXN_108227,CUS_2861
456.72,137.71,5,12,1,120,0,1,1,NET_BANKING,USD,1,TXN_112063,CUS_4841
108.46,117.31,0,2,1,130,0,0,0,CARD,USD,0,TXN_109015,CUS_5690
62.4,122.73,0,2,0,125,0,0,0,WALLET,INR,0,TXN_104369,CUS_3084
252.1,261.46,0,3,0,52,0,0,0,WALLET,INR,0,TXN_104037,CUS_3786
24.34,32.97,0,2,0,116,0,0,0,UPI,EUR,0,TXN_104676,CUS_7077
102.38,128.59,0,2,0,225,0,0,0,CARD,USD,0,TXN_106968,CUS_7574
162.35,168.46,1,4,0,332,0,0,0,CARD,INR,0,TXN_100164,CUS_5678
30.77,34.63,0,2,0,221,0,0,0,CARD,INR,0,TXN_108060,CUS_2627
406.75,338.04,0,3,0,95,0,0,0,CARD,INR,0,TXN_112444,CUS_4477
171.49,259.68,0,1,0,144,0,0,0,CARD,INR,0,TXN_105941,CUS_4818
66.61,103.73,0,2,0,504,0,0,0,CARD,USD,0,TXN_112032,CUS_5412
27.69,27.92,0,0,0,64,0,0,0,UPI,EUR,0,TXN_105577,CUS_5430
375.9,495.68,2,6,0,277,0,0,0,CARD,INR,0,TXN_114801,CUS_8427
25.78,21.52,0,3,0,282,0,0,0,UPI,INR,0,TXN_112911,CUS_6146
34.12,25.01,1,1,0,350,0,0,0,WALLET,USD,0,TXN_112612,CUS_6218
40.26,68.22,0,0,1,53,1,0,0,WALLET,INR,0,TXN_100582,CUS_8400
20.75,41.65,0,1,1,520,0,0,0,UPI,INR,0,TXN_103782,CUS_9911
80.55,72.45,1,1,0,591,0,0,0,UPI,INR,0,TXN_104226,CUS_4196
44.23,38.8,1,3,0,464,0,1,0,WALLET,INR,0,TXN_114606,CUS_4081
115.29,123.58,1,4,0,156,0,0,0,CARD,INR,0,TXN_113678,CUS_5604
246.92,164.0,0,2,0,638,0,0,0,CARD,EUR,0,TXN_113589,CUS_5411
179.13,116.06,1,1,0,564,0,0,0,UPI,USD,0,TXN_100799,CUS_9017
78.62,66.33,0,2,0,556,0,1,0,CARD,INR,0,TXN_105783,CUS_2531
47.47,52.96,1,2,0,904,0,0,0,UPI,INR,0,TXN_109757,CUS_6848
336.76,66.83,5,11,1,116,0,1,0,CARD,USD,1,TXN_112224,CUS_2974
426.82,636.61,0,1,0,235,0,1,0,CARD,INR,0,TXN_106506,CUS_7965
122.61,98.01,1,5,0,60,0,0,0,UPI,INR,0,TXN_107593,CUS_2034
80.25,58.52,0,1,0,692,0,0,0,UPI,INR,0,TXN_107644,CUS_8855
23.42,19.47,0,2,1,212,0,0,0,NET_BANKING,USD,0,TXN_113292,CUS_9561
102.21,106.34,0,1,0,106,0,0,0,CARD,INR,0,TXN_100481,CUS_3049
66.61,84.4,0,1,0,324,0,0,0,NET_BANKING,INR,0,TXN_113859,CUS_5612
58.33,79.28,0,4,0,223,0,0,0,CARD,USD,0,TXN_103131,CUS_3110
99.93,78.04,0,2,0,281,0,0,0,CARD,USD,0,TXN_112084,CUS_7864
142.42,93.11,0,2,0,432,0,0,0,CARD,USD,0,TXN_105333,CUS_6335
84.2,73.27,1,3,0,402,0,1,0,CARD,INR,0,TXN_103349,CUS_1102
114.05,123.68,1,5,0,52,0,0,0,CARD,INR,0,TXN_111912,CUS_7608
67.53,46.62,1,4,1,266,0,0,0,CARD,INR,0,TXN_110968,CUS_3380
251.48,251.25,1,5,0,582,0,0,0,CARD,INR,0,TXN_107829,CUS_1228
156.33,150.04,0,3,0,83,0,0,0,CARD,INR,0,TXN_114371,CUS_4003
214.01,252.41,0,4,0,62,0,0,0,CARD,EUR,0,TXN_102766,CUS_4034
23.12,43.58,0,0,0,40,0,0,0,NET_BANKING,INR,0,TXN_103243,CUS_9774
57.0,86.59,1,2,1,169,0,0,0,WALLET,INR,0,TXN_105645,CUS_7958
47.83,38.63,0,4,0,76,0,0,0,CARD,USD,0,TXN_105299,CUS_5856
55.98,63.0,0,3,0,177,0,0,0,WALLET,INR,0,TXN_113913,CUS_5199
28.08,57.61,0,1,0,50,0,0,0,CARD,INR,0,TXN_109710,CUS_8604
227.89,236.67,1,5,0,125,0,0,0,UPI,INR,0,TXN_112805,CUS_7458
49.52,91.64,0,1,0,497,0,0,0,CARD,INR,0,TXN_111340,CUS_1394
339.37,293.06,0,1,0,157,0,0,0,UPI,INR,0,TXN_106526,CUS_1849
102.56,99.18,0,2,0,61,0,0,0,CARD,EUR,0,TXN_102250,CUS_1860
78.12,159.25,0,2,0,73,0,0,0,CARD,USD,0,TXN_108041,CUS_6144
170.93,123.8,1,1,0,233,0,1,0,WALLET,USD,0,TXN_114064,CUS_3771
91.14,90.07,1,6,0,365,0,0,0,CARD,USD,0,TXN_107064,CUS_5591
932.97,902.2,2,4,0,146,0,0,0,CARD,INR,0,TXN_102228,CUS_1750
106.89,87.97,0,1,0,462,0,0,0,CARD,USD,0,TXN_106855,CUS_7729
49.1,50.88,0,3,0,32,0,0,0,WALLET,INR,0,TXN_102090,CUS_7985
380.91,323.5,0,1,0,781,0,0,0,WALLET,USD,0,TXN_100399,CUS_7466
128.96,108.07,3,3,0,393,1,0,0,CARD,USD,0,TXN_113339,CUS_7574
152.77,202.87,0,2,0,227,1,0,0,UPI,INR,0,TXN_108628,CUS_3876
182.02,256.85,0,0,0,80,0,0,0,CARD,INR,0,TXN_100071,CUS_7096
68.79,54.37,1,3,0,127,0,1,0,CARD,INR,0,TXN_107047,CUS_7458
67.39,114.87,0,2,0,64,0,0,0,CARD,INR,0,TXN_112369,CUS_3100
118.52,170.62,1,1,0,540,0,0,0,CARD,USD,0,TXN_110502,CUS_8681
51.28,51.25,0,1,0,555,0,0,0,UPI,INR,0,TXN_109931,CUS_2891
37.48,57.71,0,1,1,268,1,0,0,CARD,USD,0,TXN_107372,CUS_1821
63.06,79.5,0,3,0,99,0,0,0,CARD,USD,0,TXN_104457,CUS_6472
122.81,124.52,0,3,0,527,0,0,0,UPI,INR,0,TXN_108662,CUS_6817
34.24,34.17,1,4,0,390,0,0,0,WALLET,USD,0,TXN_105655,CUS_2269
64.02,57.35,0,2,0,255,0,0,0,CARD,INR,0,TXN_102085,CUS_4739
137.82,107.44,0,2,0,373,1,0,0,CARD,INR,0,TXN_113757,CUS_8257
14.04,33.32,2,3,0,350,0,0,0,CARD,INR,0,TXN_104516,CUS_6404
24.28,23.85,0,3,1,203,0,0,0,CARD,INR,0,TXN_114596,CUS_7941
180.75,127.29,0,2,0,443,0,0,0,UPI,INR,0,TXN_105376,CUS_1486
32.46,70.49,0,3,0,161,0,0,0,WALLET,EUR,0,TXN_111842,CUS_5842
66.1,50.54,0,1,1,132,0,0,0,CARD,INR,0,TXN_111282,CUS_2118
76.64,79.65,0,1,0,347,1,0,0,CARD,INR,0,TXN_113484,CUS_5229
35.46,60.48,1,2,0,498,0,0,0,CARD,USD,0,TXN_111326,CUS_4034
48.57,47.83,0,2,0,462,1,0,0,NET_BANKING,USD,0,TXN_101653,CUS_6858
53.15,56.74,0,3,2,374,0,0,0,UPI,INR,0,TXN_112678,CUS_7482
33.74,37.92,0,2,0,308,0,0,0,UPI,EUR,0,TXN_106795,CUS_8346
29.46,49.91,0,2,0,448,1,0,0,UPI,USD,0,TXN_109676,CUS_2070
59.16,56.72,1,2,1,265,0,0,0,UPI,INR,0,TXN_100430,CUS_4080
277.79,378.7,0,3,0,200,0,0,0,WALLET,INR,0,TXN_105905,CUS_4932
315.59,377.46,0,1,0,208,0,0,0,NET_BANKING,INR,0,TXN_100751,CUS_6139
61.83,114.94,0,5,0,513,0,0,0,NET_BANKING,USD,0,TXN_101530,CUS_7881
67.2,91.12,0,3,0,229,0,0,0,UPI,EUR,0,TXN_109370,CUS_9092
449.88,354.66,1,5,0,37,0,1,0,CARD,INR,0,TXN_102614,CUS_3487
32.9,39.3,1,3,0,547,1,0,0,WALLET,INR,0,TXN_105497,CUS_9111
353.52,318.73,1,2,0,500,0,0,0,UPI,INR,0,TXN_104075,CUS_3971
155.52,162.86,0,5,0,646,0,0,0,CARD,INR,0,TXN_108328,CUS_6102
332.1,281.15,0,2,0,119,0,0,0,UPI,INR,0,TXN_107698,CUS_7608
65.59,83.02,1,1,0,515,0,0,0,UPI,INR,0,TXN_112148,CUS_1693
237.75,175.73,0,2,0,77,0,0,0,CARD,INR,0,TXN_106908,CUS_4739
91.15,120.67,0,2,0,325,0,0,0,CARD,INR,0,TXN_100137,CUS_7791
44.65,44.53,0,3,0,325,0,0,0,CARD,EUR,0,TXN_114111,CUS_9457
198.93,252.31,0,0,0,148,0,0,0,WALLET,INR,0,TXN_109997,CUS_6695
90.02,69.47,0,2,0,146,0,0,0,CARD,INR,0,TXN_103320,CUS_1648
178.31,180.61,1,3,0,75,0,0,0,UPI,USD,0,TXN_108251,CUS_3746
205.99,177.03,0,3,0,197,0,0,0,UPI,INR,0,TXN_102432,CUS_6238
390.66,374.23,1,3,0,168,0,0,0,UPI,INR,0,TXN_103607,CUS_2525
341.13,233.47,0,0,1,575,0,0,0,WALLET,INR,0,TXN_105320,CUS_5384
148.71,131.69,0,5,0,59,0,0,0,UPI,USD,0,TXN_108877,CUS_5994
98.61,50.74,0,5,0,467,0,0,0,UPI,INR,0,TXN_104762,CUS_2391
151.04,147.8,0,3,0,217,0,0,0,UPI,INR,0,TXN_104741,CUS_9232
188.47,278.45,0,0,0,1035,0,0,0,NET_BANKING,INR,0,TXN_108653,CUS_7834
29.43,38.76,1,3,0,382,0,0,0,WALLET,INR,0,TXN_113540,CUS_5820
52.92,38.36,0,2,0,496,1,0,0,CARD,INR,0,TXN_102079,CUS_2710
159.57,273.59,0,3,0,200,1,0,0,UPI,INR,0,TXN_105627,CUS_2017
136.8,120.97,0,0,2,107,0,0,0,CARD,USD,0,TXN_107993,CUS_6881
116.38,76.82,0,3,0,125,0,0,0,UPI,INR,0,TXN_114138,CUS_3140
49.29,43.86,0,4,0,80,0,0,0,CARD,INR,0,TXN_109811,CUS_3739
101.65,64.05,1,2,0,159,0,0,0,NET_BANKING,INR,0,TXN_105768,CUS_9639
385.6,248.1,1,5,1,218,0,0,0,NET_BANKING,INR,0,TXN_112370,CUS_8807
117.74,91.82,0,6,0,313,0,0,0,UPI,INR,0,TXN_105893,CUS_3537
95.89,106.38,0,0,0,961,0,0,0,CARD,USD,0,TXN_108754,CUS_6820
496.95,577.0,1,3,0,269,0,1,0,CARD,INR,0,TXN_111504,CUS_1130
415.49,317.51,1,2,0,439,0,0,0,CARD,USD,0,TXN_105174,CUS_8227
32.2,100.49,0,2,0,75,0,0,0,NET_BANKING,INR,0,TXN_108743,CUS_3176
122.18,145.55,0,2,0,229,0,0,0,UPI,INR,0,TXN_101214,CUS_6856
40.09,39.06,0,4,0,32,0,0,0,CARD,INR,0,TXN_113768,CUS_9979
76.85,57.44,0,5,0,358,0,1,0,CARD,INR,0,TXN_108180,CUS_6583
70.39,113.92,0,3,0,356,0,1,0,CARD,INR,0,TXN_108223,CUS_2484
183.39,288.35,1,4,0,144,1,0,0,UPI,INR,0,TXN_113328,CUS_6112
75.15,85.23,0,2,0,498,0,0,0,CARD,USD,0,TXN_106678,CUS_2578
136.19,125.48,1,6,0,301,0,0,0,CARD,INR,0,TXN_113958,CUS_5500
15.65,83.65,1,2,0,483,0,0,0,CARD,INR,0,TXN_102768,CUS_5490
1157.62,264.02,2,6,2,22,1,1,0,UPI,INR,1,TXN_113646,CUS_6946
404.09,315.83,0,3,0,202,0,1,0,UPI,INR,0,TXN_103257,CUS_5577
108.26,99.39,0,4,0,584,0,0,0,CARD,INR,0,TXN_108270,CUS_4452
429.97,335.04,0,1,0,102,0,0,0,UPI,INR,0,TXN_112757,CUS_7995
274.42,367.13,1,6,0,242,1,0,0,CARD,USD,0,TXN_106563,CUS_4984
20.45,73.98,0,2,0,88,0,0,0,UPI,INR,0,TXN_113234,CUS_8109
51.13,70.45,1,2,0,271,0,0,0,UPI,INR,0,TXN_112602,CUS_7651
60.47,65.85,0,2,0,115,0,0,0,CARD,INR,0,TXN_107059,CUS_8734
72.71,96.26,0,4,1,119,0,0,0,CARD,USD,0,TXN_109076,CUS_6416
101.49,160.53,0,0,0,164,0,0,0,CARD,USD,0,TXN_112824,CUS_2816
33.61,33.33,0,2,0,50,0,0,0,WALLET,INR,0,TXN_103951,CUS_3701
169.46,142.11,1,4,0,814,0,0,0,CARD,INR,0,TXN_111277,CUS_6396
279.34,267.12,1,5,0,248,0,0,0,CARD,USD,0,TXN_106243,CUS_7117
37.97,48.42,0,0,1,499,0,0,0,CARD,INR,0,TXN_113432,CUS_7784
458.97,537.26,0,3,0,65,0,0,0,UPI,INR,0,TXN_111840,CUS_3243
111.81,111.16,1,2,0,80,0,0,0,UPI,INR,0,TXN_112799,CUS_2758
118.27,107.65,1,3,0,335,0,0,0,WALLET,INR,0,TXN_110821,CUS_8091
40.25,31.2,1,1,0,52,1,0,0,UPI,USD,0,TXN_105025,CUS_6482
108.65,154.2,1,2,0,315,1,0,0,CARD,INR,0,TXN_109953,CUS_2994
90.42,137.59,1,2,1,609,0,0,0,UPI,EUR,0,TXN_107845,CUS_5756
149.7,210.03,1,6,0,176,0,0,0,CARD,USD,0,TXN_101992,CUS_7585
41.1,115.32,0,2,0,253,0,1,0,CARD,INR,0,TXN_111517,CUS_7819
27.19,31.39,1,4,0,275,0,0,0,CARD,INR,0,TXN_111016,CUS_8097
42.55,37.76,1,2,0,181,0,0,0,CARD,INR,0,TXN_114449,CUS_4145
90.35,72.76,0,2,0,401,0,0,0,CARD,INR,0,TXN_109313,CUS_6220
201.56,193.35,1,4,0,530,0,0,0,WALLET,INR,0,TXN_112654,CUS_1698
183.12,153.23,0,2,0,162,0,0,0,CARD,USD,0,TXN_110776,CUS_8977
200.56,434.07,0,6,0,162,0,0,0,CARD,USD,0,TXN_102047,CUS_8601
51.87,83.87,0,2,0,461,0,0,0,CARD,INR,0,TXN_108293,CUS_4431
164.78,202.58,1,3,0,189,0,0,0,CARD,INR,0,TXN_101448,CUS_9160
249.96,181.26,0,1,1,42,0,0,0,UPI,INR,0,TXN_100858,CUS_1732
28.27,37.33,0,5,0,436,0,1,0,UPI,INR,0,TXN_101838,CUS_2186
216.29,354.03,0,1,0,544,0,0,0,WALLET,INR,0,TXN_107254,CUS_8880
229.57,143.41,0,0,0,251,0,0,0,UPI,USD,0,TXN_104861,CUS_5022
48.08,31.18,0,4,0,310,0,0,0,WALLET,USD,0,TXN_114967,CUS_5448
611.09,584.79,1,2,0,213,0,0,0,UPI,EUR,0,TXN_107500,CUS_2274
439.87,518.73,0,2,0,179,0,0,0,CARD,INR,0,TXN_114126,CUS_7138
109.17,101.32,0,2,1,723,0,0,0,UPI,INR,0,TXN_113611,CUS_5794
123.28,133.23,0,2,0,200,0,1,0,UPI,INR,0,TXN_103397,CUS_2300
79.11,84.32,0,0,0,302,0,0,0,CARD,EUR,0,TXN_101501,CUS_8539
106.26,113.5,0,1,1,77,0,0,0,CARD,USD,0,TXN_104283,CUS_8845
78.79,222.4,0,1,1,215,0,0,0,CARD,INR,0,TXN_103620,CUS_9082
26.53,35.61,0,0,0,379,0,0,0,CARD,USD,0,TXN_114947,CUS_8430
29.61,36.03,0,3,0,34,0,0,0,UPI,INR,0,TXN_106388,CUS_5098
108.97,77.16,1,3,0,64,0,0,0,WALLET,INR,0,TXN_108133,CUS_7214
32.46,45.91,0,3,0,351,0,0,0,NET_BANKING,INR,0,TXN_101269,CUS_8451
241.31,196.31,1,3,2,232,0,0,0,UPI,INR,0,TXN_108497,CUS_6494
116.58,124.75,0,2,0,578,0,0,0,CARD,INR,0,TXN_109838,CUS_9479
482.98,423.12,0,2,0,63,0,0,0,UPI,INR,0,TXN_103060,CUS_2061
194.67,199.18,1,3,0,54,0,0,0,NET_BANKING,USD,0,TXN_112749,CUS_7608
19.17,22.32,1,2,0,121,0,0,0,CARD,EUR,0,TXN_107462,CUS_4274
59.19,76.2,0,2,0,357,0,0,0,CARD,INR,0,TXN_111677,CUS_9340
47.82,54.24,1,3,0,159,0,0,0,NET_BANKING,EUR,0,TXN_104227,CUS_6857
335.15,293.05,0,2,0,194,0,0,0,UPI,EUR,0,TXN_106275,CUS_3726
92.92,110.88,1,3,0,32,0,0,0,CARD,USD,0,TXN_107672,CUS_8259
244.82,188.6,0,3,0,121,0,0,0,CARD,INR,0,TXN_100987,CUS_8679
117.42,134.19,0,3,0,50,0,0,0,UPI,EUR,0,TXN_107525,CUS_5845
54.81,69.69,0,1,0,82,0,0,0,UPI,EUR,0,TXN_112775,CUS_5735
17.47,27.05,2,2,0,223,0,0,0,NET_BANKING,INR,0,TXN_109150,CUS_2353
276.78,205.1,0,1,0,808,0,0,0,CARD,INR,0,TXN_103671,CUS_5918
106.56,91.7,0,1,0,176,0,0,0,UPI,INR,0,TXN_112160,CUS_9913
89.87,72.28,0,2,0,1162,0,0,0,NET_BANKING,EUR,0,TXN_114296,CUS_1692
77.5,44.97,1,3,0,305,0,0,0,CARD,USD,0,TXN_111495,CUS_6330
72.6,102.56,0,2,0,268,0,0,0,CARD,USD,0,TXN_103229,CUS_3951
323.45,210.3,1,3,1,714,0,1,0,CARD,INR,0,TXN_103088,CUS_9679
26.81,42.62,0,0,0,78,0,0,0,CARD,INR,0,TXN_101472,CUS_8487
226.13,166.01,1,4,0,125,0,0,0,CARD,INR,0,TXN_104296,CUS_2749
70.27,68.58,0,1,0,96,0,0,0,CARD,INR,0,TXN_103999,CUS_9490
61.89,100.79,0,1,0,171,0,1,0,NET_BANKING,EUR,0,TXN_113022,CUS_5890
35.39,34.3,2,9,0,41,0,0,0,CARD,USD,0,TXN_106848,CUS_3229
51.33,49.46,1,2,0,38,0,1,0,CARD,INR,0,TXN_103533,CUS_1881
85.26,93.23,1,3,0,103,0,0,0,CARD,INR,0,TXN_103461,CUS_5987
62.71,52.36,0,1,0,329,0,0,0,CARD,INR,0,TXN_104211,CUS_5772
40.94,31.44,1,6,0,81,0,0,0,UPI,INR,0,TXN_112471,CUS_1661
24.06,42.62,0,2,0,90,1,1,0,CARD,INR,0,TXN_101400,CUS_6315
197.27,112.75,0,1,0,538,0,0,0,CARD,INR,0,TXN_106622,CUS_6529
371.47,377.98,1,4,0,325,0,0,0,NET_BANKING,USD,0,TXN_101935,CUS_1290
132.85,166.06,0,4,0,155,0,0,0,CARD,INR,0,TXN_112714,CUS_2313
376.51,83.05,4,9,1,57,1,0,1,CARD,INR,1,TXN_105248,CUS_4829
252.08,198.57,0,1,1,117,0,0,0,UPI,INR,0,TXN_109409,CUS_3352
197.35,242.65,0,1,0,348,0,0,0,CARD,INR,0,TXN_104329,CUS_8108
127.72,113.2,1,3,0,349,0,0,0,CARD,INR,0,TXN_107475,CUS_2919
42.03,76.87,0,3,0,66,0,0,0,CARD,INR,0,TXN_106177,CUS_4051
116.81,115.77,1,3,0,71,0,1,0,CARD,INR,0,TXN_106143,CUS_7294
431.91,384.1,1,1,0,209,0,0,0,UPI,EUR,0,TXN_112133,CUS_4185
43.35,36.72,0,2,0,203,0,0,0,CARD,EUR,0,TXN_109268,CUS_3952
170.64,134.46,0,0,0,163,0,0,0,UPI,INR,0,TXN_106849,CUS_6852
94.99,137.39,0,1,0,157,0,0,0,NET_BANKING,INR,0,TXN_106459,CUS_3965
175.46,156.12,0,2,0,233,0,0,0,CARD,INR,0,TXN_103587,CUS_2754
118.64,124.91,0,3,0,233,1,0,0,CARD,INR,0,TXN_100309,CUS_1086
106.86,81.88,0,1,0,212,0,1,0,UPI,INR,0,TXN_103415,CUS_9894
59.8,136.95,0,6,0,506,0,0,0,UPI,INR,0,TXN_101057,CUS_3839
23.84,46.66,0,0,0,183,0,1,0,UPI,USD,0,TXN_113109,CUS_7473
147.76,138.11,1,2,1,196,1,0,0,CARD,USD,0,TXN_106932,CUS_3632
51.43,53.06,1,4,0,170,0,0,0,CARD,USD,0,TXN_106021,CUS_4404
84.66,91.09,1,1,0,126,1,0,0,UPI,INR,0,TXN_106930,CUS_9510
46.38,84.09,1,4,0,599,0,0,0,NET_BANKING,INR,0,TXN_108365,CUS_6769
92.55,67.37,0,1,0,162,0,0,0,UPI,INR,0,TXN_112208,CUS_4403
442.44,363.76,0,1,0,34,0,0,0,UPI,INR,0,TXN_101689,CUS_9382
63.03,54.31,0,1,0,36,0,0,0,CARD,USD,0,TXN_106349,CUS_4420
104.04,66.29,0,1,0,40,0,0,0,CARD,INR,0,TXN_107517,CUS_4940
35.68,39.39,1,6,0,57,0,1,0,CARD,USD,0,TXN_103358,CUS_2436
254.18,200.15,1,2,0,446,0,0,0,WALLET,USD,0,TXN_112830,CUS_6028
44.16,56.08,0,3,0,212,0,0,0,CARD,INR,0,TXN_114106,CUS_3333
168.62,141.33,0,0,0,88,0,0,0,NET_BANKING,USD,0,TXN_114982,CUS_1891
128.46,91.33,0,3,1,394,0,0,0,UPI,INR,0,TXN_108718,CUS_8152
147.55,126.26,0,0,0,69,0,0,0,CARD,EUR,0,TXN_111573,CUS_5164
103.14,94.71,0,3,0,387,0,1,0,CARD,INR,0,TXN_104301,CUS_7369
27.89,46.52,0,1,0,616,0,0,0,UPI,INR,0,TXN_100908,CUS_3186
120.28,120.11,0,1,0,143,1,0,0,CARD,INR,0,TXN_100113,CUS_8607
240.14,165.13,0,4,0,58,0,0,0,UPI,USD,0,TXN_108506,CUS_6591
121.37,92.1,0,3,0,564,0,0,0,CARD,INR,0,TXN_106018,CUS_4846
92.2,77.2,0,4,0,473,0,0,0,CARD,INR,0,TXN_106757,CUS_8777
39.71,72.97,0,3,0,176,0,1,0,UPI,USD,0,TXN_100935,CUS_7970
57.15,46.75,0,1,0,63,0,0,0,UPI,USD,0,TXN_100456,CUS_3881
250.44,82.99,4,13,4,44,1,1,1,CARD,USD,1,TXN_101139,CUS_1870
44.84,52.56,0,0,1,59,0,0,0,CARD,USD,0,TXN_101338,CUS_8943
222.36,231.37,1,2,0,433,0,1,0,UPI,INR,0,TXN_101619,CUS_8701
100.85,74.61,0,2,0,250,1,0,0,CARD,USD,0,TXN_105901,CUS_8306
204.5,355.89,0,3,0,950,0,1,0,CARD,INR,0,TXN_107543,CUS_7860
110.71,87.35,0,5,0,337,0,0,0,UPI,USD,0,TXN_101149,CUS_9961
82.23,78.78,1,4,0,314,0,0,0,UPI,USD,0,TXN_110434,CUS_9150
15.59,63.34,0,3,0,112,1,0,0,CARD,INR,0,TXN_110231,CUS_1150
66.8,101.85,1,4,0,220,0,0,0,CARD,USD,0,TXN_108166,CUS_7689
652.1,108.43,7,11,5,3,1,1,0,CARD,USD,1,TXN_106071,CUS_3920
139.48,167.37,0,4,0,345,0,0,0,UPI,INR,0,TXN_101826,CUS_7154
216.45,172.6,0,4,0,268,0,0,0,CARD,INR,0,TXN_108894,CUS_4876
143.61,112.39,0,6,0,35,0,0,0,WALLET,INR,0,TXN_102173,CUS_4443
191.83,49.15,9,11,2,10,1,1,2,CARD,EUR,1,TXN_114550,CUS_2172
64.15,37.3,0,2,0,342,0,0,0,UPI,USD,0,TXN_111830,CUS_5014
95.91,62.22,0,1,0,282,0,1,0,CARD,INR,0,TXN_114887,CUS_7774
94.79,250.56,0,5,0,83,0,0,0,UPI,INR,0,TXN_108951,CUS_9562
56.29,50.57,0,1,0,303,0,0,0,CARD,INR,0,TXN_101956,CUS_9923
63.53,83.09,1,4,0,134,0,0,0,UPI,INR,0,TXN_105537,CUS_2344
121.85,160.46,0,3,0,49,0,0,0,UPI,INR,0,TXN_110032,CUS_2956
172.78,163.73,0,5,0,586,0,0,0,CARD,USD,0,TXN_105749,CUS_3631
99.47,83.01,0,2,0,215,0,1,0,NET_BANKING,INR,0,TXN_104649,CUS_1009
35.33,24.77,0,1,0,454,0,0,0,CARD,INR,0,TXN_105486,CUS_9711
61.74,50.8,0,1,0,314,0,0,0,UPI,INR,0,TXN_102578,CUS_9489
24.25,35.27,0,5,0,195,0,0,0,WALLET,INR,0,TXN_104929,CUS_6083
158.27,147.13,0,3,0,147,0,0,0,UPI,INR,0,TXN_112501,CUS_1535
167.45,265.47,0,1,0,81,0,0,0,UPI,USD,0,TXN_102478,CUS_7169
74.23,116.75,0,3,0,70,0,0,0,WALLET,USD,0,TXN_101465,CUS_3792
73.72,56.24,0,3,0,125,0,0,0,UPI,INR,0,TXN_100216,CUS_9382
108.13,113.35,0,1,0,54,1,0,0,UPI,INR,0,TXN_111734,CUS_2528
35.09,36.38,1,6,0,59,0,0,0,CARD,EUR,0,TXN_114163,CUS_3254
48.07,36.84,0,1,0,400,0,0,0,NET_BANKING,USD,0,TXN_113108,CUS_2262
63.84,78.51,2,5,0,215,0,1,0,UPI,INR,0,TXN_107393,CUS_1048
403.6,269.18,0,1,0,95,0,0,0,CARD,INR,0,TXN_102959,CUS_1965
248.26,206.83,0,2,1,903,0,0,0,WALLET,INR,0,TXN_113643,CUS_8812
21.86,60.46,1,3,0,638,0,0,0,CARD,INR,0,TXN_103006,CUS_5341
729.53,578.65,0,3,1,236,0,0,0,UPI,USD,0,TXN_114303,CUS_8226
319.94,294.08,0,4,0,519,0,0,0,UPI,INR,0,TXN_107202,CUS_9016
96.36,84.53,0,3,0,247,0,0,0,WALLET,INR,0,TXN_108747,CUS_8211
93.32,99.62,0,0,1,251,0,0,0,CARD,INR,0,TXN_106769,CUS_1633
2318.55,507.75,5,8,2,42,1,1,1,CARD,EUR,1,TXN_107680,CUS_1516
81.22,151.49,1,3,0,335,0,0,0,UPI,USD,0,TXN_104642,CUS_9283
724.73,481.98,0,3,0,322,0,0,0,CARD,EUR,0,TXN_111907,CUS_7815
224.35,292.95,0,2,1,274,0,0,0,CARD,INR,0,TXN_107784,CUS_9573
239.78,187.24,0,3,0,474,0,1,0,UPI,USD,0,TXN_107678,CUS_3724
35.89,113.13,0,3,0,167,0,0,0,UPI,USD,0,TXN_111663,CUS_4530
123.25,106.74,0,3,0,44,0,0,0,NET_BANKING,INR,0,TXN_105553,CUS_2842
81.0,154.18,0,1,0,37,0,0,0,CARD,INR,0,TXN_104426,CUS_9294
165.24,106.2,0,3,0,426,0,0,0,CARD,USD,0,TXN_114837,CUS_9046
56.86,50.87,0,2,0,121,0,0,0,CARD,INR,0,TXN_110828,CUS_8303
139.42,95.42,0,2,0,96,0,0,0,UPI,INR,0,TXN_111027,CUS_2096
75.99,195.92,0,3,0,329,0,0,0,CARD,INR,0,TXN_111637,CUS_4628
54.48,89.12,1,4,0,34,0,0,0,WALLET,INR,0,TXN_114003,CUS_3207
141.06,125.95,1,4,0,400,0,0,0,CARD,INR,0,TXN_111233,CUS_6672
61.54,56.85,0,0,0,236,0,1,0,WALLET,USD,0,TXN_114672,CUS_5193
104.01,69.85,1,3,0,71,0,0,0,CARD,INR,0,TXN_107735,CUS_7879
96.81,123.71,0,2,0,230,1,0,0,CARD,INR,0,TXN_101447,CUS_8843
502.6,55.58,6,8,3,20,1,1,2,CARD,USD,1,TXN_101788,CUS_2880
305.07,200.08,0,4,0,94,1,0,0,CARD,INR,0,TXN_111528,CUS_1869
304.22,347.41,0,3,1,77,0,0,0,UPI,INR,0,TXN_100392,CUS_6078
142.16,145.44,0,0,0,65,1,0,0,UPI,EUR,0,TXN_111965,CUS_8440
104.62,82.98,0,2,0,1171,0,0,0,CARD,USD,0,TXN_112206,CUS_2800
288.38,228.82,0,2,0,356,0,0,0,UPI,INR,0,TXN_102483,CUS_7945
159.35,215.9,0,3,0,106,0,0,0,CARD,INR,0,TXN_113053,CUS_6635
53.16,50.26,2,6,0,103,0,0,1,UPI,INR,0,TXN_105906,CUS_9530
29.15,31.19,1,3,0,871,0,0,0,CARD,INR,0,TXN_100579,CUS_3026
67.13,98.11,1,4,0,475,0,0,0,UPI,INR,0,TXN_104174,CUS_5789
112.73,82.73,0,0,0,187,0,0,0,CARD,INR,0,TXN_101940,CUS_4523
167.25,92.54,0,3,0,236,0,0,0,UPI,EUR,0,TXN_106080,CUS_2450
51.28,77.49,0,2,0,138,0,0,0,CARD,INR,0,TXN_100308,CUS_9490
326.54,199.08,1,3,0,105,0,0,0,CARD,INR,0,TXN_112044,CUS_9598
132.01,111.25,1,2,0,365,0,1,0,CARD,USD,0,TXN_110148,CUS_2745
125.34,129.65,0,3,0,255,0,0,0,CARD,INR,0,TXN_111152,CUS_8664
308.54,211.4,1,3,0,49,0,0,0,UPI,USD,0,TXN_106736,CUS_4901
175.64,106.61,2,3,2,201,0,0,0,UPI,INR,0,TXN_106168,CUS_8108
126.04,140.95,0,2,0,146,0,1,0,UPI,EUR,0,TXN_112029,CUS_5694
119.77,113.85,0,2,0,511,0,0,0,CARD,USD,0,TXN_108096,CUS_1331
56.71,58.57,1,2,0,201,0,0,0,UPI,INR,0,TXN_107071,CUS_3558
68.64,44.58,0,4,0,316,0,0,0,CARD,INR,0,TXN_101278,CUS_4995
125.49,98.76,0,0,0,291,0,0,0,CARD,INR,0,TXN_110796,CUS_7089
68.75,62.16,0,2,0,53,0,0,0,UPI,EUR,0,TXN_102028,CUS_4451
49.97,61.01,2,4,0,125,0,0,0,CARD,INR,0,TXN_110791,CUS_1384
63.62,65.41,1,3,0,503,0,0,0,UPI,EUR,0,TXN_108525,CUS_6784
50.72,54.46,0,0,0,99,1,0,0,WALLET,EUR,0,TXN_108071,CUS_2577
34.75,41.85,1,5,0,172,0,0,0,CARD,USD,0,TXN_110254,CUS_1127
40.58,52.64,0,1,0,149,0,0,0,UPI,INR,0,TXN_110217,CUS_6127
346.14,390.25,0,2,0,54,0,1,0,CARD,INR,0,TXN_106474,CUS_4720
59.95,40.29,1,3,0,1410,0,0,0,CARD,INR,0,TXN_112456,CUS_3531
181.62,182.02,0,1,0,51,0,0,0,WALLET,INR,0,TXN_102664,CUS_8784
103.15,60.26,0,5,0,360,0,0,0,CARD,INR,0,TXN_111838,CUS_5097
60.63,78.41,1,2,1,269,0,0,0,UPI,INR,0,TXN_108903,CUS_1434
147.25,95.5,0,0,0,251,0,0,0,CARD,INR,0,TXN_111806,CUS_1900
219.13,171.63,0,3,0,124,1,0,0,CARD,INR,0,TXN_108217,CUS_9034
59.94,66.05,0,2,1,1016,0,0,0,UPI,INR,0,TXN_109965,CUS_8381
21.54,27.01,0,3,0,43,0,0,0,CARD,INR,0,TXN_101227,CUS_1931
154.33,161.83,1,3,1,74,0,0,0,CARD,INR,0,TXN_104722,CUS_5159
266.36,236.48,0,1,0,214,0,0,0,UPI,USD,0,TXN_101656,CUS_6532
56.42,45.58,1,1,0,64,0,0,0,CARD,EUR,0,TXN_111132,CUS_3845
104.01,118.85,2,5,0,179,0,0,0,UPI,INR,0,TXN_101790,CUS_9459
182.79,119.55,0,2,0,338,0,0,0,NET_BANKING,USD,0,TXN_106123,CUS_1252
1042.85,115.71,4,13,7,73,1,1,0,CARD,USD,1,TXN_107379,CUS_3598
242.73,219.41,0,4,0,301,0,0,0,CARD,INR,0,TXN_114410,CUS_8873
31.83,44.95,0,2,0,43,0,0,0,UPI,INR,0,TXN_100125,CUS_5352
79.51,173.96,0,1,0,235,0,0,0,CARD,USD,0,TXN_114685,CUS_2188
126.81,99.82,0,0,0,143,0,0,0,UPI,INR,0,TXN_107349,CUS_7184
448.84,445.17,0,1,0,166,0,0,0,UPI,USD,0,TXN_113921,CUS_9114
97.76,79.38,0,0,0,144,0,0,0,UPI,INR,0,TXN_103299,CUS_7443
82.25,151.91,0,3,0,122,0,0,0,UPI,EUR,0,TXN_113206,CUS_2973
88.86,105.07,1,2,0,224,0,0,0,CARD,INR,0,TXN_113863,CUS_7923
127.79,102.18,0,2,0,114,0,0,0,UPI,INR,0,TXN_112179,CUS_3538
50.57,119.98,1,3,0,188,0,0,0,CARD,INR,0,TXN_111852,CUS_7013
1085.74,95.36,5,8,2,79,0,1,1,CARD,USD,1,TXN_112013,CUS_9494
47.38,60.36,0,0,0,685,0,0,0,NET_BANKING,INR,0,TXN_108509,CUS_5139
201.18,191.74,2,5,0,1470,0,0,0,CARD,INR,0,TXN_105112,CUS_8759
15.09,77.03,1,5,0,80,1,0,0,UPI,USD,0,TXN_112195,CUS_2565
52.83,39.07,1,2,0,330,0,0,0,CARD,USD,0,TXN_113283,CUS_9390
88.73,56.99,2,3,0,307,0,0,0,UPI,INR,0,TXN_110253,CUS_5517
118.34,68.05,1,3,1,405,0,1,0,CARD,EUR,0,TXN_110990,CUS_8227
176.41,171.1,1,2,0,609,1,0,0,UPI,USD,0,TXN_108366,CUS_9753
99.25,103.5,0,1,0,914,0,1,0,WALLET,EUR,0,TXN_100366,CUS_6641
66.14,281.05,1,6,0,338,0,0,0,CARD,INR,0,TXN_112023,CUS_5876
144.97,119.71,0,2,0,118,0,1,0,WALLET,INR,0,TXN_102945,CUS_7149
142.05,114.74,1,4,1,205,1,0,0,CARD,USD,0,TXN_108218,CUS_5307
189.52,122.79,0,2,1,64,0,0,0,CARD,EUR,0,TXN_104257,CUS_1563
90.17,126.42,1,3,0,100,0,0,0,CARD,EUR,0,TXN_108405,CUS_9181
492.89,444.82,0,0,0,103,0,0,0,UPI,INR,0,TXN_105290,CUS_4450
33.72,47.57,1,1,0,261,0,0,0,UPI,EUR,0,TXN_110154,CUS_5825
134.74,95.15,0,3,0,548,0,1,0,UPI,EUR,0,TXN_100111,CUS_5725
65.04,91.8,0,1,1,165,0,0,0,CARD,INR,0,TXN_109242,CUS_5200
91.04,83.71,0,1,0,87,0,1,0,UPI,INR,0,TXN_102285,CUS_5721
113.44,118.54,0,3,0,62,0,0,0,CARD,INR,0,TXN_101525,CUS_2963
37.16,136.86,1,3,0,735,0,0,0,CARD,USD,0,TXN_108349,CUS_2403
179.21,234.22,0,2,0,76,0,0,0,UPI,EUR,0,TXN_107730,CUS_1000
115.36,87.69,0,2,0,136,0,0,0,CARD,INR,0,TXN_100018,CUS_3301
146.29,224.01,0,1,0,598,0,0,0,CARD,USD,0,TXN_103482,CUS_2226
25.66,40.26,0,1,0,33,0,1,0,CARD,INR,0,TXN_102062,CUS_9347
118.39,84.18,0,4,0,278,0,0,0,CARD,EUR,0,TXN_104446,CUS_9405
152.36,146.52,0,6,0,235,0,0,0,UPI,INR,0,TXN_109706,CUS_1077
98.5,194.15,0,2,0,208,0,0,0,NET_BANKING,INR,0,TXN_114198,CUS_2010
83.28,143.81,0,5,0,95,0,0,0,CARD,INR,0,TXN_100778,CUS_7130
10.14,30.01,1,3,0,370,0,0,0,CARD,EUR,0,TXN_109701,CUS_6180
218.82,147.79,0,3,0,114,1,0,0,WALLET,USD,0,TXN_108413,CUS_2532
49.86,36.14,0,2,0,194,0,0,0,UPI,USD,0,TXN_113348,CUS_6071
107.43,76.11,0,3,0,486,0,0,0,NET_BANKING,INR,0,TXN_108886,CUS_1897
89.09,91.43,0,1,0,86,1,0,0,CARD,INR,0,TXN_102507,CUS_1771
1092.46,80.7,4,8,4,4,1,0,1,CARD,INR,1,TXN_107422,CUS_6231
94.98,111.87,0,4,0,537,0,0,0,CARD,USD,0,TXN_114511,CUS_5841
9.41,28.84,0,1,0,374,1,0,0,UPI,INR,0,TXN_105556,CUS_1049
329.98,329.07,0,1,0,622,0,0,0,UPI,INR,0,TXN_112821,CUS_2030
98.01,103.6,0,6,0,225,0,0,0,CARD,INR,0,TXN_107969,CUS_3114
123.25,129.44,0,5,0,637,0,0,0,CARD,USD,0,TXN_105068,CUS_5476
30.3,37.23,0,4,0,115,0,0,0,NET_BANKING,USD,0,TXN_110308,CUS_3064
49.98,69.25,0,0,0,249,1,0,0,CARD,INR,0,TXN_102888,CUS_9605
159.09,114.47,1,2,0,357,0,0,0,UPI,INR,0,TXN_110120,CUS_4122
70.75,64.26,0,3,0,312,0,0,0,UPI,EUR,0,TXN_102480,CUS_7901
40.79,45.14,1,6,0,268,0,0,0,CARD,INR,0,TXN_104021,CUS_5855
141.35,112.85,0,2,0,488,0,0,0,UPI,INR,0,TXN_107791,CUS_4014
76.62,63.49,0,1,0,587,0,0,0,WALLET,INR,0,TXN_103636,CUS_7019
224.69,200.55,0,0,0,245,0,0,0,UPI,INR,0,TXN_110410,CUS_4067
30.79,80.53,0,2,0,360,0,1,0,WALLET,INR,0,TXN_104245,CUS_2696
141.75,28.93,4,8,2,65,0,1,0,CARD,INR,1,TXN_113169,CUS_9782
90.02,135.48,1,2,1,190,0,0,0,CARD,USD,0,TXN_114427,CUS_9478
235.76,188.13,0,5,0,342,1,1,0,CARD,INR,0,TXN_101061,CUS_7577
284.57,207.98,0,1,0,52,0,1,0,CARD,INR,0,TXN_103509,CUS_4879
218.72,179.45,0,4,0,601,0,0,0,NET_BANKING,INR,0,TXN_111634,CUS_4077
50.6,79.26,0,0,0,751,1,0,0,CARD,INR,0,TXN_100028,CUS_8346
52.42,74.9,1,2,0,149,1,0,0,CARD,INR,0,TXN_100600,CUS_6173
14.45,81.38,2,5,0,312,0,0,0,WALLET,INR,0,TXN_100094,CUS_8460
242.38,273.43,0,4,0,422,1,0,0,CARD,USD,0,TXN_101695,CUS_5034
38.54,96.52,0,2,0,380,0,0,0,CARD,USD,0,TXN_110545,CUS_5189
50.54,60.63,0,0,0,596,0,0,0,NET_BANKING,EUR,0,TXN_100912,CUS_2754
136.53,98.25,0,8,0,484,0,0,0,WALLET,INR,0,TXN_107022,CUS_9976
59.4,63.75,2,5,0,61,0,0,0,CARD,INR,0,TXN_111664,CUS_9084
23.96,41.65,0,2,0,164,0,0,0,CARD,USD,0,TXN_113173,CUS_5962
37.03,74.32,1,5,0,167,0,0,0,UPI,USD,0,TXN_107836,CUS_7270
70.48,78.2,0,1,0,388,0,0,0,UPI,INR,0,TXN_114422,CUS_5545
70.37,53.55,0,0,0,41,0,0,0,UPI,USD,0,TXN_105462,CUS_9987
74.16,162.77,0,1,0,239,0,1,0,NET_BANKING,INR,0,TXN_106565,CUS_9641
22.45,21.96,0,4,1,486,0,0,0,CARD,INR,0,TXN_106921,CUS_2270
260.01,194.39,0,4,0,199,0,0,0,UPI,INR,0,TXN_105379,CUS_4593
532.46,418.57,0,3,1,30,1,0,0,CARD,INR,0,TXN_109302,CUS_3816
69.63,71.81,0,6,0,472,0,0,0,CARD,INR,0,TXN_108740,CUS_6061
246.5,275.98,0,1,0,594,0,0,0,CARD,USD,0,TXN_111120,CUS_3701
20.93,41.85,0,1,0,191,1,0,0,WALLET,EUR,0,TXN_109541,CUS_7546
210.35,307.42,1,4,0,209,1,0,0,UPI,USD,0,TXN_107116,CUS_4186
828.52,112.15,4,10,1,74,1,0,2,CARD,INR,1,TXN_106657,CUS_1947
20.7,35.57,1,3,0,97,0,0,0,CARD,INR,0,TXN_112579,CUS_1855
56.04,76.06,1,5,0,212,0,0,0,UPI,INR,0,TXN_100197,CUS_3374
215.51,191.42,1,5,0,299,0,0,0,UPI,INR,0,TXN_110137,CUS_8872
101.11,29.52,4,6,2,107,1,1,1,CARD,USD,1,TXN_107976,CUS_1581
310.76,276.63,0,1,0,625,0,0,0,UPI,INR,0,TXN_102688,CUS_6943
146.77,105.98,1,6,0,251,0,0,0,UPI,INR,0,TXN_105007,CUS_6257
104.94,81.32,0,3,0,319,0,1,0,NET_BANKING,INR,0,TXN_112326,CUS_5751
46.25,44.82,1,4,0,555,0,0,0,UPI,USD,0,TXN_100973,CUS_9748
57.45,66.35,0,1,1,160,0,0,0,CARD,USD,0,TXN_104691,CUS_1168
18.41,19.44,0,0,0,88,0,0,0,NET_BANKING,INR,0,TXN_107818,CUS_3554
203.62,201.29,1,4,0,682,0,0,0,CARD,USD,0,TXN_103369,CUS_5808
86.16,82.31,1,2,0,306,0,0,0,CARD,INR,0,TXN_102761,CUS_2105
54.22,74.08,0,0,0,133,0,0,0,UPI,INR,0,TXN_112581,CUS_8864
47.68,75.72,1,3,0,77,0,1,0,CARD,USD,0,TXN_113087,CUS_7483
65.52,55.84,0,2,0,301,1,0,0,CARD,USD,0,TXN_105216,CUS_5193
53.07,52.56,1,4,1,104,0,0,0,CARD,INR,0,TXN_109423,CUS_1814
59.98,61.7,1,3,0,151,1,1,0,CARD,INR,0,TXN_103538,CUS_4264
151.08,120.51,0,7,0,48,0,0,0,CARD,USD,0,TXN_102655,CUS_4112
66.72,88.44,0,0,0,40,0,1,0,CARD,INR,0,TXN_105146,CUS_7175
65.5,212.09,0,3,0,164,0,0,0,CARD,INR,0,TXN_108486,CUS_6540
59.16,40.93,0,1,0,153,0,0,0,CARD,INR,0,TXN_104440,CUS_6234
80.85,47.01,1,2,0,140,0,0,0,UPI,INR,0,TXN_104945,CUS_5666
100.29,104.18,2,4,0,1180,0,0,0,UPI,INR,0,TXN_105499,CUS_5406
120.96,118.71,1,2,0,60,0,0,0,UPI,INR,0,TXN_103643,CUS_7328
20.43,27.72,0,1,0,302,0,1,0,NET_BANKING,USD,0,TXN_104297,CUS_9334
15.16,48.82,0,2,0,472,1,1,0,CARD,INR,0,TXN_109020,CUS_6278
54.23,62.14,0,2,0,123,0,0,0,NET_BANKING,USD,0,TXN_101378,CUS_3890
72.5,65.15,1,4,0,526,1,0,0,UPI,INR,0,TXN_102672,CUS_5251
213.97,222.88,0,1,1,239,0,0,0,WALLET,USD,0,TXN_104058,CUS_8750
313.29,286.11,0,1,1,237,0,0,0,CARD,INR,0,TXN_102202,CUS_8456
165.36,111.59,0,4,0,48,0,0,0,NET_BANKING,INR,0,TXN_113644,CUS_2962
148.58,137.74,0,1,0,82,0,0,0,CARD,INR,0,TXN_104421,CUS_2681
120.76,91.01,0,2,0,388,0,0,0,UPI,USD,0,TXN_107261,CUS_6305
201.88,200.46,0,3,1,263,1,0,0,UPI,USD,0,TXN_105356,CUS_5911
145.79,110.01,1,3,0,426,0,0,0,UPI,USD,0,TXN_101024,CUS_4621
153.86,170.49,2,4,0,219,0,0,0,NET_BANKING,USD,0,TXN_109800,CUS_5690
165.94,101.51,0,2,0,97,0,0,0,UPI,INR,0,TXN_104083,CUS_3966
76.43,131.67,1,2,0,509,0,0,0,CARD,INR,0,TXN_105071,CUS_4160
156.68,130.97,1,3,0,405,0,0,0,CARD,INR,0,TXN_103184,CUS_8156
137.11,74.5,0,0,0,464,0,0,0,UPI,USD,0,TXN_105561,CUS_7296
119.67,133.86,1,3,0,142,0,0,0,UPI,INR,0,TXN_108156,CUS_5835
168.12,142.06,1,2,0,233,0,1,0,CARD,INR,0,TXN_111976,CUS_5788
104.43,87.41,1,3,0,766,0,0,0,CARD,INR,0,TXN_101789,CUS_9679
353.33,271.8,0,2,0,48,0,0,0,WALLET,INR,0,TXN_113157,CUS_7249
58.72,103.84,1,6,0,71,0,0,0,UPI,INR,0,TXN_113925,CUS_3134
109.32,119.61,0,5,0,72,0,0,0,UPI,EUR,0,TXN_105946,CUS_2220
14.47,22.59,0,1,0,127,0,1,0,CARD,INR,0,TXN_104209,CUS_7118
42.54,41.68,1,3,1,154,0,1,0,UPI,USD,0,TXN_107619,CUS_7567
139.2,185.3,2,3,0,103,0,0,0,CARD,INR,0,TXN_101593,CUS_1695
98.98,88.41,0,1,0,284,0,0,0,CARD,INR,0,TXN_105403,CUS_5238
283.18,203.96,1,4,0,540,0,0,0,NET_BANKING,INR,0,TXN_100199,CUS_1925
205.74,234.98,0,2,0,561,0,0,0,NET_BANKING,INR,0,TXN_108907,CUS_1643
111.09,68.98,1,3,0,692,0,0,0,CARD,INR,0,TXN_107131,CUS_9238
39.2,46.72,1,4,0,186,0,1,0,CARD,INR,0,TXN_110521,CUS_7993
49.73,78.85,0,3,0,279,0,0,0,WALLET,INR,0,TXN_114740,CUS_8653
25.49,32.42,1,6,1,354,0,0,0,CARD,USD,0,TXN_100394,CUS_2371
131.66,104.44,1,3,0,161,0,0,0,NET_BANKING,INR,0,TXN_105613,CUS_1282
153.92,164.43,1,1,0,40,0,0,0,CARD,INR,0,TXN_107037,CUS_2641
50.41,43.68,0,5,0,53,0,0,0,CARD,INR,0,TXN_107964,CUS_3171
64.25,102.27,1,3,0,891,0,1,0,CARD,INR,0,TXN_113176,CUS_6034
68.23,128.86,1,3,0,143,0,0,0,UPI,USD,0,TXN_108087,CUS_4133
15.22,22.0,0,2,0,755,0,0,0,CARD,INR,0,TXN_106188,CUS_5571
82.41,121.45,0,2,0,267,0,0,0,CARD,INR,0,TXN_111009,CUS_3765
158.82,108.69,0,2,0,148,0,0,0,CARD,INR,0,TXN_107229,CUS_8642
43.65,41.12,0,0,0,110,0,0,0,CARD,USD,0,TXN_106289,CUS_9931
99.99,178.62,0,3,0,53,0,1,0,CARD,USD,0,TXN_111610,CUS_2932
21.25,36.65,0,2,0,1164,0,0,0,CARD,INR,0,TXN_103546,CUS_7843
37.75,65.41,0,2,0,346,0,0,0,NET_BANKING,INR,0,TXN_114379,CUS_4561
193.44,116.83,0,1,1,231,0,0,0,UPI,INR,0,TXN_108423,CUS_7928
80.01,78.16,2,4,1,114,0,0,0,CARD,INR,0,TXN_110105,CUS_1304
88.04,72.77,0,2,0,507,0,0,0,UPI,USD,0,TXN_101409,CUS_5214
56.72,58.35,0,4,0,256,0,0,0,CARD,INR,0,TXN_104548,CUS_1864
590.75,460.63,0,1,0,120,0,0,0,UPI,INR,0,TXN_104973,CUS_6120
112.81,86.8,0,3,0,521,0,0,0,UPI,INR,0,TXN_111025,CUS_9457
143.92,263.05,0,1,0,207,0,0,0,UPI,INR,0,TXN_105189,CUS_3864
399.49,429.94,0,2,0,516,0,0,0,UPI,USD,0,TXN_107979,CUS_9049
39.14,76.9,1,3,0,459,0,0,0,CARD,INR,0,TXN_102801,CUS_3706
74.71,143.42,0,2,0,395,0,0,0,UPI,INR,0,TXN_107278,CUS_8563
40.6,54.29,0,1,0,230,0,0,0,CARD,USD,0,TXN_100819,CUS_6981
38.2,91.57,0,2,0,277,0,0,0,UPI,INR,0,TXN_113602,CUS_8331
94.53,127.94,0,3,0,98,0,0,0,UPI,USD,0,TXN_106361,CUS_8555
218.8,276.85,0,2,0,255,0,0,0,UPI,USD,0,TXN_110795,CUS_1919
127.72,115.99,0,1,0,194,0,0,0,CARD,EUR,0,TXN_112708,CUS_4612
160.91,153.97,0,2,0,509,0,0,0,UPI,INR,0,TXN_112165,CUS_3713
149.35,104.34,1,3,0,309,1,1,0,CARD,EUR,0,TXN_106872,CUS_3660
2392.37,543.21,4,6,4,89,1,1,2,CARD,USD,1,TXN_104702,CUS_5840
286.86,252.52,0,2,0,319,0,0,0,CARD,INR,0,TXN_104853,CUS_2842
180.84,193.45,0,1,0,981,0,0,0,UPI,INR,0,TXN_103817,CUS_9961
279.15,594.68,1,2,0,363,0,0,0,CARD,USD,0,TXN_114311,CUS_3180
137.08,183.79,1,3,0,206,0,0,0,WALLET,USD,0,TXN_105647,CUS_5923
109.79,92.46,1,3,0,76,0,0,0,CARD,USD,0,TXN_106040,CUS_5883
327.17,350.51,1,4,0,146,0,0,0,WALLET,USD,0,TXN_102939,CUS_9502
400.07,431.33,0,0,0,280,0,0,0,NET_BANKING,USD,0,TXN_107999,CUS_3147
64.99,57.11,0,3,0,228,0,1,0,WALLET,INR,0,TXN_109251,CUS_6519
133.72,84.43,0,1,1,75,1,0,0,CARD,EUR,0,TXN_109439,CUS_8107
316.36,77.56,7,7,3,102,0,1,2,CARD,USD,1,TXN_105969,CUS_9179
323.83,301.7,0,2,0,57,0,0,0,UPI,INR,0,TXN_107163,CUS_8492
299.07,304.24,0,4,0,288,0,0,0,CARD,INR,0,TXN_110654,CUS_9804
455.47,280.98,1,4,1,241,0,0,0,NET_BANKING,INR,0,TXN_101434,CUS_3730
598.74,523.25,0,5,0,148,0,1,0,UPI,INR,0,TXN_102616,CUS_4785
95.69,118.29,1,3,0,728,0,1,0,CARD,USD,0,TXN_104150,CUS_2156
13.33,37.86,0,3,0,195,0,0,0,UPI,USD,0,TXN_101064,CUS_3031
59.23,90.17,1,3,0,357,1,0,0,CARD,USD,0,TXN_105468,CUS_2375
181.59,256.52,0,6,0,302,0,0,0,UPI,INR,0,TXN_104546,CUS_5210
191.71,197.99,0,1,0,628,0,0,0,CARD,EUR,0,TXN_111106,CUS_9949
310.82,237.04,0,1,1,98,0,0,0,NET_BANKING,EUR,0,TXN_100464,CUS_6938
433.91,253.63,0,3,0,253,0,0,0,CARD,EUR,0,TXN_102055,CUS_3408
116.92,111.06,0,4,0,138,0,0,0,CARD,USD,0,TXN_110887,CUS_6840
51.17,42.87,0,2,0,67,0,1,0,WALLET,USD,0,TXN_109755,CUS_5040
485.19,339.74,0,6,0,107,0,0,0,CARD,USD,0,TXN_104830,CUS_3890
129.13,143.39,1,1,0,766,0,0,0,CARD,USD,0,TXN_103529,CUS_8736
70.77,50.73,0,3,1,663,0,0,0,CARD,USD,0,TXN_113002,CUS_8821
138.69,117.73,0,2,0,360,0,0,0,UPI,EUR,0,TXN_101705,CUS_5752
140.03,117.12,0,2,0,48,0,0,0,CARD,INR,0,TXN_107973,CUS_4733
256.58,313.83,0,5,0,114,0,1,0,CARD,EUR,0,TXN_113675,CUS_9942
59.89,62.42,0,1,0,38,0,0,0,UPI,INR,0,TXN_110461,CUS_2189
43.94,36.99,1,4,0,234,0,0,0,CARD,INR,0,TXN_107085,CUS_5127
45.67,74.15,1,3,0,142,0,0,0,NET_BANKING,INR,0,TXN_113614,CUS_5097
451.34,290.56,0,2,0,90,0,0,0,NET_BANKING,INR,0,TXN_104827,CUS_8365
56.45,59.48,1,2,1,72,0,0,0,CARD,USD,0,TXN_104674,CUS_2196
6.91,63.81,0,1,0,338,0,0,0,UPI,INR,0,TXN_108403,CUS_4386
359.7,33.61,6,8,5,108,0,1,0,UPI,EUR,1,TXN_100287,CUS_2419
152.52,97.58,1,2,0,242,0,1,0,CARD,INR,0,TXN_102034,CUS_7776
98.1,122.39,2,2,0,268,0,0,0,CARD,INR,0,TXN_104154,CUS_7320
87.79,115.72,2,6,1,235,0,0,0,UPI,EUR,0,TXN_100840,CUS_4199
211.87,109.78,0,2,0,44,0,0,0,CARD,INR,0,TXN_104708,CUS_9687
682.83,331.98,0,3,0,252,0,1,0,UPI,USD,0,TXN_103454,CUS_4583
105.42,100.84,0,2,0,174,0,0,0,UPI,USD,0,TXN_114835,CUS_7084
738.7,53.13,5,9,2,2,1,1,0,CARD,INR,1,TXN_106701,CUS_9169
136.65,202.65,0,3,1,834,0,1,0,UPI,INR,0,TXN_102657,CUS_9519
35.88,208.1,2,4,0,599,0,0,0,CARD,INR,0,TXN_109730,CUS_3344
87.17,68.56,0,1,0,434,0,0,0,NET_BANKING,USD,0,TXN_102726,CUS_5118
171.88,124.69,2,5,0,113,0,1,0,UPI,INR,0,TXN_102784,CUS_7860
249.47,297.01,0,4,0,38,0,0,0,WALLET,INR,0,TXN_101382,CUS_6461
62.14,167.39,0,2,0,73,0,0,0,UPI,INR,0,TXN_110161,CUS_9087
218.2,162.25,1,4,0,141,0,0,0,CARD,INR,0,TXN_110932,CUS_7690
231.96,149.76,1,3,0,455,0,0,0,UPI,USD,0,TXN_100815,CUS_2992
141.72,86.67,1,2,0,392,0,0,0,NET_BANKING,USD,0,TXN_100364,CUS_3424
28.21,40.9,0,3,0,182,1,0,0,WALLET,INR,0,TXN_109171,CUS_8082
289.19,337.24,0,3,0,312,1,1,0,NET_BANKING,EUR,0,TXN_103592,CUS_4746
54.83,54.44,0,0,0,153,0,0,0,CARD,INR,0,TXN_101485,CUS_8818
3065.38,432.71,6,9,3,24,0,1,1,CARD,INR,1,TXN_110645,CUS_2554
65.14,74.9,0,4,0,217,0,0,1,CARD,USD,0,TXN_102000,CUS_7721
407.83,63.81,1,4,1,21,1,0,1,UPI,USD,1,TXN_104530,CUS_5917
60.91,59.96,0,2,0,186,0,0,0,CARD,INR,0,TXN_113440,CUS_9550
34.95,30.53,0,4,0,200,0,0,0,UPI,EUR,0,TXN_107110,CUS_2958
208.94,210.55,0,1,0,179,1,0,0,CARD,INR,0,TXN_108937,CUS_8978
78.5,63.62,0,1,0,473,0,0,0,CARD,USD,0,TXN_113040,CUS_3002
144.31,137.95,0,2,0,201,0,0,0,WALLET,INR,0,TXN_110468,CUS_1936
127.93,203.83,0,2,0,192,0,0,0,UPI,EUR,0,TXN_104525,CUS_2069
83.49,72.63,1,2,0,384,0,0,0,UPI,INR,0,TXN_108960,CUS_4672
86.64,91.22,0,0,1,212,0,0,0,UPI,USD,0,TXN_109181,CUS_3210
90.29,168.07,1,3,0,44,0,0,0,UPI,EUR,0,TXN_106503,CUS_2409
248.25,277.15,0,3,0,276,0,0,0,WALLET,INR,0,TXN_106873,CUS_1899
199.92,224.16,0,2,0,286,1,0,0,CARD,USD,0,TXN_114518,CUS_1711
42.47,75.35,0,2,0,122,0,1,0,CARD,INR,0,TXN_108898,CUS_6407
220.34,193.88,0,0,0,114,0,0,0,CARD,INR,0,TXN_111476,CUS_6331
73.5,51.2,0,3,1,766,0,0,0,CARD,USD,0,TXN_107461,CUS_8077
139.91,195.14,1,2,0,106,1,0,0,NET_BANKING,USD,0,TXN_106099,CUS_1667
34.83,24.19,0,0,1,374,0,0,0,UPI,INR,0,TXN_104928,CUS_3329
49.09,46.96,0,2,0,333,0,0,0,CARD,EUR,0,TXN_111441,CUS_1387
45.67,47.01,0,0,0,265,0,0,0,UPI,INR,0,TXN_110190,CUS_4802
49.91,61.33,1,2,0,183,0,0,0,NET_BANKING,INR,0,TXN_106842,CUS_1855
79.3,69.23,0,1,0,307,0,0,0,CARD,INR,0,TXN_114935,CUS_5384
44.13,94.5,1,1,0,518,0,0,0,CARD,INR,0,TXN_104774,CUS_7462
653.98,582.28,0,2,1,279,0,1,0,CARD,USD,0,TXN_113067,CUS_8160
53.35,45.7,1,3,0,77,0,0,0,CARD,EUR,0,TXN_106559,CUS_4377
62.32,75.48,0,0,0,101,0,0,0,CARD,INR,0,TXN_103307,CUS_4315
213.04,330.38,1,2,0,110,0,0,0,CARD,INR,0,TXN_110971,CUS_4456
41.55,65.05,0,3,0,391,1,0,0,NET_BANKING,INR,0,TXN_105373,CUS_3491
163.1,109.78,1,3,0,270,1,0,0,NET_BANKING,INR,0,TXN_111170,CUS_4807
722.56,591.97,1,5,0,746,0,0,0,CARD,INR,0,TXN_103807,CUS_5240
60.03,48.36,1,4,0,130,0,0,0,CARD,INR,0,TXN_100810,CUS_8235
161.22,187.12,2,4,0,50,0,0,0,CARD,INR,0,TXN_103666,CUS_2599
232.01,245.83,0,2,0,457,0,0,0,CARD,INR,0,TXN_103017,CUS_7201
158.0,272.96,0,0,1,419,0,0,0,NET_BANKING,INR,0,TXN_112650,CUS_1017
90.05,83.97,1,2,0,98,0,0,0,UPI,INR,0,TXN_106561,CUS_1136
175.74,139.04,1,3,0,907,0,0,0,CARD,INR,0,TXN_111375,CUS_2103
68.39,67.79,1,2,0,877,0,0,0,CARD,INR,0,TXN_102156,CUS_3851
168.78,136.46,1,2,0,236,0,0,0,UPI,USD,0,TXN_109620,CUS_9578
43.69,143.01,1,4,0,132,0,0,0,CARD,INR,0,TXN_109560,CUS_7599
187.02,100.11,0,3,0,49,0,1,0,CARD,INR,0,TXN_113527,CUS_3610
69.13,64.99,0,3,0,154,0,0,0,CARD,USD,0,TXN_113197,CUS_5653
23.26,39.98,0,1,1,143,0,0,0,CARD,USD,0,TXN_109027,CUS_4446
80.6,78.49,1,4,0,252,0,1,0,WALLET,INR,0,TXN_104537,CUS_1063
57.54,53.03,0,1,0,449,0,0,0,CARD,USD,0,TXN_108401,CUS_3256
171.11,175.67,1,2,0,132,0,0,0,UPI,INR,0,TXN_111854,CUS_2490
87.32,90.39,0,2,0,81,0,1,0,CARD,INR,0,TXN_111064,CUS_5238
160.02,38.89,5,11,3,72,0,0,2,CARD,USD,1,TXN_114649,CUS_3664
187.77,143.6,0,3,0,704,1,0,0,WALLET,INR,0,TXN_112791,CUS_4761
20.62,17.81,0,4,0,51,0,0,0,CARD,EUR,0,TXN_109712,CUS_2175
39.22,40.34,0,1,0,69,0,0,0,CARD,INR,0,TXN_102640,CUS_4712
65.94,120.97,0,2,0,53,0,0,0,CARD,USD,0,TXN_103682,CUS_8340
112.0,76.05,0,4,0,820,0,0,0,UPI,INR,0,TXN_114044,CUS_5736
473.58,339.6,1,3,0,329,0,0,0,CARD,INR,0,TXN_102276,CUS_1019
89.33,88.71,0,0,0,309,0,1,0,CARD,INR,0,TXN_104125,CUS_4972
1444.95,954.4,1,1,1,206,0,0,0,CARD,USD,0,TXN_114239,CUS_1780
92.74,108.3,0,0,0,398,0,0,0,WALLET,INR,0,TXN_100139,CUS_7168
34.16,36.25,0,1,0,234,0,0,0,CARD,INR,0,TXN_105156,CUS_2506
514.26,497.28,1,2,0,34,1,0,0,UPI,INR,0,TXN_107985,CUS_5667
84.75,107.15,0,2,0,150,0,0,0,UPI,INR,0,TXN_100059,CUS_2098
264.14,230.67,0,3,0,623,0,0,0,CARD,USD,0,TXN_112423,CUS_5603
59.82,87.82,1,4,0,502,0,0,0,UPI,INR,0,TXN_109019,CUS_2345
47.18,33.59,0,1,0,90,0,0,0,CARD,EUR,0,TXN_114644,CUS_2477
345.43,120.68,3,4,3,194,1,0,0,CARD,USD,1,TXN_104952,CUS_7592
39.36,62.74,2,2,0,258,0,1,0,UPI,INR,0,TXN_113428,CUS_8742
230.64,134.46,0,4,0,164,0,0,0,CARD,USD,0,TXN_112138,CUS_4427
151.1,97.01,0,3,1,411,0,0,0,CARD,INR,0,TXN_114068,CUS_8013
43.61,30.98,0,4,0,380,0,0,0,CARD,USD,0,TXN_103901,CUS_9713
87.72,109.75,0,1,0,32,0,0,0,CARD,USD,0,TXN_103803,CUS_9979
102.75,161.98,0,0,0,77,0,0,0,CARD,USD,0,TXN_100756,CUS_6272
107.11,100.43,0,1,0,643,1,0,0,NET_BANKING,EUR,0,TXN_111723,CUS_5475
201.08,280.28,1,1,0,359,0,0,0,NET_BANKING,INR,0,TXN_110412,CUS_9220
61.67,48.82,0,2,0,202,1,0,0,CARD,USD,0,TXN_114782,CUS_5305
106.07,183.64,0,0,0,212,0,0,0,WALLET,USD,0,TXN_105466,CUS_9568
213.16,178.25,1,2,0,54,1,0,0,UPI,USD,0,TXN_102583,CUS_5245
88.9,171.71,1,2,0,57,0,0,0,UPI,USD,0,TXN_100440,CUS_2668
285.81,43.24,5,9,3,61,1,1,0,CARD,USD,1,TXN_107567,CUS_1762
117.36,112.97,1,6,1,182,1,0,0,CARD,EUR,0,TXN_111159,CUS_9486
123.75,92.78,1,2,0,116,0,0,0,CARD,USD,0,TXN_104135,CUS_7865
244.68,273.54,1,3,0,494,0,0,0,CARD,INR,0,TXN_114492,CUS_3407
120.5,109.52,0,3,0,277,0,0,0,CARD,USD,0,TXN_100039,CUS_4020
70.65,61.81,0,0,0,539,0,0,0,CARD,INR,0,TXN_111753,CUS_1590
136.2,136.36,0,1,0,187,0,1,0,CARD,INR,0,TXN_101521,CUS_5280
134.03,125.46,2,7,0,225,0,0,0,NET_BANKING,INR,0,TXN_101044,CUS_2077
59.65,59.0,0,1,0,56,0,0,0,UPI,INR,0,TXN_100499,CUS_2984
218.48,242.94,1,1,0,226,0,0,0,CARD,INR,0,TXN_102152,CUS_9918
75.8,74.62,0,0,0,209,0,0,0,CARD,INR,0,TXN_103433,CUS_3636
25.76,17.64,0,1,1,186,1,0,0,NET_BANKING,INR,0,TXN_114315,CUS_2444
132.13,123.9,0,2,0,415,0,0,0,UPI,INR,0,TXN_108744,CUS_4725
82.05,99.84,0,2,0,599,1,0,0,UPI,INR,0,TXN_113135,CUS_2845
40.38,55.38,0,1,0,469,0,0,0,UPI,EUR,0,TXN_104880,CUS_1086
193.11,242.67,0,2,0,108,0,0,0,UPI,USD,0,TXN_100244,CUS_3210
51.45,58.22,1,1,0,71,0,0,0,CARD,INR,0,TXN_104454,CUS_8910
48.53,70.2,0,2,0,93,0,0,0,NET_BANKING,USD,0,TXN_105550,CUS_6410
109.82,113.2,1,3,0,44,0,0,0,UPI,USD,0,TXN_113824,CUS_7795
188.4,223.01,0,1,0,321,0,0,0,CARD,USD,0,TXN_110085,CUS_5556
71.58,88.84,0,3,0,268,0,0,0,NET_BANKING,INR,0,TXN_110123,CUS_1862
199.29,177.71,0,0,0,169,0,0,0,CARD,USD,0,TXN_104333,CUS_4704
230.35,153.9,0,4,0,821,0,0,0,UPI,USD,0,TXN_100841,CUS_5145
325.16,308.85,0,2,0,285,0,0,0,NET_BANKING,USD,0,TXN_109462,CUS_3007
58.07,58.13,0,2,0,317,1,0,0,CARD,USD,0,TXN_110809,CUS_2008
70.63,62.78,0,1,0,243,0,0,0,CARD,USD,0,TXN_114251,CUS_5103
213.56,217.31,0,0,0,279,0,0,0,CARD,USD,0,TXN_101975,CUS_4041
66.81,57.88,0,1,0,68,0,0,0,CARD,INR,0,TXN_112374,CUS_5267
116.78,67.16,0,1,0,58,0,0,0,WALLET,USD,0,TXN_108040,CUS_3780
70.43,61.91,1,4,1,157,0,0,0,CARD,INR,0,TXN_103363,CUS_8871
45.42,89.97,1,3,0,105,0,0,0,NET_BANKING,INR,0,TXN_112918,CUS_3955
46.87,34.79,0,1,1,148,0,0,0,CARD,INR,0,TXN_109926,CUS_8292
144.36,81.51,0,3,0,53,0,1,0,CARD,INR,0,TXN_111310,CUS_7064
97.08,22.44,4,8,4,26,1,1,1,NET_BANKING,INR,1,TXN_111949,CUS_3407
565.41,656.14,1,4,1,70,0,0,0,CARD,EUR,0,TXN_102231,CUS_3978
90.16,101.02,0,0,1,120,0,0,0,CARD,INR,0,TXN_109827,CUS_9994
95.78,90.56,1,2,1,283,0,0,0,NET_BANKING,INR,0,TXN_113425,CUS_2453
262.21,648.45,1,2,1,127,0,0,0,CARD,USD,0,TXN_113628,CUS_8207
539.02,95.58,3,6,4,95,1,0,2,CARD,INR,1,TXN_105242,CUS_9250
70.85,56.98,0,1,0,787,1,0,0,WALLET,INR,0,TXN_110983,CUS_1577
149.14,92.73,0,4,0,311,0,0,0,UPI,EUR,0,TXN_102219,CUS_7128
39.3,134.35,0,2,0,262,0,0,0,CARD,INR,0,TXN_112373,CUS_5618
47.33,62.02,0,2,0,249,0,0,0,CARD,USD,0,TXN_111173,CUS_7035
70.31,99.55,0,3,0,213,0,0,0,UPI,INR,0,TXN_100232,CUS_2325
106.07,53.13,0,0,0,161,0,0,0,CARD,EUR,0,TXN_106106,CUS_4055
273.94,249.93,1,8,0,237,0,0,0,CARD,EUR,0,TXN_110991,CUS_5550
120.25,237.92,0,2,1,303,0,0,0,WALLET,INR,0,TXN_113814,CUS_7584
94.95,108.74,1,5,0,497,0,0,0,UPI,USD,0,TXN_107070,CUS_2551
89.93,71.14,0,0,1,132,0,0,0,UPI,INR,0,TXN_106064,CUS_8680
43.98,60.7,0,5,1,293,0,0,0,NET_BANKING,INR,0,TXN_103590,CUS_4884
53.24,78.79,1,4,1,115,0,1,0,UPI,USD,0,TXN_111770,CUS_9479
186.57,342.85,0,2,0,387,0,0,0,CARD,USD,0,TXN_101796,CUS_4382
330.04,358.39,0,2,0,540,0,0,0,CARD,INR,0,TXN_109429,CUS_9698
78.93,65.69,0,1,0,91,0,1,0,NET_BANKING,EUR,0,TXN_101590,CUS_1605
74.57,77.94,0,4,0,35,0,0,0,CARD,INR,0,TXN_104797,CUS_9758
92.93,81.78,0,1,0,242,0,0,0,UPI,INR,0,TXN_110059,CUS_7867
37.23,46.1,1,4,0,51,0,0,0,CARD,INR,0,TXN_110022,CUS_1411
284.59,262.86,1,4,0,524,0,0,0,UPI,INR,0,TXN_104189,CUS_9537
63.56,50.44,1,2,0,84,0,0,0,CARD,INR,0,TXN_102194,CUS_7188
171.73,164.61,1,2,0,111,1,0,0,UPI,INR,0,TXN_110030,CUS_9280
73.63,52.96,1,1,0,313,0,0,0,CARD,INR,0,TXN_108302,CUS_6232
178.1,158.07,0,1,0,158,0,0,0,CARD,EUR,0,TXN_100243,CUS_3354
312.86,197.41,0,2,0,284,1,0,0,UPI,INR,0,TXN_111623,CUS_1826
190.67,137.19,0,2,0,346,0,0,0,UPI,INR,0,TXN_110882,CUS_6693
90.12,76.01,0,1,0,159,0,0,0,NET_BANKING,EUR,0,TXN_100514,CUS_3337
214.28,185.95,0,2,0,130,0,1,0,CARD,INR,0,TXN_112442,CUS_9464
79.07,79.79,0,3,0,309,0,1,0,CARD,INR,0,TXN_107569,CUS_8424
53.07,39.98,1,7,0,49,0,0,0,CARD,INR,0,TXN_107485,CUS_1640
79.35,95.38,0,1,0,241,0,0,0,CARD,INR,0,TXN_103781,CUS_2502
69.68,68.12,1,2,0,583,0,0,0,WALLET,INR,0,TXN_104913,CUS_1489
48.42,94.28,0,2,0,159,0,0,0,CARD,INR,0,TXN_103056,CUS_6478
65.12,99.9,0,2,0,188,0,0,0,NET_BANKING,INR,0,TXN_104976,CUS_2224
38.2,49.71,0,2,0,51,0,0,0,CARD,INR,0,TXN_101645,CUS_2113
41.13,58.36,0,6,0,274,0,0,0,WALLET,INR,0,TXN_100047,CUS_1412
80.38,81.44,1,3,0,151,0,0,0,NET_BANKING,INR,0,TXN_114583,CUS_5621
84.79,64.51,1,5,0,39,0,0,0,NET_BANKING,EUR,0,TXN_112778,CUS_9960
106.72,97.89,0,2,0,118,0,0,0,CARD,INR,0,TXN_106094,CUS_4954
122.44,96.71,0,3,0,175,0,0,0,CARD,USD,0,TXN_102394,CUS_8644
196.18,278.34,0,2,1,132,0,0,0,CARD,INR,0,TXN_102984,CUS_1744
172.54,204.43,0,2,0,460,0,0,0,NET_BANKING,INR,0,TXN_101009,CUS_7316
106.8,92.69,0,3,0,313,0,0,0,CARD,INR,0,TXN_101836,CUS_9566
101.86,97.7,1,2,0,135,0,0,0,WALLET,EUR,0,TXN_106255,CUS_8366
55.22,51.21,0,3,1,376,0,0,0,UPI,INR,0,TXN_105070,CUS_1916
24.83,64.73,0,1,0,53,1,1,0,CARD,USD,0,TXN_107828,CUS_5292
226.2,170.54,1,2,0,58,0,0,0,UPI,INR,0,TXN_100029,CUS_9589
57.59,95.17,0,3,0,322,0,0,0,CARD,INR,0,TXN_114430,CUS_5433
141.81,105.42,0,0,0,95,0,0,0,CARD,USD,0,TXN_111736,CUS_1349
98.9,74.56,2,3,0,188,0,1,0,WALLET,USD,0,TXN_112861,CUS_1306
65.29,38.63,1,4,1,145,1,0,0,CARD,USD,0,TXN_108666,CUS_8272
78.06,67.11,0,1,0,325,0,0,0,CARD,USD,0,TXN_103904,CUS_2554
73.57,101.46,1,2,0,97,0,0,0,NET_BANKING,USD,0,TXN_102457,CUS_9786
34.67,41.19,0,5,1,389,0,1,0,WALLET,INR,0,TXN_106553,CUS_1823
157.0,99.5,0,3,0,183,0,0,0,CARD,INR,0,TXN_105687,CUS_6577
101.02,102.1,1,3,0,67,0,0,0,CARD,USD,0,TXN_111606,CUS_9089
71.2,67.91,1,3,0,76,0,0,0,WALLET,INR,0,TXN_108438,CUS_5960
85.21,104.12,1,2,0,130,0,0,0,NET_BANKING,USD,0,TXN_109032,CUS_1330
164.58,205.62,0,1,0,132,1,0,0,CARD,USD,0,TXN_106093,CUS_5908
84.95,98.05,0,2,0,290,0,0,0,UPI,INR,0,TXN_106673,CUS_4705
81.82,133.34,0,1,0,251,0,0,0,CARD,INR,0,TXN_114489,CUS_8192
38.34,38.7,0,3,0,480,0,0,0,UPI,INR,0,TXN_110768,CUS_6555
38.34,27.18,0,0,0,191,0,0,0,CARD,INR,0,TXN_101069,CUS_8887
104.54,124.42,0,3,0,38,0,0,0,CARD,INR,0,TXN_100147,CUS_4383
767.35,529.73,1,4,1,322,0,0,0,CARD,INR,0,TXN_110393,CUS_9258
97.82,90.85,0,3,0,833,0,0,0,NET_BANKING,INR,0,TXN_114912,CUS_6208
247.93,262.0,1,2,0,686,0,0,0,CARD,INR,0,TXN_108495,CUS_5681
5.0,64.74,1,2,0,369,0,0,0,CARD,USD,0,TXN_101073,CUS_3206
79.3,77.13,0,1,0,317,0,0,0,UPI,USD,0,TXN_104079,CUS_1380
176.53,173.39,0,1,0,166,0,0,0,CARD,USD,0,TXN_108872,CUS_6163
33.51,93.23,0,2,0,281,0,0,0,UPI,USD,0,TXN_109432,CUS_9122
55.14,45.3,0,1,0,80,0,0,0,CARD,EUR,0,TXN_101461,CUS_8164
160.46,219.87,0,2,1,1066,0,0,0,UPI,INR,0,TXN_114642,CUS_4448
43.05,90.58,1,3,0,96,0,0,0,CARD,EUR,0,TXN_104409,CUS_3298
107.13,105.33,1,3,0,186,0,0,0,UPI,INR,0,TXN_105624,CUS_4243
45.51,64.15,0,2,0,142,1,0,0,CARD,INR,0,TXN_100963,CUS_2620
116.24,83.13,0,6,0,675,0,1,0,CARD,USD,0,TXN_108185,CUS_4317
71.43,64.35,0,5,0,132,0,1,0,CARD,INR,0,TXN_104776,CUS_3149
27.76,45.08,0,6,0,199,0,0,0,UPI,EUR,0,TXN_104519,CUS_4127
145.07,141.44,0,2,0,558,0,0,0,UPI,INR,0,TXN_114970,CUS_2802
47.75,45.73,0,1,0,49,0,0,0,CARD,EUR,0,TXN_114069,CUS_8202
207.62,307.91,1,1,0,478,0,1,0,CARD,EUR,0,TXN_106823,CUS_4451
107.77,102.38,0,3,0,108,0,0,0,UPI,USD,0,TXN_114203,CUS_8931
42.15,38.83,0,2,0,228,0,0,0,UPI,INR,0,TXN_111901,CUS_3813
48.16,55.33,0,2,0,346,0,0,0,UPI,INR,0,TXN_107996,CUS_8300
195.33,133.6,0,2,1,268,0,0,0,CARD,INR,0,TXN_108396,CUS_4219
76.98,130.75,0,2,0,246,0,0,0,CARD,EUR,0,TXN_108962,CUS_6437
102.98,97.07,1,4,0,141,0,0,0,WALLET,INR,0,TXN_113139,CUS_3587
120.4,104.54,1,2,0,849,0,0,0,WALLET,USD,0,TXN_100839,CUS_6151
67.81,70.25,1,2,0,257,0,0,0,CARD,INR,0,TXN_108012,CUS_9980
77.93,69.74,0,1,0,36,0,0,0,NET_BANKING,INR,0,TXN_113210,CUS_7986
80.54,102.86,0,1,0,332,0,0,0,CARD,USD,0,TXN_108549,CUS_3779
193.14,178.94,0,2,0,140,0,0,0,NET_BANKING,INR,0,TXN_111607,CUS_3351
199.64,247.3,0,3,0,438,0,0,0,UPI,INR,0,TXN_110571,CUS_9938
144.82,104.48,1,4,0,93,0,0,0,UPI,USD,0,TXN_107105,CUS_4158
161.33,142.91,1,2,0,352,0,0,0,NET_BANKING,EUR,0,TXN_112656,CUS_1158
85.37,77.77,0,0,0,322,0,0,0,CARD,USD,0,TXN_114709,CUS_5834
43.72,39.04,0,2,1,109,0,0,0,CARD,INR,0,TXN_102018,CUS_5459
63.04,134.62,0,2,0,113,0,1,0,WALLET,USD,0,TXN_105765,CUS_7359
162.27,93.17,1,4,0,244,0,0,0,UPI,INR,0,TXN_104396,CUS_7339
203.79,181.37,0,1,1,431,0,0,0,CARD,INR,0,TXN_100312,CUS_4448
154.21,125.17,1,2,0,161,0,0,0,CARD,INR,0,TXN_103028,CUS_9369
43.38,40.25,0,2,0,125,0,1,0,UPI,EUR,0,TXN_109060,CUS_3627
89.13,66.18,0,4,0,68,0,0,0,CARD,INR,0,TXN_100826,CUS_7639
307.08,156.93,1,1,0,110,0,0,0,UPI,USD,0,TXN_101755,CUS_1213
35.78,63.18,0,1,0,110,0,0,1,CARD,USD,0,TXN_104452,CUS_6652
32.55,36.1,0,1,0,115,0,0,0,NET_BANKING,USD,0,TXN_100779,CUS_5684
40.94,67.14,0,2,0,166,0,0,0,UPI,INR,0,TXN_114407,CUS_3320
164.82,122.07,0,3,0,364,0,0,0,NET_BANKING,USD,0,TXN_113636,CUS_2444
29.34,33.94,0,2,0,40,0,1,0,UPI,EUR,0,TXN_103430,CUS_6962
199.1,192.26,0,2,1,182,0,0,0,WALLET,INR,0,TXN_108203,CUS_4967
81.46,62.72,0,1,0,210,0,0,0,UPI,INR,0,TXN_103422,CUS_9769
308.41,233.14,0,2,0,200,0,0,0,WALLET,USD,0,TXN_102618,CUS_7473
186.86,150.23,0,2,1,607,0,0,0,CARD,USD,0,TXN_111263,CUS_6730
38.54,56.78,0,3,0,308,0,0,0,WALLET,EUR,0,TXN_102176,CUS_3771
252.99,262.29,0,3,0,135,0,0,0,WALLET,EUR,0,TXN_110892,CUS_9892
56.94,79.66,0,0,0,112,0,0,0,CARD,EUR,0,TXN_100069,CUS_4404
146.81,117.02,0,2,1,59,0,0,0,UPI,INR,0,TXN_109604,CUS_3123
151.39,175.44,0,3,0,238,0,0,0,NET_BANKING,INR,0,TXN_103729,CUS_6223
261.28,62.42,2,9,3,204,1,1,1,UPI,USD,1,TXN_112681,CUS_7643
377.0,378.9,0,4,1,173,1,0,0,UPI,INR,0,TXN_104554,CUS_1267
108.05,187.22,0,6,0,159,0,0,0,CARD,INR,0,TXN_108088,CUS_8912
77.27,89.76,0,3,0,72,0,0,0,NET_BANKING,INR,0,TXN_112996,CUS_1056
131.37,100.86,1,4,0,1226,0,1,0,UPI,EUR,0,TXN_102009,CUS_4118
170.47,106.72,1,4,0,357,1,0,1,CARD,USD,0,TXN_109314,CUS_9992
78.24,84.8,0,0,0,436,0,0,0,NET_BANKING,USD,0,TXN_100765,CUS_7997
35.26,68.5,1,3,0,74,0,0,0,CARD,USD,0,TXN_105909,CUS_2342
242.07,231.54,1,3,0,696,0,0,0,CARD,INR,0,TXN_106316,CUS_9671
918.3,126.75,5,10,2,40,1,1,3,CARD,USD,1,TXN_105851,CUS_4810
79.7,70.95,0,0,0,67,0,0,0,CARD,USD,0,TXN_101886,CUS_2810
146.69,184.55,0,5,0,519,0,0,0,UPI,INR,0,TXN_101075,CUS_3149
104.91,82.06,0,2,0,30,0,0,0,WALLET,INR,0,TXN_105781,CUS_5613
5.0,103.46,0,3,0,600,0,0,0,NET_BANKING,INR,0,TXN_113687,CUS_4472
48.25,51.19,0,3,0,153,0,0,0,CARD,USD,0,TXN_103931,CUS_1507
189.08,119.92,0,6,0,85,0,0,0,CARD,INR,0,TXN_102241,CUS_2729
95.91,92.33,1,2,0,874,0,0,0,CARD,INR,0,TXN_105572,CUS_4216
278.22,205.24,0,3,0,121,1,0,0,CARD,USD,0,TXN_104466,CUS_4931
80.28,172.0,1,3,1,263,0,0,0,CARD,INR,0,TXN_109677,CUS_2725
103.66,61.85,1,3,0,405,0,0,0,NET_BANKING,USD,0,TXN_101109,CUS_8034
98.92,121.86,0,2,0,32,0,0,0,CARD,INR,0,TXN_100368,CUS_6873
61.69,89.3,1,5,0,278,0,0,0,CARD,USD,0,TXN_112742,CUS_7495
339.4,70.09,6,8,5,3,1,1,1,CARD,USD,1,TXN_113213,CUS_1088
67.41,55.05,1,1,0,79,0,0,0,WALLET,INR,0,TXN_113830,CUS_2742
75.27,89.64,1,1,0,116,0,1,0,CARD,USD,0,TXN_105075,CUS_7427
162.34,139.2,1,3,0,91,1,0,0,UPI,INR,0,TXN_113876,CUS_3029
242.22,199.65,0,1,0,131,0,0,0,UPI,INR,0,TXN_106214,CUS_9608
318.59,312.94,0,4,0,84,0,0,0,WALLET,INR,0,TXN_106916,CUS_8123
154.86,104.83,0,2,0,254,0,1,0,UPI,INR,0,TXN_105177,CUS_7909
107.61,115.35,0,1,0,196,0,0,0,CARD,USD,0,TXN_102370,CUS_7965
5.09,114.23,5,9,5,100,1,0,0,WALLET,INR,1,TXN_112849,CUS_7066
31.73,41.75,0,3,0,63,0,0,0,CARD,INR,0,TXN_102589,CUS_4700
187.94,215.97,0,1,0,132,0,0,0,WALLET,USD,0,TXN_100367,CUS_3664
260.29,201.11,0,1,0,556,0,0,0,UPI,INR,0,TXN_104169,CUS_8850
54.15,56.93,0,4,0,183,0,0,0,CARD,USD,0,TXN_107582,CUS_5790
68.01,60.3,0,3,0,74,0,0,0,UPI,INR,0,TXN_105270,CUS_1923
121.28,122.89,0,1,0,124,0,0,0,WALLET,USD,0,TXN_103762,CUS_5376
140.83,149.86,0,2,1,441,0,0,0,CARD,INR,0,TXN_112461,CUS_9592
53.82,113.59,1,3,0,821,0,0,0,WALLET,INR,0,TXN_106690,CUS_4932
156.55,119.71,0,2,0,66,1,0,0,CARD,INR,0,TXN_102650,CUS_8930
153.98,105.08,0,1,0,125,0,0,0,CARD,INR,0,TXN_105249,CUS_1777
115.65,90.25,1,5,0,123,0,0,0,UPI,USD,0,TXN_112967,CUS_7844
61.04,49.48,0,1,0,297,0,0,0,CARD,USD,0,TXN_108677,CUS_9105
111.44,131.71,0,2,1,110,0,0,0,CARD,INR,0,TXN_102942,CUS_6337
281.79,180.53,0,1,1,279,0,0,0,CARD,INR,0,TXN_105488,CUS_3124
71.6,90.26,1,6,0,326,0,0,0,CARD,USD,0,TXN_103818,CUS_1729
81.83,45.93,0,0,0,441,0,0,0,UPI,USD,0,TXN_100784,CUS_6025
86.17,40.12,0,3,0,65,0,0,0,WALLET,INR,0,TXN_104320,CUS_3327
912.34,824.51,0,2,0,44,0,0,0,UPI,INR,0,TXN_104588,CUS_7959
247.43,354.11,1,3,1,386,0,1,0,NET_BANKING,INR,0,TXN_110658,CUS_3157
52.5,41.56,0,1,0,441,0,0,0,UPI,USD,0,TXN_110379,CUS_5695
114.37,88.24,1,3,0,44,0,0,0,CARD,INR,0,TXN_109306,CUS_1063
61.44,65.79,0,2,0,287,0,0,0,CARD,INR,0,TXN_106937,CUS_1547
905.89,509.49,1,5,0,204,1,0,0,WALLET,INR,0,TXN_111403,CUS_1853
10.45,26.45,0,3,0,53,1,0,0,UPI,INR,0,TXN_105004,CUS_1276
80.42,70.13,0,1,0,425,0,0,0,NET_BANKING,INR,0,TXN_105266,CUS_1695
70.63,111.19,1,3,0,679,1,0,0,UPI,INR,0,TXN_109342,CUS_1362
38.04,62.71,0,1,0,133,0,0,0,CARD,EUR,0,TXN_112848,CUS_1784
164.12,188.6,0,5,0,767,0,0,0,UPI,USD,0,TXN_111744,CUS_1999
82.29,56.42,0,2,0,39,0,0,0,NET_BANKING,INR,0,TXN_114108,CUS_5901
114.08,187.61,0,2,0,320,0,0,0,CARD,USD,0,TXN_105418,CUS_2251
39.07,27.03,1,3,0,502,0,0,0,CARD,INR,0,TXN_103097,CUS_8873
128.83,118.87,1,3,0,54,0,0,0,CARD,USD,0,TXN_103460,CUS_3645
201.41,167.26,0,1,0,844,0,0,0,CARD,INR,0,TXN_105503,CUS_2472
286.22,347.11,0,4,0,186,0,0,0,UPI,USD,0,TXN_108019,CUS_8513
63.61,43.8,0,1,0,306,0,0,0,UPI,EUR,0,TXN_114751,CUS_5659
410.9,393.88,1,4,0,243,0,0,0,UPI,EUR,0,TXN_107686,CUS_3673
55.8,77.03,0,4,0,402,0,0,0,UPI,USD,0,TXN_114899,CUS_6897
5.55,26.86,1,6,0,736,0,0,0,CARD,INR,0,TXN_110256,CUS_6585
54.43,58.74,1,4,0,60,0,0,0,UPI,INR,0,TXN_101419,CUS_3968
37.56,32.36,0,1,1,135,0,1,0,CARD,USD,0,TXN_104680,CUS_4359
261.1,212.01,0,2,0,124,0,0,0,CARD,INR,0,TXN_114643,CUS_3468
194.52,231.05,0,2,1,210,0,0,0,UPI,USD,0,TXN_107307,CUS_3672
61.46,81.67,0,1,0,130,0,0,0,CARD,INR,0,TXN_109660,CUS_8416
48.47,79.41,0,8,0,40,0,0,0,CARD,EUR,0,TXN_111793,CUS_1664
129.4,69.0,0,0,0,907,0,1,0,UPI,INR,0,TXN_114510,CUS_8758
138.56,241.42,0,2,0,82,0,0,0,CARD,INR,0,TXN_112519,CUS_9512
83.14,88.48,1,2,0,89,0,0,0,UPI,USD,0,TXN_107474,CUS_5482
352.14,324.05,0,0,0,88,0,0,0,NET_BANKING,USD,0,TXN_103256,CUS_9010
308.93,379.44,0,2,0,232,0,0,0,CARD,USD,0,TXN_106734,CUS_8270
61.35,50.62,0,2,1,186,0,0,0,UPI,INR,0,TXN_110914,CUS_6925
339.23,286.84,0,3,0,90,0,0,0,CARD,USD,0,TXN_101637,CUS_2984
100.1,159.8,0,4,0,145,0,0,0,CARD,INR,0,TXN_105998,CUS_7587
187.98,145.19,0,2,0,451,0,0,0,CARD,EUR,0,TXN_102254,CUS_2322
44.91,58.28,0,2,0,292,0,0,0,CARD,INR,0,TXN_108776,CUS_4864
122.68,138.99,1,9,0,664,0,0,0,NET_BANKING,USD,0,TXN_114179,CUS_7964
91.23,263.76,1,2,0,133,0,0,0,UPI,INR,0,TXN_112706,CUS_2700
41.66,64.88,0,2,0,311,0,0,0,WALLET,INR,0,TXN_104549,CUS_9996
206.64,378.91,1,6,0,515,0,0,0,CARD,INR,0,TXN_113503,CUS_8187
20.58,58.65,0,2,0,276,0,0,0,CARD,INR,0,TXN_104744,CUS_5717
154.71,128.55,1,2,0,104,0,0,0,WALLET,INR,0,TXN_112599,CUS_7804
99.13,65.5,1,2,0,301,0,0,0,CARD,INR,0,TXN_105126,CUS_8444
72.74,106.05,1,3,0,297,1,0,0,CARD,INR,0,TXN_107871,CUS_4237
53.32,95.54,0,4,0,119,0,1,0,CARD,INR,0,TXN_114621,CUS_8686
170.48,121.56,0,1,0,132,1,0,0,CARD,INR,0,TXN_103404,CUS_4030
121.06,202.2,1,3,0,148,0,0,0,CARD,INR,0,TXN_106963,CUS_3941
663.92,57.2,5,17,1,212,1,1,0,CARD,INR,1,TXN_107025,CUS_8026
79.12,66.36,0,7,0,79,0,0,0,NET_BANKING,USD,0,TXN_108553,CUS_5059
160.24,115.71,1,4,0,100,0,0,0,UPI,EUR,0,TXN_101746,CUS_3987
17.82,60.27,0,1,0,432,0,0,0,CARD,INR,0,TXN_100213,CUS_1938
42.26,87.7,1,4,0,398,0,1,0,CARD,EUR,0,TXN_105823,CUS_2047
60.64,56.97,0,3,0,73,0,0,0,CARD,INR,0,TXN_110460,CUS_8392
36.42,53.87,0,7,0,403,0,0,0,CARD,INR,0,TXN_102523,CUS_9317
140.91,123.82,0,5,0,198,0,0,0,CARD,INR,0,TXN_105448,CUS_3736
81.7,80.38,0,5,0,165,0,0,0,CARD,USD,0,TXN_113160,CUS_8187
206.44,203.48,0,2,0,513,1,0,0,CARD,USD,0,TXN_100410,CUS_7872
442.35,264.34,0,3,0,61,0,0,0,UPI,USD,0,TXN_103204,CUS_3246
77.56,75.08,1,3,0,1140,0,0,0,NET_BANKING,INR,0,TXN_109392,CUS_1893
54.72,46.45,0,3,1,350,0,0,0,CARD,USD,0,TXN_112833,CUS_1000
4.3,69.58,2,14,0,29,1,1,2,NET_BANKING,USD,1,TXN_101363,CUS_6287
215.48,54.77,6,6,3,4,1,1,0,CARD,INR,1,TXN_101433,CUS_2956
178.84,106.31,0,3,0,346,0,0,0,CARD,USD,0,TXN_110018,CUS_1889
241.59,218.16,0,2,1,624,0,0,0,WALLET,INR,0,TXN_110242,CUS_5643
58.42,77.41,0,2,0,624,0,0,0,CARD,INR,0,TXN_107175,CUS_2966
33.12,21.93,0,0,0,88,0,0,0,CARD,INR,0,TXN_113101,CUS_3635
52.49,41.14,0,1,0,53,0,0,0,UPI,EUR,0,TXN_105632,CUS_8662
660.27,627.74,0,0,1,59,0,1,0,UPI,INR,0,TXN_111305,CUS_4399
133.05,111.72,1,1,0,335,0,0,0,CARD,INR,0,TXN_101475,CUS_6464
757.26,546.57,0,2,0,629,0,0,0,CARD,INR,0,TXN_102588,CUS_4742
299.04,195.3,1,4,1,128,0,0,0,CARD,USD,0,TXN_111624,CUS_6207
173.78,104.04,0,5,0,39,0,0,0,CARD,INR,0,TXN_112310,CUS_8065
306.18,296.49,0,1,0,206,0,0,0,CARD,INR,0,TXN_109089,CUS_8140
109.34,189.14,1,3,0,103,0,1,0,CARD,INR,0,TXN_101207,CUS_2197
374.36,386.72,0,2,0,87,1,1,0,CARD,INR,0,TXN_108291,CUS_5927
49.75,48.93,1,1,0,147,0,0,0,CARD,INR,0,TXN_101007,CUS_2455
139.41,106.32,0,2,0,102,0,1,0,UPI,USD,0,TXN_112265,CUS_1337
193.01,179.0,0,4,0,189,0,0,0,NET_BANKING,INR,0,TXN_100391,CUS_1814
91.52,149.92,0,2,0,282,0,0,0,CARD,INR,0,TXN_109469,CUS_5331
47.56,75.82,1,4,0,147,0,0,0,CARD,INR,0,TXN_103613,CUS_5085
431.39,372.53,2,3,0,38,0,0,0,UPI,EUR,0,TXN_100509,CUS_1296
271.6,166.41,1,3,0,441,0,0,0,WALLET,EUR,0,TXN_108795,CUS_3121
437.06,321.35,0,3,0,724,0,0,0,CARD,INR,0,TXN_105979,CUS_7879
58.58,73.71,0,6,0,208,0,0,0,NET_BANKING,INR,0,TXN_106054,CUS_6626
64.27,89.92,0,2,0,462,0,1,0,CARD,INR,0,TXN_100595,CUS_4683
16.92,23.38,0,2,0,351,0,0,0,NET_BANKING,INR,0,TXN_105081,CUS_2501
101.63,55.44,0,4,0,236,0,0,0,CARD,INR,0,TXN_104590,CUS_1438
74.85,65.56,2,5,0,394,0,0,0,CARD,INR,0,TXN_110045,CUS_2470
153.84,141.9,0,1,1,1091,1,0,0,CARD,USD,0,TXN_114513,CUS_1795
148.95,150.34,0,0,0,100,0,0,0,CARD,INR,0,TXN_113204,CUS_3250
78.82,85.51,0,2,0,359,0,0,0,CARD,INR,0,TXN_102035,CUS_2748
16.6,44.62,0,1,0,60,0,0,0,CARD,USD,0,TXN_100458,CUS_5823
102.06,114.47,0,2,1,137,0,0,0,CARD,INR,0,TXN_100898,CUS_3629
32.8,23.07,1,2,0,233,0,0,0,CARD,INR,0,TXN_102714,CUS_4389
38.82,54.5,1,3,0,183,1,0,0,NET_BANKING,INR,0,TXN_105675,CUS_2978
115.95,91.66,1,4,0,32,0,0,0,CARD,INR,0,TXN_107478,CUS_3744
110.14,89.13,0,2,0,186,0,0,0,CARD,USD,0,TXN_100421,CUS_5834
137.06,161.36,0,0,0,272,0,1,0,CARD,INR,0,TXN_111043,CUS_4386
184.43,140.4,0,2,0,297,0,0,0,UPI,EUR,0,TXN_114331,CUS_9572
154.05,148.55,0,2,0,115,0,0,0,CARD,INR,0,TXN_105344,CUS_1603
106.69,136.28,0,2,0,46,0,0,0,UPI,USD,0,TXN_110713,CUS_6881
58.66,52.2,1,3,0,754,0,0,0,CARD,INR,0,TXN_101860,CUS_3626
28.47,46.02,1,3,1,268,0,0,0,NET_BANKING,INR,0,TXN_102100,CUS_8379
39.56,46.08,1,7,1,206,0,0,0,WALLET,INR,0,TXN_101760,CUS_7378
200.24,173.59,0,1,0,214,0,0,0,CARD,USD,0,TXN_112554,CUS_3971
83.77,91.56,0,2,0,482,0,0,0,CARD,INR,0,TXN_112252,CUS_2395
75.82,91.05,0,0,0,252,0,0,0,CARD,INR,0,TXN_113008,CUS_8909
195.39,155.09,1,2,0,66,0,0,0,CARD,INR,0,TXN_109590,CUS_6667
38.06,35.55,0,4,0,268,0,0,0,CARD,EUR,0,TXN_103115,CUS_1325
43.82,44.18,0,1,0,142,0,0,0,CARD,INR,0,TXN_113556,CUS_6569
40.26,60.85,0,3,0,91,0,0,0,CARD,USD,0,TXN_104663,CUS_3309
48.88,42.14,1,2,0,169,0,0,0,CARD,INR,0,TXN_100525,CUS_8483
56.99,74.7,0,1,1,35,0,1,0,CARD,USD,0,TXN_108777,CUS_2631
219.12,157.64,0,3,1,164,0,0,0,UPI,INR,0,TXN_100404,CUS_3167
53.11,78.35,1,2,0,375,0,0,0,CARD,USD,0,TXN_103063,CUS_4261
70.48,136.98,1,1,0,41,0,0,0,CARD,USD,0,TXN_104375,CUS_9971
29.71,50.31,0,4,0,64,0,0,0,WALLET,INR,0,TXN_101077,CUS_2740
47.06,44.56,0,4,0,525,0,0,0,CARD,USD,0,TXN_101749,CUS_4965
58.12,175.33,0,3,0,800,0,0,0,CARD,USD,0,TXN_113265,CUS_1504
152.74,132.61,1,1,0,96,0,0,0,CARD,INR,0,TXN_108055,CUS_4561
102.39,119.24,0,3,0,761,0,0,0,UPI,USD,0,TXN_106828,CUS_5277
44.42,77.7,0,4,0,84,0,0,0,UPI,USD,0,TXN_105659,CUS_4465
92.05,64.17,1,4,1,301,0,0,0,NET_BANKING,INR,0,TXN_110763,CUS_6552
89.89,73.17,2,5,0,332,0,0,0,CARD,INR,0,TXN_114748,CUS_8618
138.03,126.03,1,2,0,43,1,0,0,CARD,USD,0,TXN_103328,CUS_9697
106.87,104.1,0,3,0,547,0,1,0,CARD,USD,0,TXN_112913,CUS_1680
705.66,404.37,1,5,0,37,0,0,0,CARD,INR,0,TXN_100062,CUS_2385
73.83,85.0,0,1,0,95,0,0,0,CARD,INR,0,TXN_112912,CUS_6319
283.24,220.77,0,4,0,261,0,0,0,UPI,INR,0,TXN_103884,CUS_1140
1084.89,882.79,2,5,0,182,0,0,0,CARD,INR,0,TXN_101084,CUS_3538
467.12,306.76,1,3,0,607,0,0,0,WALLET,INR,0,TXN_110054,CUS_9142
143.28,255.29,0,1,0,536,0,1,0,UPI,INR,0,TXN_103437,CUS_3307
111.41,98.72,2,7,0,197,0,0,0,CARD,INR,0,TXN_105129,CUS_8082
42.84,30.84,0,2,0,183,0,0,0,CARD,INR,0,TXN_111548,CUS_6400
42.93,37.55,0,0,1,35,0,0,0,CARD,INR,0,TXN_101587,CUS_9405
167.66,92.22,0,3,0,136,1,0,0,WALLET,INR,0,TXN_111935,CUS_2930
370.92,239.04,1,4,1,345,0,0,0,UPI,INR,0,TXN_106562,CUS_4560
345.96,503.66,0,1,0,76,0,0,0,CARD,INR,0,TXN_109817,CUS_6866
469.03,374.49,0,2,0,1432,0,1,0,UPI,INR,0,TXN_113276,CUS_8862
158.34,144.75,0,5,0,145,0,0,0,CARD,USD,0,TXN_104012,CUS_2220
137.51,85.93,0,1,0,257,0,0,0,CARD,EUR,0,TXN_102520,CUS_8861
21.22,37.39,1,2,0,87,1,0,0,CARD,INR,0,TXN_103370,CUS_9425
151.06,87.0,0,1,0,125,0,0,0,UPI,USD,0,TXN_100795,CUS_4843
138.8,148.77,0,2,0,105,1,1,0,UPI,USD,0,TXN_101399,CUS_7887
101.52,169.47,1,3,0,213,0,0,0,UPI,USD,0,TXN_105736,CUS_7720
161.15,207.47,0,0,0,198,0,0,0,UPI,INR,0,TXN_103737,CUS_5382
156.74,164.49,2,6,0,67,0,0,0,UPI,USD,0,TXN_107172,CUS_8567
56.08,86.38,0,2,0,68,1,0,0,CARD,INR,0,TXN_113890,CUS_4795
187.93,136.76,0,4,0,33,0,0,0,UPI,USD,0,TXN_109069,CUS_9975
150.89,213.02,0,5,0,368,0,0,0,CARD,EUR,0,TXN_108668,CUS_3565
151.29,227.4,1,3,0,322,0,0,0,UPI,INR,0,TXN_106723,CUS_7305
132.81,253.86,0,5,0,64,0,1,0,CARD,INR,0,TXN_105699,CUS_5669
242.75,227.91,0,4,0,77,0,0,0,CARD,INR,0,TXN_102799,CUS_8264
103.75,88.66,1,3,0,547,0,0,0,CARD,INR,0,TXN_102710,CUS_3021
191.03,298.39,1,3,0,132,0,1,0,CARD,INR,0,TXN_108174,CUS_5663
117.67,106.69,0,3,0,413,0,0,0,UPI,INR,0,TXN_109825,CUS_4806
196.79,247.6,0,3,1,322,0,0,0,CARD,INR,0,TXN_105170,CUS_5801
82.3,50.23,1,2,0,36,0,0,0,CARD,EUR,0,TXN_110077,CUS_6136
246.89,187.49,0,1,0,585,0,1,0,CARD,INR,0,TXN_102570,CUS_7324
5.92,44.54,0,2,0,231,0,1,0,CARD,EUR,0,TXN_109976,CUS_5346
30.62,39.17,1,5,1,55,0,0,0,WALLET,USD,0,TXN_107232,CUS_6438
387.62,296.99,0,2,0,74,0,1,0,CARD,EUR,0,TXN_109605,CUS_8586
50.39,54.01,0,3,0,561,0,1,0,CARD,USD,0,TXN_113763,CUS_5607
146.03,107.31,1,1,0,594,0,0,0,CARD,INR,0,TXN_106294,CUS_2945
194.29,177.09,0,1,0,644,1,0,0,CARD,INR,0,TXN_102174,CUS_1677
46.6,36.69,0,0,0,412,0,0,0,UPI,INR,0,TXN_106639,CUS_1147
84.79,102.93,0,3,1,156,0,0,0,UPI,USD,0,TXN_106101,CUS_8244
400.87,478.51,0,3,0,198,0,0,0,WALLET,INR,0,TXN_101414,CUS_2852
95.42,103.76,0,2,0,73,0,0,0,NET_BANKING,USD,0,TXN_103745,CUS_4086
124.03,188.64,0,5,0,154,0,0,0,CARD,USD,0,TXN_108601,CUS_7754
169.38,131.93,0,1,1,1052,0,0,0,WALLET,INR,0,TXN_108964,CUS_6285
63.08,54.18,1,6,0,471,0,0,0,CARD,USD,0,TXN_105763,CUS_8252
185.08,165.93,1,5,0,783,0,0,0,CARD,EUR,0,TXN_102180,CUS_9828
231.64,190.51,0,1,0,393,0,0,0,NET_BANKING,INR,0,TXN_113883,CUS_7981
147.02,110.83,0,3,0,561,0,0,0,NET_BANKING,INR,0,TXN_112987,CUS_8808
83.49,88.54,0,2,0,543,0,0,0,CARD,EUR,0,TXN_108899,CUS_9776
84.03,62.78,0,1,0,143,0,0,0,UPI,USD,0,TXN_111515,CUS_9588
193.21,196.01,0,3,1,167,1,0,0,CARD,INR,0,TXN_103708,CUS_9398
35.79,46.87,0,1,1,1098,0,0,0,CARD,USD,0,TXN_112786,CUS_4234
386.83,329.1,0,1,0,321,0,0,0,CARD,USD,0,TXN_104399,CUS_6118
98.0,102.06,1,3,1,96,0,0,0,UPI,USD,0,TXN_112304,CUS_2435
43.14,54.0,0,3,0,430,0,0,0,CARD,INR,0,TXN_111643,CUS_3934
23.64,41.33,0,0,0,63,0,0,0,UPI,USD,0,TXN_106332,CUS_2640
75.19,115.91,0,1,0,102,0,0,0,NET_BANKING,USD,0,TXN_106677,CUS_3338
92.01,100.73,0,1,0,386,0,0,0,CARD,INR,0,TXN_104071,CUS_3252
263.71,160.07,0,0,0,76,0,0,0,CARD,USD,0,TXN_107764,CUS_8478
115.39,100.93,0,1,0,99,0,0,0,NET_BANKING,USD,0,TXN_109207,CUS_2392
77.05,58.12,1,2,0,74,0,0,0,CARD,USD,0,TXN_104497,CUS_6411
1008.22,745.27,0,1,0,47,0,1,0,CARD,INR,0,TXN_110049,CUS_1965
99.09,202.37,0,1,0,50,0,0,0,CARD,INR,0,TXN_100945,CUS_2674
503.31,325.49,0,2,0,1105,0,1,0,NET_BANKING,INR,0,TXN_108058,CUS_3625
199.73,197.92,0,6,0,67,1,0,0,CARD,INR,0,TXN_113205,CUS_5396
34.66,39.63,0,0,0,246,0,0,0,NET_BANKING,INR,0,TXN_106198,CUS_7490
28.01,23.71,1,2,1,77,0,0,0,UPI,EUR,0,TXN_111490,CUS_3025
136.66,180.7,0,1,0,554,1,0,0,CARD,USD,0,TXN_100203,CUS_2577
446.34,335.11,0,2,0,639,1,0,0,NET_BANKING,INR,0,TXN_107741,CUS_6420
694.0,611.59,0,0,0,432,0,0,0,NET_BANKING,USD,0,TXN_111525,CUS_2969
102.62,88.05,1,4,0,723,0,0,0,CARD,INR,0,TXN_100727,CUS_5647
6.87,80.29,2,3,0,177,0,0,0,CARD,INR,0,TXN_102137,CUS_2255
79.16,99.23,0,1,1,440,0,0,0,CARD,INR,0,TXN_106720,CUS_7765
209.44,292.82,0,3,0,373,0,0,0,NET_BANKING,USD,0,TXN_105192,CUS_6563
104.84,78.0,0,1,0,269,1,1,0,CARD,USD,0,TXN_101842,CUS_6581
203.98,30.82,5,12,2,55,1,0,2,UPI,EUR,1,TXN_103339,CUS_1049
107.22,175.49,1,1,0,577,0,0,0,NET_BANKING,INR,0,TXN_103819,CUS_5953
70.01,70.22,0,0,0,67,0,0,0,CARD,INR,0,TXN_107412,CUS_8934
146.45,125.83,0,4,0,87,0,0,0,NET_BANKING,USD,0,TXN_100578,CUS_1514
124.7,84.09,2,4,0,51,1,0,0,UPI,USD,0,TXN_101223,CUS_2990
69.35,76.72,1,4,0,32,0,0,0,NET_BANKING,USD,0,TXN_111397,CUS_2430
207.27,133.26,1,2,0,85,0,0,0,CARD,INR,0,TXN_106496,CUS_8874
53.83,65.38,0,2,2,564,0,0,0,CARD,INR,0,TXN_100238,CUS_7674
551.93,360.29,0,2,0,56,0,0,0,CARD,INR,0,TXN_111924,CUS_8371
119.79,123.33,0,2,1,352,0,0,0,CARD,INR,0,TXN_107948,CUS_9704
102.59,94.64,0,2,0,296,0,0,0,UPI,INR,0,TXN_110278,CUS_2301
173.03,178.7,0,2,0,128,0,0,0,UPI,INR,0,TXN_102626,CUS_6873
270.0,207.88,0,2,0,239,0,0,0,CARD,INR,0,TXN_111131,CUS_8501
390.36,462.25,3,6,0,203,0,0,0,CARD,USD,0,TXN_109725,CUS_3044
73.57,52.82,0,4,0,514,0,0,0,UPI,INR,0,TXN_108558,CUS_8698
53.03,53.34,1,4,0,159,0,0,0,UPI,INR,0,TXN_105948,CUS_1339
133.92,102.8,1,3,1,99,0,0,0,CARD,INR,0,TXN_111660,CUS_9227
114.2,108.88,0,4,0,254,0,0,0,CARD,INR,0,TXN_108996,CUS_5873
285.38,406.84,0,5,0,64,0,0,0,WALLET,INR,0,TXN_100971,CUS_7605
642.94,593.43,1,2,0,40,0,1,0,WALLET,INR,0,TXN_105247,CUS_1482
97.56,108.55,0,4,0,101,0,0,0,NET_BANKING,USD,0,TXN_107719,CUS_5012
50.78,82.94,1,2,0,96,0,0,0,NET_BANKING,INR,0,TXN_108647,CUS_9239
44.2,53.37,1,2,1,52,0,0,0,UPI,INR,0,TXN_100524,CUS_8806
198.24,148.63,0,0,0,611,0,0,0,CARD,USD,0,TXN_109464,CUS_2146
264.5,365.4,1,1,1,99,0,1,0,CARD,INR,0,TXN_112378,CUS_8106
125.7,154.68,1,3,0,164,0,0,0,NET_BANKING,INR,0,TXN_101887,CUS_4950
96.18,71.4,0,2,0,58,0,1,0,CARD,INR,0,TXN_103911,CUS_9378
48.9,102.36,2,3,0,956,0,1,0,UPI,INR,0,TXN_100832,CUS_8846
62.23,149.49,1,4,0,448,1,0,0,UPI,USD,0,TXN_105285,CUS_4981
135.01,180.09,0,0,0,82,0,0,0,NET_BANKING,INR,0,TXN_105368,CUS_5106
71.19,42.72,0,3,0,132,0,0,0,UPI,USD,0,TXN_111836,CUS_7846
96.9,225.97,0,0,0,162,0,0,0,UPI,USD,0,TXN_106228,CUS_2970
163.47,117.82,0,1,0,309,1,0,0,UPI,INR,0,TXN_103288,CUS_1489
115.44,106.09,1,6,0,366,0,1,0,CARD,INR,0,TXN_112415,CUS_3549
101.01,79.4,0,1,0,117,0,0,0,UPI,EUR,0,TXN_107738,CUS_6507
91.47,66.02,0,2,0,86,1,0,0,CARD,USD,0,TXN_108282,CUS_7964
62.62,51.13,0,1,0,246,0,0,0,CARD,INR,0,TXN_114565,CUS_3795
219.86,263.0,1,2,0,34,0,0,0,CARD,INR,0,TXN_107988,CUS_1037
113.87,140.74,1,4,0,48,0,0,0,CARD,INR,0,TXN_110484,CUS_9592
117.06,121.78,1,2,0,57,0,0,0,UPI,EUR,0,TXN_108539,CUS_3562
237.53,427.3,0,2,0,408,0,0,0,CARD,INR,0,TXN_113673,CUS_7996
42.88,63.36,0,1,0,312,0,0,0,UPI,INR,0,TXN_108729,CUS_6536
34.2,27.55,0,3,0,51,0,0,0,CARD,INR,0,TXN_112217,CUS_4410
38.77,49.5,0,1,0,118,0,0,0,CARD,INR,0,TXN_109091,CUS_9096
115.21,139.26,0,3,0,779,0,0,0,CARD,INR,0,TXN_102013,CUS_3798
23.27,27.66,0,4,0,137,0,1,0,CARD,INR,0,TXN_102302,CUS_2824
266.52,238.4,0,5,1,48,0,1,0,CARD,USD,0,TXN_100776,CUS_8714
90.38,64.27,0,1,0,905,0,0,0,UPI,USD,0,TXN_110940,CUS_4671
89.74,137.3,1,4,1,48,0,0,0,UPI,INR,0,TXN_112641,CUS_1848
78.09,62.27,0,0,0,515,0,0,0,NET_BANKING,INR,0,TXN_106480,CUS_7317
73.35,81.31,1,2,1,725,0,0,0,CARD,USD,0,TXN_107137,CUS_7541
126.26,149.98,0,2,1,424,0,0,0,CARD,INR,0,TXN_114011,CUS_4334
174.93,197.98,1,3,1,77,1,0,0,CARD,INR,0,TXN_104176,CUS_2935
674.01,619.82,1,1,0,552,0,1,0,CARD,INR,0,TXN_107705,CUS_4671
163.06,195.07,0,3,0,54,0,0,0,NET_BANKING,INR,0,TXN_112895,CUS_6712
89.43,103.35,0,3,0,225,0,0,0,CARD,EUR,0,TXN_112994,CUS_7576
70.49,81.46,0,2,0,503,0,1,0,UPI,USD,0,TXN_112942,CUS_7570
129.7,94.31,0,3,0,75,0,0,0,CARD,USD,0,TXN_107169,CUS_1701
354.51,319.56,2,6,0,392,0,0,0,UPI,USD,0,TXN_106537,CUS_1242
244.06,215.22,0,2,0,373,0,0,0,CARD,USD,0,TXN_103657,CUS_3742
168.53,201.82,0,3,0,57,0,0,0,CARD,USD,0,TXN_101750,CUS_4105
25.15,37.51,0,2,0,30,0,0,0,WALLET,INR,0,TXN_109300,CUS_3139
43.94,83.92,0,1,0,36,0,0,0,CARD,INR,0,TXN_105079,CUS_7415
119.77,175.11,0,2,0,116,0,0,0,NET_BANKING,USD,0,TXN_105383,CUS_8423
70.06,53.05,0,2,0,384,0,0,0,CARD,INR,0,TXN_109915,CUS_9868
906.15,64.78,3,10,4,3,1,1,0,CARD,USD,1,TXN_104105,CUS_3399
23.96,27.89,1,4,0,598,0,0,0,WALLET,INR,0,TXN_104720,CUS_3800
109.94,70.57,0,2,1,378,0,0,0,CARD,INR,0,TXN_101714,CUS_4580
111.26,118.24,1,1,0,132,1,0,0,UPI,INR,0,TXN_114536,CUS_5083
27.57,36.09,1,3,0,705,0,0,0,NET_BANKING,INR,0,TXN_101771,CUS_1789
148.1,250.51,0,1,0,529,0,0,0,CARD,INR,0,TXN_110083,CUS_7054
138.05,107.31,1,2,0,91,1,1,0,CARD,USD,0,TXN_104078,CUS_1565
336.87,34.55,7,9,0,89,0,1,3,CARD,EUR,1,TXN_100080,CUS_7496
202.0,321.08,1,2,0,56,0,0,0,UPI,USD,0,TXN_112870,CUS_7661
55.47,67.35,1,3,0,61,0,0,0,CARD,USD,0,TXN_110746,CUS_9994
262.39,242.69,1,1,0,180,0,1,0,UPI,INR,0,TXN_113126,CUS_9209
87.77,76.2,0,1,0,1075,0,0,0,CARD,INR,0,TXN_110533,CUS_9478
140.61,101.89,1,4,0,369,0,0,0,NET_BANKING,USD,0,TXN_111724,CUS_9993
49.38,42.22,1,1,0,72,0,0,0,CARD,INR,0,TXN_101971,CUS_9946
238.67,192.33,1,7,0,35,1,0,0,UPI,EUR,0,TXN_114429,CUS_8895
143.63,112.43,0,2,0,46,0,0,0,CARD,INR,0,TXN_108824,CUS_7030
55.42,87.95,0,1,0,196,0,0,0,CARD,INR,0,TXN_111386,CUS_6060
198.1,191.16,0,1,0,220,0,0,0,UPI,INR,0,TXN_107220,CUS_1691
112.4,105.72,0,4,0,542,0,0,0,UPI,INR,0,TXN_105949,CUS_6791
53.69,64.39,0,2,0,389,0,0,0,UPI,INR,0,TXN_105076,CUS_1448
44.81,53.84,1,3,0,110,0,0,0,CARD,INR,0,TXN_107015,CUS_3786
24.29,81.04,0,4,0,175,0,0,0,CARD,INR,0,TXN_101224,CUS_6143
124.68,96.08,1,2,0,102,0,0,0,UPI,INR,0,TXN_113494,CUS_4411
58.22,54.64,1,5,0,49,0,0,0,UPI,INR,0,TXN_107338,CUS_6457
116.72,119.71,1,1,0,77,1,0,0,UPI,EUR,0,TXN_110614,CUS_5172
103.97,103.47,1,3,0,64,0,0,0,WALLET,INR,0,TXN_103086,CUS_9516
110.25,85.44,0,3,1,346,0,0,0,NET_BANKING,INR,0,TXN_112368,CUS_6686
6.26,44.35,0,2,1,31,0,0,0,WALLET,USD,0,TXN_107042,CUS_2627
62.36,53.04,1,2,0,1242,0,0,0,NET_BANKING,INR,0,TXN_114417,CUS_4203
151.03,96.35,1,4,0,260,0,0,0,WALLET,INR,0,TXN_103771,CUS_9431
181.17,150.36,0,0,1,472,0,0,0,NET_BANKING,INR,0,TXN_111603,CUS_5161
151.42,115.76,1,3,0,40,1,0,0,NET_BANKING,USD,0,TXN_113278,CUS_4947
440.22,290.76,2,2,0,130,0,0,0,UPI,INR,0,TXN_100234,CUS_6759
30.28,30.39,2,8,0,434,0,0,0,WALLET,USD,0,TXN_101068,CUS_3747
23.31,34.81,1,1,0,55,0,0,0,UPI,INR,0,TXN_108137,CUS_6748
56.79,46.25,1,2,0,114,0,1,0,WALLET,INR,0,TXN_108955,CUS_6458
42.48,68.56,1,4,0,588,0,0,0,CARD,INR,0,TXN_107225,CUS_1378
78.47,63.98,0,3,1,41,0,0,0,UPI,INR,0,TXN_106264,CUS_8414
139.29,118.29,0,3,1,126,1,0,0,CARD,USD,0,TXN_113367,CUS_2182
56.24,58.69,1,5,0,963,0,0,0,CARD,INR,0,TXN_114094,CUS_1414
26.36,80.49,1,1,0,76,0,0,0,UPI,INR,0,TXN_102580,CUS_9398
5.0,78.51,0,4,0,139,0,0,0,UPI,INR,0,TXN_112715,CUS_1390
93.07,91.44,1,3,0,164,0,0,0,NET_BANKING,USD,0,TXN_101048,CUS_5694
244.14,189.92,0,1,0,444,1,0,0,CARD,USD,0,TXN_109095,CUS_8663
143.2,142.09,0,2,0,125,0,0,0,CARD,USD,0,TXN_111884,CUS_4036
71.26,52.66,0,2,0,181,1,0,0,WALLET,INR,0,TXN_107482,CUS_3173
144.86,169.33,1,2,0,181,0,0,0,CARD,EUR,0,TXN_101921,CUS_6244
33.6,38.69,0,2,1,1017,0,1,0,CARD,USD,0,TXN_100940,CUS_6947
190.84,203.47,1,2,0,129,1,0,0,CARD,INR,0,TXN_101091,CUS_2614
10.7,62.36,0,1,1,399,0,0,0,CARD,INR,0,TXN_104824,CUS_2219
125.88,124.99,0,4,1,687,1,0,0,UPI,INR,0,TXN_110151,CUS_6707
86.73,111.49,0,1,0,53,0,0,0,UPI,INR,0,TXN_100400,CUS_1875
67.69,58.31,0,5,0,493,0,0,0,CARD,INR,0,TXN_105085,CUS_2708
88.95,162.13,0,2,0,141,0,0,0,CARD,INR,0,TXN_112359,CUS_2011
108.01,218.31,0,2,0,722,0,0,0,NET_BANKING,USD,0,TXN_111320,CUS_5848
128.35,167.08,1,3,0,987,0,0,0,UPI,INR,0,TXN_103797,CUS_9784
51.52,67.15,1,3,0,382,0,0,0,CARD,USD,0,TXN_108616,CUS_3330
21.09,21.68,0,5,0,82,0,0,0,UPI,INR,0,TXN_103665,CUS_5461
770.21,60.01,4,6,3,36,1,0,0,WALLET,INR,1,TXN_114533,CUS_2255
130.69,80.56,1,4,1,426,0,0,0,WALLET,USD,0,TXN_102833,CUS_9432
87.0,75.84,1,4,0,345,0,0,0,CARD,INR,0,TXN_104383,CUS_8282
50.47,93.31,0,3,0,49,0,0,0,CARD,INR,0,TXN_106325,CUS_4713
76.57,48.56,0,1,1,35,0,0,0,CARD,INR,0,TXN_104727,CUS_6545
65.59,72.61,1,4,0,50,0,1,0,CARD,USD,0,TXN_105790,CUS_8349
102.93,118.57,0,1,0,249,0,0,0,CARD,USD,0,TXN_114942,CUS_4824
39.11,39.74,2,3,1,715,0,0,0,UPI,USD,0,TXN_103970,CUS_1253
155.98,107.59,0,6,0,191,0,0,0,UPI,INR,0,TXN_104116,CUS_6271
183.37,155.08,1,2,0,77,1,0,0,UPI,INR,0,TXN_104718,CUS_3640
116.93,103.11,0,2,1,270,0,0,0,UPI,USD,0,TXN_102720,CUS_1954
31.09,45.55,1,6,0,159,0,1,0,UPI,INR,0,TXN_110043,CUS_2102
61.94,167.99,0,3,0,120,0,0,0,UPI,INR,0,TXN_107184,CUS_4890
93.96,98.78,0,3,0,229,0,0,0,UPI,EUR,0,TXN_104366,CUS_2857
492.69,374.18,0,2,0,822,0,0,0,CARD,INR,0,TXN_102107,CUS_6078
424.0,76.68,5,9,5,43,1,1,1,CARD,USD,1,TXN_108075,CUS_5573
68.95,65.04,1,2,0,32,0,0,0,WALLET,USD,0,TXN_111098,CUS_6776
102.79,69.86,1,1,0,210,0,1,0,CARD,INR,0,TXN_102783,CUS_3320
34.12,51.93,0,0,0,100,0,0,0,CARD,INR,0,TXN_107975,CUS_8425
21.27,76.09,0,2,0,369,0,0,0,CARD,INR,0,TXN_108430,CUS_3678
51.53,120.37,0,3,0,999,0,0,0,UPI,USD,0,TXN_108982,CUS_8951
64.05,76.93,0,1,0,221,0,1,0,CARD,USD,0,TXN_113856,CUS_5984
21.4,22.02,0,3,0,141,0,0,0,NET_BANKING,USD,0,TXN_109277,CUS_8777
268.63,186.83,1,2,0,89,0,0,0,CARD,USD,0,TXN_110305,CUS_2780
82.37,61.52,0,1,0,248,0,0,0,CARD,INR,0,TXN_111627,CUS_9930
320.64,43.04,6,12,0,40,1,1,1,CARD,INR,1,TXN_107817,CUS_8199
173.85,150.44,0,3,1,46,0,0,0,CARD,INR,0,TXN_109066,CUS_3168
322.31,361.0,0,1,0,99,0,0,0,CARD,INR,0,TXN_110985,CUS_8341
429.42,204.85,0,0,0,430,0,1,0,NET_BANKING,INR,0,TXN_111328,CUS_3833
255.13,145.54,1,1,0,156,0,0,0,CARD,INR,0,TXN_108108,CUS_7832
175.83,166.57,1,2,0,252,0,0,0,NET_BANKING,INR,0,TXN_102595,CUS_1497
135.04,135.45,1,3,0,188,0,1,0,UPI,INR,0,TXN_100510,CUS_9286
134.79,106.94,0,4,0,221,0,0,0,CARD,INR,0,TXN_104477,CUS_6003
238.23,54.86,4,11,3,63,0,1,1,CARD,USD,1,TXN_110514,CUS_5065
97.48,87.95,1,4,0,352,0,0,0,CARD,INR,0,TXN_101313,CUS_3053
268.49,299.61,1,3,0,33,0,0,0,CARD,INR,0,TXN_100900,CUS_7534
71.93,69.57,2,6,0,98,0,0,0,UPI,USD,0,TXN_114687,CUS_8531
72.49,82.32,0,0,0,468,0,0,0,CARD,INR,0,TXN_102914,CUS_4394
62.17,54.58,0,2,1,711,0,0,0,UPI,INR,0,TXN_113181,CUS_5342
37.86,38.59,0,1,0,1023,0,0,0,CARD,INR,0,TXN_111673,CUS_7464
44.35,48.61,1,7,0,266,0,0,0,CARD,INR,0,TXN_110047,CUS_3798
211.26,164.89,0,2,0,795,0,0,0,CARD,INR,0,TXN_114046,CUS_6127
44.01,52.7,1,5,0,720,0,0,0,UPI,INR,0,TXN_108840,CUS_6564
45.55,90.19,0,3,0,958,0,0,0,CARD,INR,0,TXN_106647,CUS_9581
55.31,43.77,0,2,0,582,0,0,0,CARD,INR,0,TXN_100965,CUS_8508
150.84,125.1,0,4,0,224,0,1,0,NET_BANKING,USD,0,TXN_106321,CUS_9547
163.83,285.22,0,3,0,165,0,0,0,CARD,INR,0,TXN_114484,CUS_9039
74.0,109.88,0,0,0,176,0,0,0,UPI,INR,0,TXN_113226,CUS_4203
226.4,239.34,0,3,0,176,1,0,0,CARD,INR,0,TXN_102485,CUS_9036
287.92,325.98,0,4,0,41,1,0,0,WALLET,INR,0,TXN_114706,CUS_2349
110.44,180.39,0,2,0,200,0,0,0,CARD,INR,0,TXN_109637,CUS_9777
116.05,127.98,0,3,0,395,0,0,0,CARD,INR,0,TXN_107547,CUS_4752
63.31,142.36,0,2,0,283,0,0,0,UPI,USD,0,TXN_108782,CUS_9308
146.05,128.36,0,2,0,426,0,0,0,NET_BANKING,INR,0,TXN_106714,CUS_3441
337.23,243.83,0,3,0,129,0,1,0,UPI,INR,0,TXN_104655,CUS_3092
128.49,31.66,5,8,3,28,1,1,2,NET_BANKING,INR,1,TXN_114107,CUS_2881
59.27,151.49,0,3,0,41,0,0,0,UPI,USD,0,TXN_105501,CUS_1441
125.2,126.11,1,4,0,343,0,0,0,CARD,USD,0,TXN_114883,CUS_2429
78.92,79.18,0,3,0,484,1,0,0,UPI,INR,0,TXN_105829,CUS_8365
3294.93,320.54,8,9,2,2,1,1,1,CARD,USD,1,TXN_100424,CUS_8684
46.61,29.57,1,4,0,82,0,0,0,CARD,INR,0,TXN_110635,CUS_8851
65.33,75.72,0,3,0,582,0,0,0,CARD,INR,0,TXN_111741,CUS_9887
99.8,95.35,1,1,0,619,0,0,0,CARD,INR,0,TXN_103372,CUS_7184
122.81,189.24,0,4,0,309,0,0,0,UPI,USD,0,TXN_105980,CUS_9630
52.86,85.68,1,1,0,393,1,0,0,CARD,USD,0,TXN_106125,CUS_7854
210.88,115.58,0,3,0,647,0,0,0,UPI,EUR,0,TXN_112489,CUS_7067
42.65,34.68,0,1,0,146,0,0,0,CARD,INR,0,TXN_108276,CUS_7325
89.9,83.46,1,3,0,190,0,0,0,UPI,INR,0,TXN_112764,CUS_6984
54.85,36.47,1,5,1,309,0,0,0,UPI,INR,0,TXN_106847,CUS_7139
296.05,53.15,3,8,1,11,0,1,1,UPI,USD,1,TXN_103528,CUS_5118
48.07,42.51,1,2,0,191,0,0,0,UPI,INR,0,TXN_105931,CUS_7022
56.78,50.45,0,3,0,306,0,0,0,UPI,INR,0,TXN_108182,CUS_6583
431.04,294.77,0,0,0,292,0,0,0,UPI,INR,0,TXN_109742,CUS_6601
83.34,79.16,0,1,0,408,0,0,0,WALLET,USD,0,TXN_109011,CUS_5029
247.53,242.24,1,1,0,512,0,0,0,UPI,INR,0,TXN_104092,CUS_3849
126.46,124.72,0,2,0,48,0,0,0,CARD,INR,0,TXN_112046,CUS_5786
115.45,75.97,0,3,0,103,0,1,0,CARD,USD,0,TXN_105318,CUS_3198
28.96,58.31,0,1,0,88,0,0,0,WALLET,USD,0,TXN_101194,CUS_8595
48.5,57.97,1,4,0,150,0,0,0,UPI,INR,0,TXN_100434,CUS_8201
44.51,243.23,1,1,0,54,1,0,0,UPI,USD,0,TXN_110088,CUS_9558
173.74,98.87,1,4,0,214,0,1,0,CARD,INR,0,TXN_106816,CUS_6519
70.41,48.18,1,4,1,243,0,0,0,UPI,INR,0,TXN_108570,CUS_8591
91.85,99.17,0,3,0,159,0,0,0,CARD,USD,0,TXN_108568,CUS_7495
112.23,112.48,1,3,1,214,0,0,0,CARD,INR,0,TXN_112176,CUS_9565
63.12,86.98,0,3,0,109,0,0,0,CARD,USD,0,TXN_110385,CUS_3619
21.3,29.6,0,4,0,36,0,0,0,UPI,USD,0,TXN_101170,CUS_5117
163.88,157.54,0,2,1,109,0,0,0,NET_BANKING,INR,0,TXN_114191,CUS_3750
179.61,139.82,0,2,2,61,0,0,0,CARD,INR,0,TXN_103353,CUS_6654
68.77,65.34,0,4,0,120,0,0,0,WALLET,INR,0,TXN_109928,CUS_6672
100.81,87.79,0,1,1,331,0,0,0,CARD,INR,0,TXN_111726,CUS_3975
128.29,120.08,0,2,0,64,0,0,0,UPI,INR,0,TXN_111498,CUS_3308
151.97,162.95,0,3,0,65,0,0,0,CARD,INR,0,TXN_106964,CUS_6712
102.28,151.31,1,3,0,82,1,0,0,CARD,INR,0,TXN_100002,CUS_5576
297.63,155.42,1,2,0,433,0,0,0,CARD,USD,0,TXN_112372,CUS_8332
149.17,83.51,1,4,0,349,0,0,0,UPI,INR,0,TXN_103406,CUS_8790
85.16,73.14,0,1,0,35,0,0,0,UPI,USD,0,TXN_106278,CUS_1527
113.96,109.58,2,5,0,220,0,0,0,WALLET,INR,0,TXN_102974,CUS_4333
238.75,181.07,0,1,0,108,0,0,0,UPI,EUR,0,TXN_106587,CUS_3516
399.81,268.01,0,1,0,649,0,0,1,CARD,INR,0,TXN_106544,CUS_9132
265.95,271.62,1,1,0,308,0,0,0,UPI,INR,0,TXN_109441,CUS_2021
170.45,30.28,8,13,2,23,1,1,1,CARD,INR,1,TXN_105789,CUS_3062
202.74,158.45,2,3,0,260,0,0,0,CARD,INR,0,TXN_102212,CUS_2509
101.09,118.84,0,3,0,407,0,0,0,CARD,USD,0,TXN_108940,CUS_7311
16.02,53.4,0,2,0,204,0,0,0,CARD,INR,0,TXN_103323,CUS_9130
68.81,87.29,0,2,1,451,0,0,0,CARD,USD,0,TXN_114448,CUS_3964
53.42,90.58,1,1,0,172,0,0,0,WALLET,USD,0,TXN_103527,CUS_4316
501.22,395.07,0,1,0,189,0,0,0,CARD,EUR,0,TXN_102293,CUS_1506
162.35,160.72,2,4,0,306,0,0,0,WALLET,INR,0,TXN_100797,CUS_5932
25.31,37.94,0,2,0,513,0,0,0,WALLET,INR,0,TXN_109323,CUS_6308
170.06,245.22,0,2,0,975,0,0,0,UPI,USD,0,TXN_111191,CUS_4954
75.86,69.27,0,1,0,58,0,0,0,CARD,USD,0,TXN_108507,CUS_7131
70.41,150.53,0,4,0,133,0,0,0,NET_BANKING,INR,0,TXN_108838,CUS_3284
86.04,95.16,0,3,1,513,0,0,0,UPI,INR,0,TXN_101286,CUS_6282
41.03,69.86,1,5,0,163,0,0,0,CARD,USD,0,TXN_113460,CUS_7993
58.68,58.58,1,1,0,38,0,0,0,WALLET,INR,0,TXN_112934,CUS_8237
183.5,183.15,0,3,0,174,1,0,0,CARD,EUR,0,TXN_106374,CUS_2929
217.96,183.74,1,3,1,619,0,0,0,CARD,USD,0,TXN_103011,CUS_2915
247.95,193.98,1,4,1,143,0,0,0,CARD,USD,0,TXN_108363,CUS_2283
80.01,55.51,0,4,0,327,0,0,0,CARD,EUR,0,TXN_114393,CUS_7907
169.76,154.35,0,4,0,403,0,0,0,CARD,INR,0,TXN_102709,CUS_5748
228.16,170.52,0,1,0,740,1,0,0,CARD,EUR,0,TXN_113853,CUS_1864
66.16,69.57,1,2,0,349,0,0,0,UPI,INR,0,TXN_102930,CUS_6668
94.89,120.98,0,2,0,303,0,0,0,CARD,USD,0,TXN_112817,CUS_3714
265.34,285.69,0,3,0,44,0,0,0,CARD,USD,0,TXN_105809,CUS_8149
106.56,91.99,0,0,1,112,0,0,0,UPI,INR,0,TXN_113142,CUS_9303
29.49,30.1,2,3,0,257,1,0,0,CARD,USD,0,TXN_114271,CUS_5732
38.19,61.24,1,2,0,74,0,0,0,UPI,USD,0,TXN_110926,CUS_4032
62.82,80.15,0,2,0,71,0,0,0,CARD,INR,0,TXN_106279,CUS_6065
59.83,72.63,0,5,0,264,0,0,0,CARD,USD,0,TXN_103221,CUS_5104
104.21,97.47,2,3,1,553,0,0,0,UPI,INR,0,TXN_103890,CUS_4711
78.64,67.61,1,7,0,327,0,0,0,CARD,USD,0,TXN_101344,CUS_8964
59.65,102.58,1,4,0,221,0,0,0,CARD,INR,0,TXN_110005,CUS_4676
152.06,121.76,1,4,0,160,0,0,0,UPI,EUR,0,TXN_109528,CUS_1820
106.65,86.86,2,5,0,194,0,0,0,CARD,USD,0,TXN_114700,CUS_3081
55.94,50.73,1,4,0,42,0,0,0,CARD,INR,0,TXN_107917,CUS_2709
24.15,48.02,0,1,0,422,0,0,0,CARD,INR,0,TXN_104911,CUS_5416
112.46,128.93,1,3,0,718,0,0,0,CARD,USD,0,TXN_101100,CUS_1510
112.58,162.13,0,3,0,94,0,0,0,UPI,INR,0,TXN_102290,CUS_4804
3.12,87.34,3,9,0,11,1,1,3,CARD,USD,1,TXN_112673,CUS_6823
85.38,80.51,0,1,0,379,0,0,0,UPI,INR,0,TXN_113623,CUS_5336
213.43,154.83,1,3,0,90,0,0,0,UPI,INR,0,TXN_108325,CUS_8540
128.15,101.72,0,2,0,309,0,0,0,CARD,USD,0,TXN_107233,CUS_1531
135.35,124.46,0,2,0,190,0,0,0,WALLET,USD,0,TXN_104731,CUS_2678
94.92,106.38,1,1,0,60,0,0,0,UPI,USD,0,TXN_113719,CUS_6173
80.61,62.05,0,2,0,127,0,0,0,CARD,USD,0,TXN_104542,CUS_8076
53.1,139.51,0,1,0,81,0,0,0,WALLET,USD,0,TXN_109858,CUS_5229
204.01,190.74,0,1,1,881,1,0,0,UPI,INR,0,TXN_111819,CUS_7959
38.52,126.92,0,1,0,200,1,0,0,CARD,EUR,0,TXN_103179,CUS_2896
65.08,39.74,1,3,0,141,0,0,0,WALLET,USD,0,TXN_106991,CUS_6696
428.76,428.97,0,1,0,79,0,0,0,UPI,USD,0,TXN_104015,CUS_3603
1256.27,223.3,6,8,5,11,1,1,1,CARD,INR,1,TXN_104585,CUS_8231
273.17,196.14,0,2,0,560,0,0,0,CARD,INR,0,TXN_102379,CUS_6691
190.44,137.11,0,2,0,156,0,0,0,UPI,INR,0,TXN_111642,CUS_1579
193.42,195.4,0,3,0,149,0,0,0,CARD,INR,0,TXN_105432,CUS_3399
45.74,56.55,1,3,0,180,0,0,0,CARD,INR,0,TXN_104007,CUS_3166
64.79,40.91,1,3,0,145,0,0,0,CARD,INR,0,TXN_105413,CUS_7316
58.52,41.22,0,3,0,159,0,0,0,CARD,USD,0,TXN_112458,CUS_7980
78.5,111.55,1,2,1,47,0,0,0,UPI,INR,0,TXN_102573,CUS_4939
46.71,104.06,0,1,0,501,0,0,0,UPI,INR,0,TXN_103981,CUS_7159
79.95,65.4,0,2,0,280,0,0,0,CARD,EUR,0,TXN_112130,CUS_9579
53.44,56.48,0,3,0,234,0,0,0,UPI,INR,0,TXN_105080,CUS_4596
129.82,219.33,0,5,1,1001,0,0,0,UPI,USD,0,TXN_102238,CUS_8240
176.22,192.04,0,5,0,32,0,0,0,CARD,INR,0,TXN_107768,CUS_2549
97.01,96.42,0,1,0,389,0,1,0,UPI,INR,0,TXN_102601,CUS_9973
37.43,74.78,0,5,0,72,0,0,0,CARD,INR,0,TXN_112234,CUS_6239
325.56,231.07,1,5,1,60,0,0,0,NET_BANKING,EUR,0,TXN_109686,CUS_5714
140.96,147.62,0,2,0,375,0,0,0,CARD,USD,0,TXN_109280,CUS_2113
79.22,59.29,0,2,1,290,0,0,0,UPI,EUR,0,TXN_106197,CUS_9656
32.37,46.85,0,2,0,489,0,0,0,CARD,USD,0,TXN_102078,CUS_9471
51.44,45.05,0,1,0,385,0,0,0,CARD,USD,0,TXN_107558,CUS_7629
45.45,38.08,1,4,0,799,1,0,0,NET_BANKING,INR,0,TXN_110149,CUS_2424
22.48,54.7,1,2,0,264,0,0,0,UPI,INR,0,TXN_111318,CUS_7766
93.81,86.64,1,2,0,53,0,0,1,UPI,INR,0,TXN_114809,CUS_2566
41.09,128.93,0,1,0,154,0,0,0,CARD,INR,0,TXN_107892,CUS_7043
78.31,129.87,0,3,0,526,0,0,0,WALLET,USD,0,TXN_114071,CUS_6444
15.35,39.77,0,2,0,238,1,0,0,WALLET,INR,0,TXN_113981,CUS_4790
44.05,47.44,0,2,0,245,1,0,0,CARD,INR,0,TXN_112289,CUS_2328
20.1,22.28,0,0,0,454,0,0,0,CARD,EUR,0,TXN_111659,CUS_2458
87.04,64.61,0,2,0,221,0,0,0,WALLET,INR,0,TXN_106785,CUS_3100
48.22,36.99,1,3,0,301,0,0,0,UPI,INR,0,TXN_110157,CUS_9697
99.67,75.78,0,2,0,275,1,0,0,UPI,INR,0,TXN_113929,CUS_9842
81.09,78.3,0,3,0,276,0,0,0,NET_BANKING,USD,0,TXN_107194,CUS_8509
17.66,56.23,1,5,0,257,1,0,0,CARD,INR,0,TXN_103385,CUS_7596
24.42,64.48,0,0,1,209,0,0,0,CARD,INR,0,TXN_107655,CUS_3046
409.6,398.12,0,1,0,238,0,0,0,CARD,INR,0,TXN_106180,CUS_6143
48.63,42.88,1,1,0,206,0,0,0,WALLET,INR,0,TXN_110135,CUS_5310
33.2,37.92,1,5,0,108,0,0,0,CARD,INR,0,TXN_103837,CUS_1118
165.2,121.54,1,4,0,236,0,0,0,WALLET,USD,0,TXN_100592,CUS_2153
285.88,504.12,1,2,0,137,0,0,0,NET_BANKING,INR,0,TXN_108661,CUS_2427
473.35,383.27,1,2,0,345,0,0,0,NET_BANKING,USD,0,TXN_102199,CUS_8368
96.18,81.41,1,1,0,187,0,0,0,CARD,INR,0,TXN_107075,CUS_3507
237.43,254.03,2,3,0,47,0,1,0,UPI,INR,0,TXN_112274,CUS_4354
121.78,150.33,1,2,0,312,0,0,0,NET_BANKING,INR,0,TXN_102227,CUS_6344
35.13,39.53,0,2,0,36,0,0,0,CARD,INR,0,TXN_108381,CUS_3527
108.12,111.22,0,3,0,39,0,0,0,CARD,USD,0,TXN_110373,CUS_1152
133.59,107.1,0,0,0,196,0,0,0,UPI,INR,0,TXN_104102,CUS_4418
19.29,45.38,0,0,1,446,0,0,0,WALLET,USD,0,TXN_107272,CUS_7853
25.58,36.1,0,4,0,169,0,0,0,CARD,USD,0,TXN_109875,CUS_7175
216.05,444.89,0,1,0,274,0,0,0,UPI,INR,0,TXN_104263,CUS_6260
170.59,87.56,0,3,0,310,0,0,0,UPI,INR,0,TXN_111084,CUS_3714
47.73,71.06,0,5,0,465,0,0,0,WALLET,INR,0,TXN_110723,CUS_3607
66.05,101.41,1,2,0,225,0,0,0,CARD,USD,0,TXN_104024,CUS_7753
237.98,176.2,0,3,0,70,0,0,0,CARD,USD,0,TXN_100083,CUS_7724
23.89,45.94,1,2,0,610,0,0,0,WALLET,INR,0,TXN_104343,CUS_6704
190.45,179.15,0,0,0,85,1,0,0,UPI,USD,0,TXN_107371,CUS_1639
114.94,125.27,0,5,0,44,0,0,0,CARD,INR,0,TXN_111111,CUS_9636
46.38,38.77,0,4,0,1064,0,0,0,CARD,INR,0,TXN_106582,CUS_5926
49.85,51.0,1,3,0,103,0,0,0,CARD,INR,0,TXN_110160,CUS_3177
67.57,48.09,0,2,0,139,1,1,0,CARD,INR,0,TXN_104459,CUS_9371
62.29,57.46,1,5,0,373,0,0,0,CARD,INR,0,TXN_101630,CUS_8122
133.74,107.84,0,1,0,103,0,0,0,NET_BANKING,INR,0,TXN_112628,CUS_2096
35.98,87.32,0,4,0,94,0,0,0,WALLET,EUR,0,TXN_113791,CUS_5974
61.7,61.58,2,3,0,102,0,0,0,CARD,INR,0,TXN_105274,CUS_5733
306.36,307.11,0,3,0,176,0,0,0,CARD,INR,0,TXN_113431,CUS_6925
115.56,116.12,1,1,0,50,0,0,0,NET_BANKING,INR,0,TXN_112416,CUS_1323
178.4,203.04,0,4,0,179,0,1,0,CARD,USD,0,TXN_101158,CUS_8732
28.51,26.85,1,5,0,84,0,0,0,CARD,INR,0,TXN_103773,CUS_1463
36.06,31.41,0,0,1,47,0,0,0,CARD,INR,0,TXN_102060,CUS_7847
294.3,191.15,0,0,0,213,0,0,0,UPI,EUR,0,TXN_108052,CUS_8245
214.93,171.71,2,3,0,277,0,0,0,CARD,INR,0,TXN_113298,CUS_6897
92.64,154.7,0,3,0,170,0,0,0,CARD,INR,0,TXN_110895,CUS_1755
37.81,55.98,1,4,1,126,0,1,0,NET_BANKING,INR,0,TXN_100608,CUS_8244
93.23,89.24,0,4,0,373,0,0,0,CARD,INR,0,TXN_108779,CUS_1444
98.94,88.88,0,3,0,76,0,1,0,CARD,USD,0,TXN_110509,CUS_2010
10.05,156.17,0,2,0,604,0,0,0,UPI,INR,0,TXN_110734,CUS_4093
124.13,119.81,0,0,0,82,0,0,0,CARD,INR,0,TXN_112375,CUS_6706
159.56,137.38,1,4,0,1222,0,0,0,CARD,USD,0,TXN_105371,CUS_8054
267.88,280.69,0,4,0,240,0,0,0,NET_BANKING,INR,0,TXN_107002,CUS_1106
160.52,204.14,0,1,1,151,0,0,0,UPI,INR,0,TXN_109589,CUS_4817
70.55,138.51,0,3,0,889,0,0,0,CARD,INR,0,TXN_107268,CUS_4069
82.08,127.86,0,3,0,180,0,0,0,UPI,INR,0,TXN_114798,CUS_2357
164.95,125.28,0,4,0,753,0,0,0,NET_BANKING,INR,0,TXN_104467,CUS_3415
36.4,60.85,1,2,0,293,0,0,0,UPI,INR,0,TXN_100223,CUS_2739
159.18,166.84,0,1,0,426,0,0,0,UPI,USD,0,TXN_108617,CUS_8856
74.27,86.32,0,3,0,138,0,0,0,CARD,INR,0,TXN_113500,CUS_4319
17.89,66.3,0,3,0,159,0,0,0,UPI,INR,0,TXN_109881,CUS_3520
162.6,120.91,0,0,0,141,0,0,0,WALLET,USD,0,TXN_108556,CUS_5548
57.18,51.39,0,2,0,481,0,0,0,WALLET,INR,0,TXN_109871,CUS_4174
2.0,44.41,6,9,3,14,0,1,1,CARD,USD,1,TXN_108765,CUS_5019
39.91,48.86,0,1,0,882,0,0,0,NET_BANKING,INR,0,TXN_106147,CUS_3903
83.08,96.82,0,2,0,58,0,0,0,UPI,EUR,0,TXN_111012,CUS_4200
70.71,140.53,1,1,1,48,1,0,0,UPI,INR,0,TXN_113701,CUS_9139
143.32,123.5,0,3,0,184,0,0,0,CARD,USD,0,TXN_109793,CUS_9993
138.45,97.54,0,2,0,345,0,0,0,UPI,INR,0,TXN_113075,CUS_9180
78.87,75.82,0,3,0,445,0,0,0,WALLET,USD,0,TXN_100758,CUS_7612
64.65,61.26,0,4,0,448,0,0,0,CARD,USD,0,TXN_109196,CUS_7886
37.55,84.5,1,2,1,40,0,0,0,NET_BANKING,INR,0,TXN_101101,CUS_8528
82.32,98.95,1,4,0,354,0,0,0,CARD,INR,0,TXN_105861,CUS_9307
48.96,51.93,1,2,0,755,0,0,0,CARD,INR,0,TXN_109235,CUS_9871
27.79,42.07,0,3,0,32,0,1,0,CARD,INR,0,TXN_113727,CUS_4793
125.39,127.93,1,5,0,201,1,1,0,CARD,INR,0,TXN_114530,CUS_1311
188.3,169.44,2,4,0,373,0,0,0,CARD,USD,0,TXN_105726,CUS_9715
56.77,41.37,0,3,0,63,0,0,0,UPI,EUR,0,TXN_106882,CUS_9676
108.0,110.38,2,4,0,134,0,0,0,CARD,USD,0,TXN_110868,CUS_2035
158.69,166.26,0,1,1,136,1,0,0,UPI,EUR,0,TXN_104606,CUS_9271
71.45,105.31,1,3,0,113,0,0,0,CARD,USD,0,TXN_111207,CUS_1707
55.25,88.53,0,4,0,112,0,0,0,UPI,EUR,0,TXN_101751,CUS_2115
117.66,115.2,1,2,1,205,0,0,0,CARD,EUR,0,TXN_109257,CUS_8881
87.86,98.13,0,2,0,107,0,0,0,WALLET,INR,0,TXN_102593,CUS_3045
237.96,155.6,1,3,0,205,0,1,0,UPI,INR,0,TXN_112357,CUS_3271
62.75,71.54,0,1,0,318,0,0,0,NET_BANKING,INR,0,TXN_112885,CUS_6662
41.15,39.81,1,2,0,968,0,0,0,CARD,INR,0,TXN_104619,CUS_4741
109.68,85.44,0,2,0,87,0,0,0,UPI,INR,0,TXN_106694,CUS_4245
62.26,45.14,0,0,0,153,0,0,0,UPI,USD,0,TXN_105063,CUS_8882
398.85,591.25,0,1,0,38,0,0,0,UPI,USD,0,TXN_100251,CUS_6189
122.33,229.5,0,2,0,70,0,0,0,CARD,USD,0,TXN_100148,CUS_8114
233.69,146.36,3,6,0,69,0,0,0,UPI,USD,0,TXN_110582,CUS_1418
342.55,265.28,0,1,0,161,0,0,0,UPI,INR,0,TXN_103887,CUS_9254
33.22,48.21,0,1,0,199,0,0,0,CARD,USD,0,TXN_113020,CUS_3700
57.97,63.94,0,3,0,428,0,0,0,CARD,USD,0,TXN_108209,CUS_6485
60.78,48.79,3,6,0,310,0,0,0,CARD,INR,0,TXN_111033,CUS_8905
441.88,473.18,0,3,0,594,0,0,0,NET_BANKING,EUR,0,TXN_112271,CUS_4910
51.7,40.98,1,3,0,481,0,0,0,NET_BANKING,EUR,0,TXN_111258,CUS_2480
27.93,39.39,0,3,0,84,0,0,0,CARD,INR,0,TXN_104082,CUS_8112
37.74,43.88,0,5,0,115,0,0,0,NET_BANKING,INR,0,TXN_106394,CUS_3689
113.19,83.89,0,4,1,60,1,0,0,CARD,INR,0,TXN_103412,CUS_6006
76.0,65.19,0,1,0,231,0,0,0,WALLET,USD,0,TXN_112743,CUS_3326
156.85,309.17,0,0,0,225,1,1,0,CARD,USD,0,TXN_102324,CUS_3796
124.27,138.7,0,2,0,211,0,0,0,UPI,INR,0,TXN_111975,CUS_9983
54.2,57.15,1,2,0,206,0,0,0,CARD,INR,0,TXN_101235,CUS_8836
151.53,131.82,0,0,0,296,0,0,0,NET_BANKING,INR,0,TXN_100304,CUS_6801
242.77,162.38,0,1,0,65,0,0,0,CARD,USD,0,TXN_108353,CUS_5140
203.06,170.38,0,1,0,688,0,0,0,NET_BANKING,INR,0,TXN_107574,CUS_1349
227.29,155.26,0,1,0,83,0,0,0,CARD,INR,0,TXN_114241,CUS_9772
76.08,140.1,0,2,0,120,0,0,0,CARD,EUR,0,TXN_111629,CUS_9353
21.31,19.91,2,2,1,248,0,0,0,CARD,INR,0,TXN_112668,CUS_8758
262.91,245.93,0,5,0,136,0,0,0,CARD,USD,0,TXN_113621,CUS_5655
133.19,168.1,0,1,0,228,0,0,0,WALLET,EUR,0,TXN_110511,CUS_7345
102.14,117.88,0,1,0,1048,0,0,0,CARD,INR,0,TXN_103239,CUS_7667
96.62,74.01,0,3,0,182,1,0,0,CARD,USD,0,TXN_107968,CUS_4122
205.46,151.87,2,2,0,55,0,1,0,CARD,USD,0,TXN_105283,CUS_3549
34.52,37.99,1,2,0,103,0,1,0,UPI,INR,0,TXN_113895,CUS_7231
59.01,53.77,2,2,0,80,0,1,0,UPI,INR,0,TXN_104152,CUS_5855
119.02,112.36,0,0,0,145,0,0,0,CARD,INR,0,TXN_100780,CUS_6354
41.06,78.14,0,0,0,118,0,0,0,CARD,EUR,0,TXN_105469,CUS_3078
204.69,133.16,0,0,0,130,0,0,0,UPI,USD,0,TXN_105597,CUS_7790
26.68,21.74,0,3,1,221,0,0,0,CARD,INR,0,TXN_109551,CUS_2206
158.65,149.51,0,2,0,545,0,0,0,UPI,USD,0,TXN_109738,CUS_2046
142.91,200.8,0,1,0,482,0,0,0,CARD,EUR,0,TXN_107757,CUS_6217
82.02,68.86,0,2,0,43,0,0,0,WALLET,INR,0,TXN_108080,CUS_9994
94.84,111.62,1,3,0,254,0,0,0,NET_BANKING,USD,0,TXN_102497,CUS_1478
98.26,71.51,0,3,0,486,0,0,0,CARD,USD,0,TXN_109608,CUS_3116
88.84,114.48,0,2,0,343,0,0,0,CARD,INR,0,TXN_113671,CUS_6806
71.39,75.48,0,1,0,111,0,0,0,CARD,INR,0,TXN_102361,CUS_9539
96.15,160.56,1,4,0,400,0,1,0,CARD,INR,0,TXN_108836,CUS_5016
107.94,171.43,0,3,0,148,0,0,0,UPI,USD,0,TXN_103909,CUS_2204
145.74,84.73,0,1,0,91,0,0,0,WALLET,USD,0,TXN_109939,CUS_5462
43.79,25.14,2,4,0,112,0,0,0,UPI,EUR,0,TXN_110568,CUS_2499
36.51,78.4,0,0,0,216,1,0,0,UPI,INR,0,TXN_105387,CUS_5843
194.38,134.2,1,5,0,199,0,0,0,UPI,INR,0,TXN_107560,CUS_4711
119.95,88.83,0,0,0,181,0,0,0,CARD,INR,0,TXN_105250,CUS_8218
45.64,68.83,0,3,0,51,0,0,0,NET_BANKING,USD,0,TXN_109237,CUS_4254
441.63,303.36,2,4,0,47,0,0,0,CARD,INR,0,TXN_114796,CUS_8803
985.63,89.46,3,10,4,36,1,1,1,WALLET,INR,1,TXN_102905,CUS_4901
65.94,55.61,0,2,0,590,0,1,0,NET_BANKING,INR,0,TXN_105915,CUS_5019
221.82,155.26,0,2,0,99,0,0,0,UPI,USD,0,TXN_102318,CUS_1136
391.9,309.33,0,7,0,483,0,0,0,CARD,USD,0,TXN_106655,CUS_8412
646.11,69.42,2,13,3,201,1,1,1,WALLET,USD,1,TXN_103784,CUS_7678
29.53,34.03,0,2,0,313,0,0,0,CARD,USD,0,TXN_108006,CUS_9816
29.04,74.33,0,1,0,146,0,0,0,UPI,EUR,0,TXN_112857,CUS_5537
215.88,256.54,0,3,0,31,0,0,0,CARD,USD,0,TXN_102677,CUS_2637
236.96,228.03,0,1,0,31,0,0,0,CARD,USD,0,TXN_107034,CUS_1595
139.45,111.09,2,5,0,236,0,0,0,CARD,INR,0,TXN_112548,CUS_1915
34.22,31.83,0,2,0,245,0,0,0,CARD,INR,0,TXN_110911,CUS_5731
135.17,135.71,0,2,0,86,0,0,0,NET_BANKING,INR,0,TXN_114287,CUS_5821
138.92,90.49,0,1,0,550,0,0,0,CARD,USD,0,TXN_104309,CUS_5149
87.43,116.91,1,6,0,749,1,1,0,CARD,INR,0,TXN_108810,CUS_6452
32.32,50.47,1,3,0,229,0,0,0,UPI,INR,0,TXN_110310,CUS_4076
129.32,118.7,0,1,0,546,0,0,0,CARD,INR,0,TXN_102139,CUS_3388
59.95,57.09,0,3,0,118,0,0,0,CARD,USD,0,TXN_105222,CUS_4558
162.09,121.83,1,3,0,528,0,0,0,WALLET,EUR,0,TXN_102196,CUS_1458
52.39,100.71,1,3,0,489,0,1,0,UPI,INR,0,TXN_113243,CUS_8645
185.8,155.25,0,2,0,80,0,0,0,CARD,USD,0,TXN_103809,CUS_3121
168.79,136.67,0,3,0,89,0,1,0,CARD,INR,0,TXN_107473,CUS_9652
49.31,39.16,0,3,0,184,0,0,0,WALLET,INR,0,TXN_108682,CUS_2016
60.16,69.6,1,3,0,327,0,0,0,UPI,USD,0,TXN_101289,CUS_9149
254.29,212.25,0,2,0,509,0,0,0,CARD,USD,0,TXN_100275,CUS_6241
27.18,26.34,0,3,0,70,0,0,0,CARD,INR,0,TXN_104820,CUS_8249
116.3,113.19,0,4,0,41,0,0,0,NET_BANKING,EUR,0,TXN_102493,CUS_3646
136.41,95.16,0,1,0,752,0,0,0,UPI,INR,0,TXN_102692,CUS_6964
240.98,141.59,0,2,0,968,0,0,0,CARD,USD,0,TXN_111467,CUS_4483
122.27,92.96,1,3,0,74,0,0,0,WALLET,INR,0,TXN_108459,CUS_5135
148.96,143.0,0,1,0,107,0,0,0,CARD,USD,0,TXN_103550,CUS_5155
146.24,152.2,0,0,0,534,0,0,0,UPI,INR,0,TXN_106142,CUS_5861
235.72,36.75,6,10,1,211,1,1,1,CARD,USD,1,TXN_108042,CUS_7288
285.83,264.51,0,4,0,152,1,0,0,CARD,INR,0,TXN_106014,CUS_8365
611.28,620.23,0,0,0,229,0,0,0,UPI,INR,0,TXN_110783,CUS_1837
130.84,98.25,0,0,1,573,0,0,0,UPI,USD,0,TXN_108320,CUS_7768
52.1,106.0,0,1,0,450,0,0,0,CARD,USD,0,TXN_104854,CUS_2732
35.24,51.58,0,2,0,101,0,0,0,CARD,INR,0,TXN_101547,CUS_1287
336.52,366.94,1,4,0,50,0,0,0,CARD,USD,0,TXN_108871,CUS_3323
148.92,92.73,0,2,0,249,1,0,0,WALLET,INR,0,TXN_103235,CUS_9420
185.12,138.65,0,0,0,309,0,0,0,UPI,INR,0,TXN_103276,CUS_1810
34.71,116.57,0,0,0,675,0,0,0,UPI,INR,0,TXN_107565,CUS_7358
67.4,80.55,0,2,0,443,0,1,0,CARD,USD,0,TXN_109148,CUS_7642
92.56,58.78,1,2,0,1014,0,0,0,CARD,USD,0,TXN_107256,CUS_6352
345.04,219.92,0,2,0,82,0,0,0,CARD,USD,0,TXN_100744,CUS_9918
158.91,123.18,0,1,0,832,0,0,0,WALLET,USD,0,TXN_114571,CUS_3550
247.07,509.78,0,3,0,656,0,0,0,UPI,INR,0,TXN_107479,CUS_2215
145.07,136.56,0,4,0,35,1,0,0,UPI,INR,0,TXN_111406,CUS_1455
250.33,427.98,2,4,0,768,0,0,0,CARD,USD,0,TXN_106329,CUS_1300
178.55,139.34,0,1,0,304,0,0,0,NET_BANKING,INR,0,TXN_100926,CUS_8007
267.77,211.48,1,3,0,76,0,0,0,WALLET,INR,0,TXN_109955,CUS_3750
75.04,63.9,1,2,0,49,0,1,0,NET_BANKING,INR,0,TXN_101797,CUS_7702
199.19,184.39,0,3,0,87,0,0,0,CARD,EUR,0,TXN_104350,CUS_1587
99.05,161.65,0,5,0,529,0,0,0,UPI,USD,0,TXN_114181,CUS_4412
35.01,58.72,2,3,0,111,0,0,0,CARD,INR,0,TXN_102765,CUS_5348
212.29,190.41,1,3,1,63,0,0,0,CARD,INR,0,TXN_101535,CUS_8516
87.52,104.33,1,4,0,440,0,0,0,NET_BANKING,USD,0,TXN_108326,CUS_1470
156.23,178.45,0,2,0,194,0,0,0,UPI,INR,0,TXN_109520,CUS_4528
85.53,112.37,0,3,0,76,0,0,0,UPI,INR,0,TXN_114223,CUS_5638
17.26,32.55,0,1,1,321,1,0,0,CARD,USD,0,TXN_100545,CUS_3683
58.07,51.97,0,1,0,99,0,0,0,CARD,USD,0,TXN_100529,CUS_5017
190.53,130.27,0,3,0,136,0,0,0,CARD,EUR,0,TXN_113436,CUS_7999
53.05,64.83,0,3,0,99,0,0,0,NET_BANKING,EUR,0,TXN_109581,CUS_4692
91.56,95.75,1,6,1,36,0,0,0,UPI,INR,0,TXN_107608,CUS_1870
366.14,308.7,0,2,0,184,0,0,0,CARD,USD,0,TXN_104650,CUS_6038
177.61,109.27,0,3,1,128,0,0,0,UPI,USD,0,TXN_105974,CUS_9071
24.84,35.22,0,2,0,61,0,0,0,NET_BANKING,USD,0,TXN_114045,CUS_9579
102.63,24.8,5,8,2,67,1,1,1,WALLET,USD,1,TXN_110285,CUS_2217
11.64,125.82,1,2,0,317,0,0,0,UPI,INR,0,TXN_114439,CUS_7602
41.98,43.28,0,4,0,101,0,0,0,CARD,INR,0,TXN_106152,CUS_9265
324.13,251.86,0,0,0,91,0,0,0,CARD,INR,0,TXN_109094,CUS_9082
258.62,268.24,2,3,0,527,0,0,0,UPI,INR,0,TXN_100469,CUS_2712
42.07,81.25,0,4,0,80,0,0,0,CARD,INR,0,TXN_107063,CUS_2163
92.96,84.1,1,4,0,268,0,0,0,CARD,INR,0,TXN_101017,CUS_2121
292.39,270.94,0,2,0,250,0,0,0,NET_BANKING,INR,0,TXN_108115,CUS_6893
128.85,91.6,0,2,0,468,0,0,0,UPI,INR,0,TXN_108739,CUS_3289
96.58,108.92,0,0,0,119,0,0,0,WALLET,INR,0,TXN_100334,CUS_3748
102.25,75.45,0,3,0,564,0,0,0,CARD,INR,0,TXN_106248,CUS_7044
129.99,111.95,0,2,1,496,0,1,0,WALLET,USD,0,TXN_105006,CUS_3178
120.13,168.36,1,1,0,1064,0,0,1,WALLET,USD,0,TXN_109405,CUS_9098
261.85,328.97,1,3,0,736,0,0,0,WALLET,INR,0,TXN_107706,CUS_5305
139.6,190.46,0,2,0,134,0,0,0,CARD,USD,0,TXN_105544,CUS_9674
54.09,31.85,0,1,0,60,1,0,0,CARD,USD,0,TXN_113021,CUS_2560
96.66,89.5,0,1,1,585,0,0,0,UPI,EUR,0,TXN_109662,CUS_1524
15.13,33.44,0,2,0,32,0,0,0,CARD,INR,0,TXN_100517,CUS_7105
64.95,74.95,0,4,0,336,0,1,0,NET_BANKING,INR,0,TXN_106006,CUS_5668
440.21,392.44,2,2,1,43,0,0,0,NET_BANKING,INR,0,TXN_109771,CUS_8820
50.06,62.15,0,1,0,54,0,0,0,WALLET,USD,0,TXN_108698,CUS_9089
69.84,78.87,1,4,0,155,0,0,0,NET_BANKING,INR,0,TXN_103769,CUS_6233
80.32,71.04,0,0,0,202,0,0,0,UPI,INR,0,TXN_102770,CUS_1970
312.78,226.43,2,3,0,67,1,0,0,UPI,INR,0,TXN_107509,CUS_2741
62.61,53.15,0,2,0,174,0,0,1,UPI,INR,0,TXN_103073,CUS_4860
95.19,162.77,2,5,0,1096,0,1,0,CARD,INR,0,TXN_107132,CUS_8050
179.25,135.77,0,0,0,79,0,0,0,CARD,EUR,0,TXN_110608,CUS_9517
115.98,79.25,2,5,0,121,0,0,0,NET_BANKING,USD,0,TXN_105252,CUS_6398
283.7,269.39,0,2,2,514,0,0,0,WALLET,USD,0,TXN_109613,CUS_4164
75.23,55.36,0,0,0,159,0,0,0,WALLET,INR,0,TXN_102500,CUS_6452
52.73,68.54,1,4,0,540,0,1,0,CARD,INR,0,TXN_100645,CUS_2700
48.64,139.2,0,3,0,428,1,0,0,CARD,INR,0,TXN_101763,CUS_8763
317.4,221.1,0,4,0,476,0,0,0,CARD,INR,0,TXN_110492,CUS_7266
181.51,88.33,0,0,0,175,0,0,0,CARD,USD,0,TXN_103123,CUS_8145
185.87,214.37,0,2,0,272,0,0,0,UPI,INR,0,TXN_102987,CUS_7316
129.07,109.3,0,2,0,906,0,0,0,NET_BANKING,USD,0,TXN_112429,CUS_8150
18.27,34.83,0,2,0,44,0,0,0,CARD,INR,0,TXN_105430,CUS_4859
424.16,394.73,1,6,0,211,0,0,0,UPI,INR,0,TXN_110352,CUS_1762
50.97,30.26,1,5,1,685,0,0,0,CARD,INR,0,TXN_103295,CUS_1364
258.37,193.95,0,0,0,732,0,0,0,CARD,USD,0,TXN_102144,CUS_5622
257.09,232.52,1,2,0,357,0,0,0,UPI,USD,0,TXN_103507,CUS_5186
225.16,236.71,1,2,0,55,0,1,0,UPI,USD,0,TXN_111387,CUS_7458
85.9,136.18,1,5,0,43,0,0,0,CARD,INR,0,TXN_113202,CUS_9975
158.59,114.05,0,2,0,385,0,0,0,CARD,INR,0,TXN_107455,CUS_4395
77.66,152.17,0,2,0,337,0,0,0,WALLET,INR,0,TXN_101488,CUS_9952
53.78,53.2,3,6,1,191,0,0,0,UPI,USD,0,TXN_114840,CUS_7157
146.88,111.92,0,6,1,678,0,0,0,NET_BANKING,USD,0,TXN_114053,CUS_7043
46.44,39.76,2,4,0,388,0,0,0,UPI,EUR,0,TXN_114118,CUS_3753
125.18,137.18,0,3,2,1122,1,0,0,CARD,INR,0,TXN_114253,CUS_5919
40.21,64.96,0,3,0,317,0,0,0,CARD,INR,0,TXN_100787,CUS_3675
36.48,55.12,0,2,0,314,0,0,0,CARD,INR,0,TXN_106046,CUS_3139
34.36,43.14,2,4,0,179,0,1,0,CARD,USD,0,TXN_111157,CUS_9058
61.72,54.92,1,3,0,944,0,0,0,CARD,INR,0,TXN_113461,CUS_3009
84.06,108.8,0,5,0,208,0,0,0,CARD,USD,0,TXN_101812,CUS_9903
81.54,68.47,0,0,0,585,0,1,0,UPI,INR,0,TXN_101958,CUS_7509
135.2,93.09,0,5,0,197,0,1,0,NET_BANKING,INR,0,TXN_107824,CUS_9847
202.32,308.63,1,2,0,443,0,0,0,CARD,INR,0,TXN_101276,CUS_2778
601.49,424.48,0,3,0,80,0,0,0,UPI,EUR,0,TXN_110230,CUS_2601
43.35,49.46,0,4,0,576,0,0,0,NET_BANKING,INR,0,TXN_109147,CUS_5459
43.99,76.01,1,3,0,447,0,0,0,UPI,USD,0,TXN_108442,CUS_4138
225.42,222.79,1,5,0,80,0,0,0,CARD,INR,0,TXN_101661,CUS_9723
57.35,88.15,1,2,0,191,0,0,0,UPI,INR,0,TXN_111128,CUS_2039
66.06,62.02,1,2,0,317,0,0,0,WALLET,USD,0,TXN_105898,CUS_6769
378.64,284.55,0,1,0,33,1,0,0,UPI,USD,0,TXN_107827,CUS_3414
62.77,70.01,0,3,0,158,0,0,0,UPI,USD,0,TXN_112561,CUS_1354
301.59,48.05,5,12,5,49,1,0,1,CARD,USD,1,TXN_112061,CUS_8245
56.8,58.76,0,0,0,496,0,0,0,UPI,INR,0,TXN_102788,CUS_5588
407.13,198.79,1,3,0,84,0,0,0,UPI,INR,0,TXN_101769,CUS_2580
38.91,57.1,0,0,0,296,0,0,0,UPI,INR,0,TXN_112019,CUS_6238
63.63,63.52,0,4,0,184,0,0,0,NET_BANKING,INR,0,TXN_113539,CUS_2165
11.49,56.76,1,3,0,413,0,0,0,NET_BANKING,EUR,0,TXN_114167,CUS_7315
67.99,141.5,0,3,0,690,0,0,0,UPI,INR,0,TXN_114237,CUS_5025
30.07,39.69,0,2,0,62,0,0,0,UPI,USD,0,TXN_106419,CUS_4835
19.48,138.07,0,0,0,320,0,0,0,UPI,INR,0,TXN_102482,CUS_9427
34.29,61.26,0,1,0,212,0,1,0,CARD,INR,0,TXN_113069,CUS_1431
368.2,196.93,0,0,0,119,0,0,0,UPI,INR,0,TXN_106613,CUS_4241
146.75,159.79,0,2,0,208,0,0,0,WALLET,USD,0,TXN_103042,CUS_5782
131.3,141.2,0,1,1,116,0,1,0,CARD,USD,0,TXN_101979,CUS_5021
23.88,31.39,0,1,0,176,0,0,0,CARD,USD,0,TXN_103025,CUS_6898
162.83,118.34,1,2,0,32,0,1,0,UPI,INR,0,TXN_108531,CUS_5484
88.87,80.59,0,1,0,259,0,0,0,UPI,INR,0,TXN_100975,CUS_2183
50.12,34.67,0,2,0,32,0,0,0,CARD,INR,0,TXN_112107,CUS_1482
25.5,32.06,2,3,0,408,0,0,0,WALLET,INR,0,TXN_103562,CUS_2710
144.16,137.55,0,1,0,458,0,0,0,WALLET,INR,0,TXN_111536,CUS_3527
101.22,102.86,0,1,0,51,0,0,0,CARD,USD,0,TXN_113666,CUS_8569
17.9,32.35,1,4,0,218,0,0,0,WALLET,EUR,0,TXN_113838,CUS_1631
96.19,156.56,0,1,1,67,0,0,0,UPI,USD,0,TXN_101704,CUS_7051
45.32,42.28,0,3,0,241,0,0,0,WALLET,INR,0,TXN_107642,CUS_3186
71.31,83.59,1,3,1,179,0,0,0,NET_BANKING,EUR,0,TXN_106320,CUS_4993
97.9,80.32,1,1,0,733,0,0,0,CARD,USD,0,TXN_104180,CUS_3543
108.05,93.29,1,9,0,334,0,0,0,UPI,INR,0,TXN_110943,CUS_7930
127.66,96.57,0,2,0,503,0,1,0,CARD,USD,0,TXN_111789,CUS_4416
82.42,54.87,0,1,0,143,0,0,0,CARD,INR,0,TXN_112053,CUS_1676
87.08,93.39,0,2,0,398,0,0,0,CARD,INR,0,TXN_106352,CUS_8880
205.03,163.98,1,3,0,881,0,1,0,CARD,INR,0,TXN_113797,CUS_4602
133.31,112.88,3,7,0,82,0,0,0,UPI,INR,0,TXN_105260,CUS_1701
442.02,315.47,0,4,0,250,0,0,0,UPI,INR,0,TXN_112253,CUS_2979
56.24,76.24,0,2,0,291,0,0,0,WALLET,USD,0,TXN_107092,CUS_9256
72.0,85.28,0,2,0,68,0,0,0,UPI,EUR,0,TXN_105740,CUS_6283
51.61,58.56,0,2,0,220,0,0,0,UPI,INR,0,TXN_114291,CUS_9533
98.13,104.31,0,5,0,95,0,0,0,NET_BANKING,INR,0,TXN_101891,CUS_7717
139.58,121.47,0,1,0,442,0,0,0,CARD,EUR,0,TXN_101150,CUS_7367
34.99,56.66,0,4,0,71,0,0,0,UPI,USD,0,TXN_110399,CUS_7625
32.47,45.4,0,1,0,574,0,0,0,UPI,USD,0,TXN_108786,CUS_5912
1.0,20.0,7,7,3,292,1,1,1,WALLET,INR,1,TXN_102567,CUS_1209
61.09,84.4,1,2,0,391,0,0,0,UPI,INR,0,TXN_108298,CUS_8619
31.16,42.9,0,1,1,75,0,0,0,WALLET,INR,0,TXN_114662,CUS_4072
117.51,138.55,1,3,0,237,0,0,0,CARD,INR,0,TXN_102680,CUS_6476
229.22,185.11,0,2,0,257,0,0,0,CARD,USD,0,TXN_106510,CUS_5122
164.9,180.61,0,3,0,1025,0,0,0,NET_BANKING,INR,0,TXN_114868,CUS_1705
79.16,127.09,1,5,0,555,0,0,0,UPI,INR,0,TXN_109359,CUS_7315
195.74,140.27,0,2,0,554,0,0,0,CARD,INR,0,TXN_109474,CUS_9278
155.18,305.58,0,0,0,198,0,0,0,UPI,USD,0,TXN_105772,CUS_8796
103.79,86.48,0,1,0,629,0,0,0,WALLET,INR,0,TXN_109788,CUS_2394
110.27,129.39,0,2,0,312,0,0,0,WALLET,EUR,0,TXN_102271,CUS_6175
80.52,124.19,0,2,0,191,0,0,0,NET_BANKING,INR,0,TXN_106395,CUS_9215
63.09,51.16,0,2,1,236,0,0,0,WALLET,INR,0,TXN_109331,CUS_9820
151.76,169.55,0,2,0,348,0,0,0,CARD,INR,0,TXN_105350,CUS_4355
220.53,565.17,1,1,0,271,0,0,0,CARD,USD,0,TXN_106928,CUS_7684
121.1,127.1,0,4,0,84,0,0,0,NET_BANKING,USD,0,TXN_111865,CUS_3703
335.23,331.98,0,3,0,254,0,0,0,CARD,EUR,0,TXN_102961,CUS_1629
74.73,84.8,1,7,0,87,0,1,0,UPI,INR,0,TXN_111511,CUS_7343
302.06,196.6,0,3,0,119,0,0,0,CARD,INR,0,TXN_113583,CUS_4144
50.84,48.51,1,3,0,144,1,0,0,CARD,EUR,0,TXN_102736,CUS_4695
145.81,125.45,1,1,0,691,0,0,0,WALLET,INR,0,TXN_103378,CUS_4634
104.67,104.54,0,3,1,206,0,1,0,CARD,INR,0,TXN_101001,CUS_8139
73.84,101.41,0,4,0,583,0,0,0,CARD,INR,0,TXN_101973,CUS_7278
94.53,54.91,0,3,0,320,0,0,0,CARD,INR,0,TXN_102249,CUS_3139
77.86,66.97,0,1,1,33,0,0,0,NET_BANKING,INR,0,TXN_104832,CUS_5570
268.24,257.75,1,3,0,208,0,0,0,NET_BANKING,INR,0,TXN_105445,CUS_6314
215.14,258.31,1,3,0,384,0,0,0,CARD,USD,0,TXN_105370,CUS_8695
164.33,156.21,0,1,0,216,0,0,0,UPI,EUR,0,TXN_107832,CUS_4764
197.61,135.39,0,1,0,381,1,0,0,CARD,INR,0,TXN_109117,CUS_3154
51.99,54.4,0,7,0,520,0,0,0,UPI,INR,0,TXN_107489,CUS_4195
17.03,26.52,0,0,0,515,0,0,0,UPI,INR,0,TXN_104808,CUS_9785
364.17,267.18,0,4,0,46,0,1,0,CARD,USD,0,TXN_109836,CUS_4480
122.49,181.43,0,3,0,274,0,0,0,CARD,USD,0,TXN_105725,CUS_7960
127.66,284.94,0,1,0,58,0,0,0,UPI,INR,0,TXN_104470,CUS_3076
514.71,494.96,1,4,0,98,0,0,0,UPI,INR,0,TXN_110671,CUS_5554
62.53,90.82,0,2,0,266,0,0,0,CARD,INR,0,TXN_104837,CUS_8971
96.96,95.74,1,1,1,197,0,0,0,CARD,USD,0,TXN_112067,CUS_2295
81.48,61.0,0,2,0,135,0,0,0,CARD,INR,0,TXN_108709,CUS_2642
100.01,83.49,1,2,0,83,0,0,0,CARD,EUR,0,TXN_106497,CUS_5005
100.87,96.16,1,2,0,212,0,0,0,WALLET,INR,0,TXN_112076,CUS_9447
38.08,67.66,0,2,1,66,0,0,0,CARD,INR,0,TXN_106614,CUS_4156
29.45,60.52,0,2,0,553,0,0,0,NET_BANKING,INR,0,TXN_108579,CUS_1711
532.01,95.95,7,7,3,95,0,1,2,UPI,USD,1,TXN_108946,CUS_6015
816.9,87.31,9,9,5,9,1,1,0,CARD,USD,1,TXN_114435,CUS_9491
199.28,233.55,0,1,0,76,0,0,0,UPI,USD,0,TXN_104258,CUS_1056
53.53,72.99,0,2,0,188,0,0,0,CARD,USD,0,TXN_111390,CUS_1798
49.95,60.42,0,0,0,267,0,0,0,CARD,INR,0,TXN_105357,CUS_6642
86.46,92.04,0,2,0,63,0,0,0,CARD,USD,0,TXN_105881,CUS_3155
359.75,440.2,0,2,0,101,0,0,0,NET_BANKING,USD,0,TXN_110712,CUS_7267
153.36,139.63,0,2,0,200,0,0,0,CARD,USD,0,TXN_107180,CUS_4683
24.44,30.37,0,2,0,250,1,0,0,CARD,USD,0,TXN_101772,CUS_4313
106.3,134.28,0,3,0,83,0,0,0,CARD,INR,0,TXN_101036,CUS_8944
109.49,95.68,2,5,0,539,0,0,0,UPI,USD,0,TXN_101708,CUS_5912
1184.23,78.85,2,7,7,99,1,1,2,WALLET,USD,1,TXN_104906,CUS_5007
314.71,215.39,0,1,0,353,0,0,0,UPI,EUR,0,TXN_104120,CUS_6885
6.45,18.89,0,2,0,35,0,0,0,CARD,USD,0,TXN_104254,CUS_4760
257.31,295.97,0,3,0,167,0,1,0,CARD,INR,0,TXN_106914,CUS_6980
217.37,335.74,1,6,0,96,0,0,0,CARD,USD,0,TXN_107520,CUS_3765
104.03,76.58,0,3,0,112,0,0,0,NET_BANKING,INR,0,TXN_106263,CUS_9549
14.72,24.14,0,0,0,327,0,0,0,CARD,EUR,0,TXN_112744,CUS_9343
23.93,51.98,0,1,0,156,0,0,0,UPI,USD,0,TXN_105874,CUS_9334
424.99,369.18,0,0,0,449,0,0,0,CARD,INR,0,TXN_105389,CUS_3204
772.6,502.09,0,2,0,40,0,0,0,WALLET,INR,0,TXN_106541,CUS_9566
123.03,117.74,0,2,0,323,0,0,0,CARD,EUR,0,TXN_105940,CUS_8326
61.23,71.21,0,0,0,227,0,0,0,CARD,USD,0,TXN_113523,CUS_7144
61.66,101.24,2,3,0,238,0,0,0,UPI,INR,0,TXN_101144,CUS_4136
121.44,122.4,0,2,0,505,0,0,0,NET_BANKING,INR,0,TXN_102941,CUS_6042
155.3,87.47,2,3,0,308,0,0,0,UPI,USD,0,TXN_105364,CUS_6102
31.47,70.07,0,4,0,35,0,0,0,UPI,INR,0,TXN_105467,CUS_2967
25.74,47.87,0,3,0,318,0,0,0,UPI,INR,0,TXN_100812,CUS_5460
42.59,58.53,0,3,0,141,0,0,0,UPI,EUR,0,TXN_106309,CUS_8960
69.4,83.84,0,4,0,191,0,1,0,CARD,USD,0,TXN_114008,CUS_4578
72.02,43.17,0,2,0,521,0,1,0,UPI,INR,0,TXN_106308,CUS_5027
797.98,508.82,0,3,0,51,0,1,0,NET_BANKING,INR,0,TXN_107409,CUS_1467
61.95,42.98,1,1,0,187,0,0,0,CARD,INR,0,TXN_107054,CUS_4895
98.48,137.29,2,2,0,64,0,0,0,CARD,EUR,0,TXN_113158,CUS_6059
190.48,210.15,0,3,0,510,0,0,0,WALLET,INR,0,TXN_103196,CUS_1351
506.92,477.91,0,1,0,54,0,0,0,CARD,USD,0,TXN_109574,CUS_5919
49.98,131.09,1,3,0,459,0,0,0,UPI,INR,0,TXN_105754,CUS_3841
32.75,46.69,0,2,0,57,0,0,0,CARD,EUR,0,TXN_102068,CUS_6062
308.46,239.94,1,4,0,356,0,0,0,WALLET,USD,0,TXN_102204,CUS_2685
77.53,59.95,0,2,0,148,0,0,0,WALLET,INR,0,TXN_104688,CUS_3406
97.64,242.25,0,1,0,48,0,0,0,CARD,INR,0,TXN_108213,CUS_7349
94.46,85.96,0,1,0,107,0,0,0,CARD,USD,0,TXN_101457,CUS_5003
178.14,186.94,0,0,0,646,0,0,0,CARD,EUR,0,TXN_104684,CUS_1459
129.01,77.08,0,1,0,594,0,0,0,WALLET,INR,0,TXN_103975,CUS_8802
116.14,133.12,0,1,0,232,0,0,0,CARD,INR,0,TXN_111761,CUS_4445
80.06,66.19,1,5,1,39,0,0,0,CARD,INR,0,TXN_100291,CUS_8225
271.02,327.94,0,5,0,45,0,0,0,CARD,USD,0,TXN_103554,CUS_2721
99.47,72.84,0,3,0,169,0,0,0,WALLET,INR,0,TXN_108528,CUS_8076
83.98,135.55,0,3,0,953,0,1,0,CARD,INR,0,TXN_113273,CUS_9349
60.95,82.95,0,4,0,455,0,0,0,CARD,INR,0,TXN_106127,CUS_2137
108.78,102.43,1,2,0,381,0,0,0,UPI,INR,0,TXN_107161,CUS_6515
71.65,57.94,0,1,0,145,0,0,0,CARD,INR,0,TXN_105534,CUS_4683
327.0,191.9,0,2,0,90,0,0,0,CARD,INR,0,TXN_105526,CUS_8002
600.55,689.67,0,4,0,211,0,0,0,CARD,USD,0,TXN_110409,CUS_1566
43.09,30.05,0,1,0,36,0,0,0,CARD,INR,0,TXN_112964,CUS_9731
149.87,140.85,0,1,0,183,0,0,0,CARD,INR,0,TXN_111839,CUS_4343
80.92,83.15,0,2,0,811,0,0,0,CARD,INR,0,TXN_105048,CUS_4530
87.52,108.51,0,2,0,666,0,0,0,WALLET,INR,0,TXN_110676,CUS_2700
187.49,150.65,1,5,0,221,0,0,0,CARD,INR,0,TXN_111163,CUS_9728
54.77,55.34,0,3,1,33,0,0,0,CARD,USD,0,TXN_109146,CUS_2121
130.37,143.7,0,3,0,634,0,0,0,CARD,INR,0,TXN_105272,CUS_1804
242.46,178.56,1,5,0,336,0,0,0,NET_BANKING,USD,0,TXN_105053,CUS_6311
90.14,75.2,0,3,1,65,0,0,0,WALLET,INR,0,TXN_112525,CUS_3110
76.03,60.21,1,3,1,113,0,1,0,CARD,INR,0,TXN_110660,CUS_1523
295.89,330.2,0,6,1,68,0,0,0,CARD,INR,0,TXN_111728,CUS_3315
483.14,355.96,0,1,0,59,0,0,0,UPI,INR,0,TXN_101116,CUS_8449
686.76,492.9,1,1,0,305,0,0,0,NET_BANKING,INR,0,TXN_114395,CUS_2306
88.67,119.97,1,1,0,165,0,0,0,UPI,INR,0,TXN_110277,CUS_8612
32.03,67.95,0,2,0,55,0,0,0,CARD,USD,0,TXN_107398,CUS_5037
302.36,175.89,0,2,0,115,0,0,0,CARD,INR,0,TXN_110234,CUS_3174
62.26,79.33,0,2,0,120,0,0,0,UPI,EUR,0,TXN_104330,CUS_7636
182.14,130.95,1,3,0,801,0,0,0,CARD,USD,0,TXN_111939,CUS_9093
81.13,128.47,0,4,0,99,0,0,0,CARD,INR,0,TXN_105180,CUS_4196
400.27,282.03,1,6,1,437,0,1,0,UPI,INR,0,TXN_114702,CUS_2846
199.98,167.35,1,4,0,758,0,0,0,CARD,USD,0,TXN_103099,CUS_1952
17.07,14.12,0,4,0,237,0,0,0,NET_BANKING,INR,0,TXN_107998,CUS_4933
35.09,35.64,0,1,0,148,0,0,0,UPI,USD,0,TXN_101519,CUS_2001
73.43,104.61,3,7,0,270,0,0,0,CARD,USD,0,TXN_109753,CUS_8383
70.34,77.63,2,4,0,66,0,0,0,CARD,USD,0,TXN_110364,CUS_4228
151.61,121.17,0,2,0,449,0,0,0,UPI,INR,0,TXN_107711,CUS_9109
98.96,101.41,2,3,0,97,0,0,0,CARD,USD,0,TXN_106119,CUS_7652
36.44,40.59,0,4,1,140,0,0,0,CARD,INR,0,TXN_100485,CUS_2614
69.59,85.13,0,1,0,358,0,1,0,WALLET,USD,0,TXN_114295,CUS_5802
65.22,52.12,0,1,0,191,0,0,0,CARD,INR,0,TXN_102331,CUS_9225
112.5,85.44,1,5,0,648,0,0,0,CARD,INR,0,TXN_102524,CUS_8466
109.99,74.34,2,4,0,281,1,0,0,UPI,USD,0,TXN_102830,CUS_9155
40.02,68.87,0,3,0,89,0,0,0,NET_BANKING,INR,0,TXN_104625,CUS_7896
94.32,99.22,0,1,0,111,0,0,0,CARD,INR,0,TXN_106061,CUS_5120
63.37,79.53,0,1,0,519,0,0,1,NET_BANKING,EUR,0,TXN_114562,CUS_2323
47.32,37.07,0,2,0,542,0,0,0,UPI,EUR,0,TXN_103724,CUS_4629
81.98,125.18,1,5,0,257,0,0,0,CARD,USD,0,TXN_114272,CUS_3983
100.43,94.37,0,3,0,185,0,0,0,CARD,USD,0,TXN_101794,CUS_6867
72.73,125.08,0,2,0,225,0,0,0,CARD,USD,0,TXN_110668,CUS_3268
138.62,117.06,0,1,0,196,0,0,0,UPI,USD,0,TXN_112453,CUS_6891
5.0,111.28,0,3,0,275,0,0,0,CARD,INR,0,TXN_108710,CUS_7295
182.8,127.81,0,2,0,87,0,0,0,CARD,INR,0,TXN_105925,CUS_4288
49.09,38.28,1,1,0,210,0,0,0,UPI,USD,0,TXN_110978,CUS_3642
131.34,108.36,0,3,0,53,0,0,0,UPI,INR,0,TXN_108977,CUS_4917
197.89,209.44,0,2,0,706,0,0,0,CARD,INR,0,TXN_103304,CUS_2045
190.49,191.69,0,0,0,36,0,0,0,UPI,INR,0,TXN_109535,CUS_6233
48.93,68.68,2,4,0,184,0,0,0,CARD,INR,0,TXN_109944,CUS_4706
134.23,207.9,1,3,0,42,0,0,0,UPI,INR,0,TXN_106791,CUS_6789
525.96,422.21,0,3,1,59,0,0,0,UPI,INR,0,TXN_113756,CUS_9314
543.6,348.23,0,5,0,440,0,0,0,CARD,INR,0,TXN_109058,CUS_4065
69.31,124.19,0,2,0,126,1,0,0,CARD,INR,0,TXN_100844,CUS_3138
141.58,127.01,0,3,0,183,0,0,0,NET_BANKING,INR,0,TXN_107074,CUS_9397
63.39,88.22,0,4,0,935,0,0,0,WALLET,INR,0,TXN_104792,CUS_6761
454.88,375.75,0,3,0,345,0,0,0,WALLET,INR,0,TXN_104460,CUS_4604
248.27,129.94,0,1,0,136,0,0,0,UPI,INR,0,TXN_108752,CUS_6086
133.54,165.98,1,2,0,616,0,1,0,CARD,USD,0,TXN_102598,CUS_5741
54.85,52.34,0,2,0,209,0,0,0,CARD,INR,0,TXN_109140,CUS_1926
59.5,56.4,0,3,0,184,0,0,0,CARD,INR,0,TXN_105913,CUS_6661
71.51,101.28,0,2,0,120,0,1,0,CARD,INR,0,TXN_102288,CUS_8687
53.68,62.36,0,3,0,59,0,0,0,UPI,INR,0,TXN_113030,CUS_4531
273.26,264.38,0,3,0,177,0,0,0,UPI,USD,0,TXN_104671,CUS_4026
39.88,40.0,1,1,0,43,0,0,0,UPI,INR,0,TXN_108171,CUS_3494
522.13,350.47,0,0,1,134,0,0,0,CARD,INR,0,TXN_102094,CUS_2256
186.92,175.95,0,4,0,626,0,0,0,CARD,INR,0,TXN_113760,CUS_1725
294.66,292.92,1,5,0,324,0,0,0,CARD,USD,0,TXN_108731,CUS_9007
100.14,91.14,1,3,0,284,0,0,0,UPI,INR,0,TXN_105024,CUS_9700
264.09,677.08,0,1,0,432,0,0,0,UPI,USD,0,TXN_102115,CUS_2005
116.59,95.72,0,2,0,34,0,0,0,UPI,INR,0,TXN_109151,CUS_7147
48.27,52.53,1,3,1,764,0,0,0,CARD,INR,0,TXN_114775,CUS_8936
115.31,123.46,0,1,0,75,0,0,0,CARD,INR,0,TXN_102467,CUS_3515
24.17,33.46,1,7,0,180,0,1,0,CARD,USD,0,TXN_113200,CUS_4098
293.8,289.98,0,4,0,80,0,0,0,WALLET,USD,0,TXN_100270,CUS_4323
106.88,190.29,0,3,0,275,0,0,0,UPI,USD,0,TXN_102197,CUS_3572
5.51,85.68,4,12,2,168,0,1,2,CARD,USD,1,TXN_111783,CUS_5170
104.17,77.83,1,5,0,88,0,0,0,CARD,INR,0,TXN_113970,CUS_1423
100.05,83.0,2,4,0,142,0,0,0,CARD,INR,0,TXN_101747,CUS_7856
74.57,208.91,2,5,0,112,0,0,0,CARD,EUR,0,TXN_100693,CUS_2781
332.34,251.37,0,1,0,40,0,0,0,NET_BANKING,INR,0,TXN_104498,CUS_7905
58.9,65.32,0,2,0,216,0,0,0,CARD,INR,0,TXN_107722,CUS_7790
133.91,149.53,0,0,1,867,0,0,0,CARD,USD,0,TXN_100951,CUS_8725
117.64,115.72,1,3,0,208,0,0,0,CARD,USD,0,TXN_107627,CUS_6900
64.83,79.77,0,1,0,323,0,1,0,NET_BANKING,USD,0,TXN_103364,CUS_4509
22.24,72.98,0,5,0,309,0,0,0,NET_BANKING,INR,0,TXN_109539,CUS_9744
136.48,129.72,0,2,0,315,0,0,0,UPI,INR,0,TXN_101222,CUS_6297
38.07,45.14,0,5,0,88,0,0,0,WALLET,USD,0,TXN_105414,CUS_6091
41.24,28.29,0,6,0,184,0,0,0,CARD,INR,0,TXN_109214,CUS_7034
62.5,77.13,0,2,0,108,0,1,0,CARD,USD,0,TXN_106137,CUS_9662
114.71,77.41,0,2,0,216,1,0,0,CARD,USD,0,TXN_103966,CUS_1723
98.64,77.81,0,3,0,187,1,0,0,UPI,INR,0,TXN_105927,CUS_4291
59.4,82.23,0,2,0,707,1,1,0,CARD,INR,0,TXN_112768,CUS_6225
36.39,37.67,0,1,0,266,0,0,0,WALLET,INR,0,TXN_113968,CUS_3770
155.29,131.13,1,2,0,241,0,0,0,CARD,USD,0,TXN_111557,CUS_7390
45.45,82.91,0,4,0,301,0,0,0,UPI,USD,0,TXN_112475,CUS_3685
71.95,77.68,0,3,1,117,0,0,0,NET_BANKING,USD,0,TXN_103013,CUS_8570
35.74,28.19,0,3,0,205,0,0,0,NET_BANKING,USD,0,TXN_112763,CUS_8207
131.22,88.39,0,3,0,153,0,0,0,CARD,INR,0,TXN_112413,CUS_8553
57.3,84.54,0,2,0,373,0,0,0,UPI,INR,0,TXN_107354,CUS_8009
45.59,69.72,0,6,0,327,0,1,0,CARD,INR,0,TXN_106107,CUS_1318
69.41,111.07,0,2,0,105,0,0,0,NET_BANKING,EUR,0,TXN_108073,CUS_4966
145.82,266.75,1,1,0,471,0,0,0,NET_BANKING,INR,0,TXN_114188,CUS_3860
17.8,23.22,0,2,0,139,0,1,0,WALLET,EUR,0,TXN_101174,CUS_9450
49.38,40.43,1,3,1,514,0,0,0,UPI,USD,0,TXN_112530,CUS_6717
32.72,49.09,0,1,0,62,0,0,0,CARD,INR,0,TXN_108299,CUS_3074
57.69,53.67,1,6,0,196,0,1,0,CARD,USD,0,TXN_113254,CUS_4171
39.03,49.69,0,4,0,432,0,0,0,CARD,INR,0,TXN_113137,CUS_1984
67.3,95.78,0,2,0,352,0,0,0,CARD,INR,0,TXN_109655,CUS_5198
91.62,107.71,1,2,0,472,0,1,0,CARD,INR,0,TXN_102757,CUS_3069
122.95,104.33,1,2,1,267,0,0,0,CARD,EUR,0,TXN_100522,CUS_1329
31.96,42.73,0,3,0,80,0,0,0,CARD,EUR,0,TXN_100551,CUS_8313
34.21,32.97,1,4,0,525,1,0,0,UPI,EUR,0,TXN_102957,CUS_4911
137.83,213.11,2,6,0,232,0,0,0,CARD,EUR,0,TXN_101115,CUS_9121
31.48,45.73,0,2,0,615,0,0,0,CARD,INR,0,TXN_109956,CUS_2531
172.36,151.28,1,1,0,443,0,1,0,CARD,INR,0,TXN_111492,CUS_6333
100.8,78.5,0,2,0,707,0,0,0,CARD,INR,0,TXN_100225,CUS_2343
20.35,44.63,0,3,1,108,0,0,0,UPI,USD,0,TXN_100937,CUS_1682
347.06,386.84,2,4,0,160,0,0,0,WALLET,USD,0,TXN_100313,CUS_8797
85.96,136.74,0,6,0,198,0,0,0,CARD,USD,0,TXN_110650,CUS_6558
146.55,89.47,1,2,0,177,0,0,0,UPI,INR,0,TXN_101555,CUS_7305
96.03,190.27,0,1,0,266,1,0,0,CARD,USD,0,TXN_101270,CUS_9214
42.37,162.66,0,2,0,978,0,0,0,CARD,USD,0,TXN_113442,CUS_5569
43.04,63.91,1,6,1,752,0,0,0,UPI,EUR,0,TXN_101917,CUS_7475
194.75,128.01,0,1,0,306,0,1,0,CARD,INR,0,TXN_102879,CUS_5612
67.1,85.97,1,3,1,128,0,0,0,CARD,INR,0,TXN_112237,CUS_8771
274.81,259.02,0,4,1,426,0,0,0,NET_BANKING,INR,0,TXN_107787,CUS_8326
93.2,79.44,0,2,0,232,0,0,0,WALLET,INR,0,TXN_110767,CUS_9511
12.26,49.23,0,3,0,332,0,1,0,CARD,USD,0,TXN_102825,CUS_5647
29.15,66.09,0,1,1,121,0,0,0,CARD,INR,0,TXN_105880,CUS_7664
807.76,153.83,4,6,4,14,0,1,0,NET_BANKING,INR,1,TXN_100097,CUS_2852
42.76,41.44,0,4,1,622,0,0,0,CARD,INR,0,TXN_106277,CUS_7052
266.84,239.29,2,4,0,404,0,0,0,CARD,INR,0,TXN_114998,CUS_8820
113.42,106.17,1,3,0,329,1,0,0,UPI,INR,0,TXN_112102,CUS_8841
126.95,87.94,0,2,0,260,0,0,0,WALLET,INR,0,TXN_114493,CUS_8791
26.04,40.02,0,4,0,467,0,0,0,NET_BANKING,USD,0,TXN_100633,CUS_6119
179.05,94.75,1,4,0,61,0,0,0,CARD,INR,0,TXN_110602,CUS_1264
49.79,37.33,0,1,0,122,0,0,0,UPI,USD,0,TXN_114460,CUS_3223
52.75,128.72,1,3,0,132,0,1,0,CARD,INR,0,TXN_113076,CUS_8965
141.23,84.25,0,2,0,115,0,0,0,CARD,INR,0,TXN_105607,CUS_3756
113.62,93.15,0,3,0,669,0,0,0,UPI,USD,0,TXN_107888,CUS_6963
595.78,63.88,3,11,1,63,1,1,1,UPI,USD,1,TXN_113690,CUS_3764
300.1,209.04,0,4,0,31,0,1,0,CARD,INR,0,TXN_104610,CUS_4451
190.02,147.14,0,2,0,122,0,0,0,CARD,USD,0,TXN_107089,CUS_8078
85.31,143.51,1,2,0,207,0,0,0,CARD,INR,0,TXN_110651,CUS_7555
63.33,91.25,0,2,0,164,0,0,0,CARD,USD,0,TXN_104463,CUS_6741
113.5,128.77,1,6,0,889,0,0,0,NET_BANKING,INR,0,TXN_106432,CUS_8586
80.31,65.32,1,3,0,253,0,0,0,WALLET,INR,0,TXN_105890,CUS_7712
102.89,85.02,1,4,0,369,0,0,0,CARD,EUR,0,TXN_104801,CUS_7047
19.72,90.18,0,3,1,705,0,0,0,CARD,USD,0,TXN_109042,CUS_6277
100.48,110.02,0,2,0,464,0,0,0,UPI,USD,0,TXN_106445,CUS_9345
117.65,175.21,1,4,0,54,0,0,0,CARD,USD,0,TXN_110642,CUS_7568
31.23,93.62,1,3,0,81,0,0,0,WALLET,INR,0,TXN_114753,CUS_9856
275.14,234.05,0,2,0,144,0,0,0,CARD,USD,0,TXN_108660,CUS_8530
153.54,151.71,0,1,0,743,0,0,0,UPI,USD,0,TXN_112158,CUS_4780
204.09,250.93,1,4,0,425,0,0,0,CARD,USD,0,TXN_107873,CUS_8083
40.87,68.67,0,2,0,161,1,0,0,CARD,INR,0,TXN_113528,CUS_3820
10.21,21.54,0,0,0,148,0,0,0,CARD,INR,0,TXN_103738,CUS_2649
72.46,62.57,1,3,0,387,0,0,0,CARD,USD,0,TXN_107053,CUS_5519
227.31,190.63,1,5,0,101,0,0,0,CARD,INR,0,TXN_101791,CUS_7486
19.66,43.59,0,0,0,51,0,0,0,UPI,INR,0,TXN_102898,CUS_3926
256.04,39.53,4,11,3,245,1,1,1,CARD,EUR,1,TXN_110810,CUS_8306
61.48,51.95,0,1,0,231,0,0,0,CARD,INR,0,TXN_103435,CUS_2078
340.77,268.6,0,2,0,73,0,0,0,UPI,USD,0,TXN_112954,CUS_2321
40.45,30.18,0,1,0,142,0,0,0,UPI,USD,0,TXN_106601,CUS_5745
75.91,81.49,0,3,0,32,0,0,0,CARD,USD,0,TXN_104670,CUS_9580
23.04,58.51,0,6,0,394,1,1,0,CARD,INR,0,TXN_111531,CUS_1038
72.64,53.89,0,1,0,110,0,1,0,UPI,INR,0,TXN_105472,CUS_5328
50.48,66.35,1,2,1,183,0,0,0,UPI,USD,0,TXN_107701,CUS_4246
33.93,76.53,0,0,1,312,0,0,0,CARD,USD,0,TXN_111362,CUS_8795
59.91,50.86,1,4,0,1080,0,0,0,CARD,INR,0,TXN_113337,CUS_2230
51.33,60.71,0,1,0,58,1,0,0,CARD,INR,0,TXN_102924,CUS_2545
169.94,142.86,1,3,0,47,1,0,0,CARD,INR,0,TXN_101906,CUS_9019
84.74,146.39,3,4,0,139,0,1,0,CARD,INR,0,TXN_109414,CUS_3779
341.94,214.86,2,6,0,117,0,0,0,UPI,INR,0,TXN_110016,CUS_2743
60.79,91.63,1,1,1,77,0,0,0,UPI,EUR,0,TXN_109084,CUS_7414
92.43,98.9,1,2,0,145,0,0,0,CARD,USD,0,TXN_105026,CUS_9138
75.86,80.25,1,4,0,700,0,0,0,CARD,INR,0,TXN_102772,CUS_3234
28.52,25.4,0,2,0,247,0,0,0,NET_BANKING,USD,0,TXN_102970,CUS_8723
27.47,44.21,0,2,1,460,0,0,0,NET_BANKING,INR,0,TXN_107742,CUS_3861
121.72,102.22,1,3,0,248,0,0,0,CARD,EUR,0,TXN_108037,CUS_8790
67.92,81.69,0,0,0,491,0,0,0,CARD,INR,0,TXN_113891,CUS_2060
45.11,55.27,1,1,0,165,0,0,0,NET_BANKING,INR,0,TXN_104168,CUS_6255
180.19,170.91,0,2,0,436,0,1,0,WALLET,INR,0,TXN_101515,CUS_9852
119.82,68.13,2,2,0,234,0,0,0,CARD,INR,0,TXN_113006,CUS_8325
153.32,110.25,1,3,0,166,0,0,0,CARD,INR,0,TXN_104194,CUS_2494
74.18,77.9,0,4,1,387,0,0,0,CARD,INR,0,TXN_106414,CUS_9547
219.53,188.9,0,1,0,52,1,0,0,CARD,USD,0,TXN_107206,CUS_9930
277.15,437.25,0,6,0,184,0,0,0,CARD,INR,0,TXN_109760,CUS_9691
180.82,331.75,0,1,0,183,0,0,0,UPI,EUR,0,TXN_111388,CUS_3221
59.2,54.42,1,3,0,196,1,0,0,CARD,INR,0,TXN_102101,CUS_4463
46.04,41.77,0,1,0,152,0,1,0,CARD,EUR,0,TXN_102648,CUS_3927
55.48,48.24,0,2,0,814,0,0,0,NET_BANKING,USD,0,TXN_113090,CUS_1455
171.08,259.42,1,1,0,55,0,0,0,UPI,USD,0,TXN_104917,CUS_8556
182.03,180.38,1,2,0,48,0,0,0,WALLET,INR,0,TXN_105412,CUS_4869
97.31,335.86,1,1,0,182,0,0,0,WALLET,INR,0,TXN_107248,CUS_8138
93.62,70.33,0,6,0,375,0,0,0,CARD,INR,0,TXN_101875,CUS_4994
5.0,89.75,0,4,0,111,0,0,0,CARD,INR,0,TXN_103379,CUS_1308
69.47,58.86,0,0,0,60,0,0,0,CARD,INR,0,TXN_106884,CUS_9818
46.3,33.2,0,2,0,55,0,0,0,CARD,USD,0,TXN_110730,CUS_8603
62.11,48.51,0,2,0,412,0,1,0,CARD,INR,0,TXN_111968,CUS_6274
161.98,249.39,1,2,0,89,0,0,0,UPI,INR,0,TXN_112754,CUS_5019
305.9,427.5,0,2,0,115,0,1,0,CARD,USD,0,TXN_108674,CUS_2607
183.25,112.88,0,2,0,397,1,0,0,CARD,INR,0,TXN_112578,CUS_5341
166.04,183.24,1,8,0,104,0,0,0,NET_BANKING,INR,0,TXN_110143,CUS_4435
53.11,40.11,0,3,0,337,0,0,0,NET_BANKING,USD,0,TXN_100697,CUS_9520
28.43,25.74,0,2,0,228,0,0,0,CARD,EUR,0,TXN_102333,CUS_8698
306.92,244.19,0,2,0,273,0,0,0,UPI,INR,0,TXN_110847,CUS_5993
75.95,97.58,0,1,0,217,0,0,0,CARD,USD,0,TXN_108248,CUS_7426
155.22,125.47,1,3,0,239,0,0,0,WALLET,INR,0,TXN_105491,CUS_4983
255.97,243.45,0,1,0,94,0,0,0,WALLET,INR,0,TXN_107653,CUS_1441
176.93,168.07,0,4,1,767,0,0,0,CARD,USD,0,TXN_110133,CUS_8342
127.93,103.72,0,1,0,444,0,0,0,CARD,INR,0,TXN_105281,CUS_6940
5.0,103.07,0,1,0,287,0,0,0,CARD,INR,0,TXN_110686,CUS_8919
94.71,87.6,0,2,0,595,0,1,0,UPI,INR,0,TXN_110232,CUS_5741
496.99,731.97,1,2,0,198,0,0,0,NET_BANKING,INR,0,TXN_113256,CUS_7045
225.67,202.15,0,5,1,74,0,0,0,UPI,INR,0,TXN_100927,CUS_5548
69.8,76.05,0,0,0,123,0,0,0,WALLET,USD,0,TXN_112010,CUS_7688
40.53,74.47,0,2,0,151,0,0,0,CARD,INR,0,TXN_106972,CUS_8580
79.26,63.22,0,5,0,146,0,1,0,UPI,USD,0,TXN_113183,CUS_7417
65.24,47.87,1,4,1,131,0,0,0,UPI,INR,0,TXN_105164,CUS_1736
23.98,43.21,0,3,0,39,0,0,0,WALLET,INR,0,TXN_110414,CUS_5542
287.08,66.91,2,10,3,76,1,0,3,CARD,USD,1,TXN_103859,CUS_8534
131.46,143.89,0,1,0,40,0,0,0,NET_BANKING,INR,0,TXN_111619,CUS_8790
255.89,266.02,0,4,0,48,1,0,0,UPI,INR,0,TXN_109650,CUS_1722
109.51,120.03,0,2,0,43,0,0,0,UPI,EUR,0,TXN_104418,CUS_1743
37.84,55.47,0,1,0,392,0,0,0,UPI,INR,0,TXN_104508,CUS_6222
25.87,47.12,0,1,0,111,0,0,0,CARD,INR,0,TXN_106590,CUS_7529
161.73,142.46,1,2,0,211,0,0,0,UPI,INR,0,TXN_110430,CUS_4055
73.16,52.0,0,4,0,173,0,0,0,CARD,USD,0,TXN_106111,CUS_1930
136.42,109.84,0,7,0,38,0,0,0,UPI,INR,0,TXN_105016,CUS_9211
89.55,77.91,1,1,0,221,0,0,0,UPI,EUR,0,TXN_114557,CUS_9958
134.76,148.38,0,4,0,439,1,0,0,CARD,INR,0,TXN_106957,CUS_4704
314.49,205.37,0,1,0,189,0,0,0,UPI,INR,0,TXN_103843,CUS_2945
58.0,89.91,1,2,0,110,0,0,0,NET_BANKING,USD,0,TXN_103565,CUS_8552
85.37,79.14,0,3,0,868,0,1,0,UPI,INR,0,TXN_114249,CUS_1386
142.4,149.28,0,2,0,486,0,1,0,CARD,INR,0,TXN_105060,CUS_1513
280.82,219.52,0,2,0,784,0,0,0,CARD,USD,0,TXN_103736,CUS_4418
83.37,98.95,0,1,0,138,0,0,0,CARD,INR,0,TXN_106517,CUS_3759
129.21,145.82,1,3,0,227,0,0,0,CARD,USD,0,TXN_108255,CUS_5171
86.85,94.99,0,3,0,93,0,0,0,CARD,EUR,0,TXN_102072,CUS_2852
86.82,69.7,0,5,0,222,0,0,0,NET_BANKING,EUR,0,TXN_103211,CUS_6447
257.69,214.41,0,5,0,254,0,0,0,CARD,INR,0,TXN_110218,CUS_7232
128.62,153.76,0,2,0,754,0,0,0,NET_BANKING,INR,0,TXN_113903,CUS_2527
73.41,103.82,1,4,1,289,0,0,0,UPI,INR,0,TXN_110716,CUS_8518
101.95,86.79,0,2,0,106,0,0,0,UPI,EUR,0,TXN_103136,CUS_5188
144.65,139.47,0,2,1,312,0,0,0,WALLET,INR,0,TXN_103752,CUS_7963
173.4,99.5,0,4,1,58,1,0,0,CARD,INR,0,TXN_112750,CUS_1919
110.39,88.17,0,0,0,58,0,0,0,CARD,INR,0,TXN_100909,CUS_6504
84.57,76.64,1,2,0,49,0,0,0,CARD,INR,0,TXN_100490,CUS_3905
13.32,23.87,2,8,0,114,0,0,0,CARD,INR,0,TXN_103315,CUS_5262
24.17,52.23,0,4,0,49,0,0,0,CARD,USD,0,TXN_109333,CUS_7073
147.02,140.42,0,0,0,605,0,1,0,UPI,USD,0,TXN_100521,CUS_3978
91.01,89.47,1,2,1,115,0,0,0,CARD,USD,0,TXN_108726,CUS_9579
360.22,249.78,0,2,0,141,0,0,0,CARD,INR,0,TXN_103685,CUS_5581
18.02,44.24,1,5,0,1114,0,1,0,CARD,EUR,0,TXN_100122,CUS_4005
248.65,302.82,0,0,0,116,0,0,0,CARD,INR,0,TXN_100983,CUS_1949
133.51,87.83,0,0,0,128,0,0,0,UPI,INR,0,TXN_100200,CUS_2911
149.31,109.93,0,4,1,435,0,0,0,CARD,USD,0,TXN_110265,CUS_1457
90.63,70.78,1,3,0,186,0,0,0,UPI,USD,0,TXN_101279,CUS_2695
311.12,165.6,0,2,0,45,0,0,0,CARD,INR,0,TXN_100652,CUS_8908
141.13,122.5,0,1,0,475,0,0,0,CARD,USD,0,TXN_109922,CUS_7547
66.76,51.57,1,2,0,441,0,0,0,UPI,USD,0,TXN_105742,CUS_6951
313.88,354.23,0,1,0,200,0,1,0,NET_BANKING,INR,0,TXN_103360,CUS_9026
105.24,84.5,0,0,0,239,0,1,0,UPI,INR,0,TXN_106522,CUS_8661
105.97,104.13,0,2,0,154,0,1,0,NET_BANKING,INR,0,TXN_107298,CUS_4303
100.48,141.05,1,4,0,385,0,0,0,UPI,INR,0,TXN_104594,CUS_6384
82.4,49.09,1,1,0,274,0,0,0,UPI,INR,0,TXN_104289,CUS_7241
197.28,146.54,0,4,0,209,0,0,0,CARD,INR,0,TXN_100712,CUS_7710
63.83,96.57,0,1,0,65,0,0,0,UPI,INR,0,TXN_103723,CUS_1551
22.28,39.15,0,1,1,655,0,0,0,UPI,INR,0,TXN_102989,CUS_4139
795.5,567.14,0,2,0,407,0,0,0,CARD,INR,0,TXN_114396,CUS_5655
180.59,194.79,0,1,0,304,0,0,0,CARD,INR,0,TXN_105683,CUS_1854
86.99,68.57,1,4,0,326,1,1,0,CARD,INR,0,TXN_106411,CUS_4252
193.93,113.17,0,3,1,869,0,0,0,CARD,INR,0,TXN_107291,CUS_1359
11.74,32.11,0,2,0,77,0,0,0,UPI,INR,0,TXN_110167,CUS_3388
152.79,152.26,1,5,0,206,0,0,0,CARD,INR,0,TXN_105292,CUS_4157
163.46,94.35,0,1,0,836,0,0,0,UPI,USD,0,TXN_110721,CUS_6936
71.47,62.11,0,4,0,109,0,0,0,UPI,INR,0,TXN_111850,CUS_5800
301.12,217.81,0,1,0,1334,0,0,0,CARD,INR,0,TXN_105217,CUS_3459
366.37,338.29,0,1,0,112,1,0,0,WALLET,INR,0,TXN_111056,CUS_9122
105.91,101.81,0,1,1,324,1,0,0,WALLET,EUR,0,TXN_114300,CUS_6907
64.36,61.27,0,5,0,542,0,0,0,CARD,INR,0,TXN_103054,CUS_3496
29.21,29.87,0,3,0,1145,0,1,0,UPI,INR,0,TXN_103573,CUS_4126
76.07,103.05,0,2,0,138,0,0,0,NET_BANKING,USD,0,TXN_100448,CUS_3120
50.45,84.8,0,3,0,645,0,0,0,UPI,INR,0,TXN_107068,CUS_7343
238.43,224.97,0,4,0,156,0,0,0,WALLET,USD,0,TXN_110780,CUS_5916
477.4,541.79,0,2,0,266,0,0,0,CARD,USD,0,TXN_103515,CUS_6926
295.96,167.35,0,2,0,260,0,0,0,CARD,USD,0,TXN_113042,CUS_6988
68.82,104.68,0,4,0,275,1,0,0,CARD,USD,0,TXN_105875,CUS_5061
125.51,99.98,1,6,0,78,0,0,0,UPI,INR,0,TXN_111342,CUS_4375
55.55,49.04,2,4,0,174,1,0,0,UPI,USD,0,TXN_106917,CUS_4147
95.09,91.12,0,5,0,113,0,0,0,CARD,INR,0,TXN_101253,CUS_1261
162.09,149.93,0,0,0,41,0,0,0,CARD,USD,0,TXN_109049,CUS_2390
125.78,112.37,0,1,0,602,0,0,0,UPI,INR,0,TXN_108370,CUS_2147
118.8,171.19,2,7,0,313,0,0,0,UPI,USD,0,TXN_101767,CUS_4079
123.2,91.75,1,4,1,1691,0,0,0,CARD,INR,0,TXN_100443,CUS_4875
266.56,293.74,0,1,0,143,0,0,0,UPI,USD,0,TXN_113653,CUS_4569
95.32,77.49,0,1,0,146,1,0,0,UPI,USD,0,TXN_107690,CUS_4970
1074.73,643.91,0,1,1,93,0,0,0,NET_BANKING,INR,0,TXN_100567,CUS_9047
38.29,91.29,0,3,0,305,0,0,0,CARD,INR,0,TXN_106716,CUS_9421
72.44,74.37,0,2,0,203,0,0,0,UPI,INR,0,TXN_105148,CUS_1606
100.96,123.86,0,1,0,83,0,0,0,CARD,INR,0,TXN_102310,CUS_7194
102.82,99.93,1,5,0,428,0,0,0,UPI,INR,0,TXN_100072,CUS_3551
325.34,312.52,1,3,0,313,0,0,0,WALLET,INR,0,TXN_102912,CUS_6919
92.28,71.51,0,2,0,354,0,0,0,WALLET,INR,0,TXN_104866,CUS_8726
118.5,125.48,0,3,0,56,0,0,0,CARD,INR,0,TXN_108268,CUS_1283
98.94,103.02,0,1,0,36,0,0,0,UPI,USD,0,TXN_102463,CUS_1451
297.7,293.33,0,0,0,827,0,0,0,UPI,INR,0,TXN_111668,CUS_9823
187.51,162.03,0,1,0,43,0,0,0,CARD,INR,0,TXN_107442,CUS_6530
124.85,145.27,1,3,0,1348,0,0,0,CARD,INR,0,TXN_111487,CUS_2068
146.21,107.62,0,0,0,437,0,1,0,WALLET,INR,0,TXN_106457,CUS_9970
132.07,113.46,0,1,0,148,0,0,0,CARD,INR,0,TXN_107935,CUS_9846
698.58,77.29,3,5,3,36,1,1,2,WALLET,USD,1,TXN_114200,CUS_5839
70.94,136.43,0,0,0,631,0,1,0,CARD,INR,0,TXN_101570,CUS_9912
72.38,45.7,1,1,0,827,0,0,0,CARD,USD,0,TXN_105545,CUS_3927
66.61,60.12,1,2,1,68,0,0,0,UPI,INR,0,TXN_109338,CUS_3276
247.65,215.37,0,3,0,58,0,0,0,UPI,INR,0,TXN_112526,CUS_1136
27.36,24.32,0,1,1,417,0,0,0,UPI,EUR,0,TXN_102252,CUS_2495
89.1,63.87,0,1,1,389,0,0,0,UPI,INR,0,TXN_107320,CUS_1309
62.17,82.64,0,0,0,181,0,0,0,CARD,INR,0,TXN_104313,CUS_2360
187.0,197.65,0,3,0,849,0,0,0,CARD,INR,0,TXN_107401,CUS_4035
23.15,54.4,0,1,0,703,0,0,0,CARD,INR,0,TXN_106053,CUS_2510
32.82,33.86,1,3,0,801,0,0,0,CARD,INR,0,TXN_100236,CUS_6736
88.18,80.03,0,1,0,906,0,1,0,WALLET,INR,0,TXN_109067,CUS_6723
413.41,304.17,0,3,1,537,0,0,0,UPI,INR,0,TXN_104485,CUS_2489
71.08,50.75,1,1,0,55,0,0,0,UPI,INR,0,TXN_105728,CUS_1324
176.95,113.0,1,2,1,440,0,0,0,UPI,USD,0,TXN_107118,CUS_1406
46.71,52.41,0,5,0,182,0,0,0,UPI,INR,0,TXN_109289,CUS_8375
37.55,41.19,0,3,0,1015,0,0,0,CARD,INR,0,TXN_109038,CUS_4057
81.89,100.9,0,2,0,580,0,0,0,UPI,EUR,0,TXN_103775,CUS_8967
123.17,84.99,0,3,1,263,0,0,0,CARD,INR,0,TXN_100377,CUS_8129
76.47,60.88,0,2,0,54,0,0,0,CARD,USD,0,TXN_108976,CUS_8082
565.8,532.73,0,0,0,445,0,0,0,UPI,INR,0,TXN_106604,CUS_5101
29.63,35.56,0,2,0,735,0,1,0,CARD,INR,0,TXN_101765,CUS_8372
148.21,154.23,1,1,0,321,0,0,0,CARD,USD,0,TXN_112155,CUS_4259
174.53,229.92,0,1,0,251,0,0,0,CARD,INR,0,TXN_108918,CUS_1034
82.19,94.96,0,2,1,357,0,0,0,CARD,USD,0,TXN_107317,CUS_5728
45.53,31.79,1,6,0,411,1,0,0,CARD,INR,0,TXN_101350,CUS_5566
40.08,31.39,1,5,0,309,0,0,0,UPI,EUR,0,TXN_105697,CUS_6339
100.96,96.27,0,1,0,234,0,0,0,UPI,USD,0,TXN_110367,CUS_9377
75.6,67.82,0,2,0,174,0,0,0,CARD,EUR,0,TXN_104307,CUS_9879
413.88,80.22,1,11,6,102,0,1,0,CARD,EUR,1,TXN_107407,CUS_4086
598.79,52.36,3,12,1,134,1,1,1,WALLET,INR,1,TXN_102812,CUS_2646
160.13,183.05,0,0,0,148,0,0,0,CARD,EUR,0,TXN_100671,CUS_7373
316.88,324.93,0,1,0,369,0,0,0,UPI,INR,0,TXN_109547,CUS_6896
388.96,430.35,0,3,0,90,1,1,0,CARD,INR,0,TXN_113372,CUS_4412
22.29,92.79,0,1,0,471,0,0,0,WALLET,INR,0,TXN_104781,CUS_1051
227.41,213.56,0,2,0,186,1,0,0,UPI,USD,0,TXN_109252,CUS_6241
65.28,58.48,0,7,0,172,0,0,0,UPI,USD,0,TXN_113415,CUS_4036
131.39,175.81,0,0,0,419,0,0,0,WALLET,USD,0,TXN_106423,CUS_3701
234.09,263.41,0,1,0,71,0,0,0,CARD,INR,0,TXN_106554,CUS_2074
202.04,252.82,0,0,0,158,0,0,0,WALLET,INR,0,TXN_113926,CUS_4893
221.81,311.08,0,2,0,42,0,0,0,UPI,INR,0,TXN_104425,CUS_9145
151.43,101.13,0,3,0,844,0,0,0,CARD,EUR,0,TXN_110455,CUS_2718
73.23,52.57,0,1,0,61,0,0,0,WALLET,INR,0,TXN_100282,CUS_7737
144.12,323.16,0,3,0,1253,0,0,0,CARD,USD,0,TXN_112104,CUS_8223
185.93,93.05,0,1,0,182,0,0,0,UPI,USD,0,TXN_100346,CUS_5026
23.83,36.16,0,2,0,365,0,0,0,CARD,USD,0,TXN_101112,CUS_9074
33.39,30.02,2,4,1,308,0,0,0,NET_BANKING,INR,0,TXN_102280,CUS_8269
48.96,48.7,0,1,0,419,0,0,0,NET_BANKING,INR,0,TXN_101362,CUS_2718
242.6,235.33,0,0,0,153,0,0,0,UPI,INR,0,TXN_112784,CUS_3333
109.36,99.49,0,5,0,86,0,0,0,CARD,INR,0,TXN_114275,CUS_1460
159.15,168.59,0,4,0,261,1,0,0,UPI,INR,0,TXN_114051,CUS_8446
40.28,62.25,0,3,0,814,0,1,0,UPI,INR,0,TXN_113600,CUS_5730
83.75,190.96,0,5,0,383,0,0,0,UPI,INR,0,TXN_108954,CUS_7042
23.79,52.65,0,3,0,263,0,1,0,UPI,USD,0,TXN_102779,CUS_6956
27.96,32.61,1,3,0,118,1,0,0,UPI,INR,0,TXN_110637,CUS_2603
280.91,482.01,0,3,0,43,0,0,0,WALLET,INR,0,TXN_107671,CUS_8969
151.45,129.3,0,3,0,147,0,0,0,CARD,EUR,0,TXN_102041,CUS_3134
64.28,106.09,1,4,0,461,0,0,0,CARD,EUR,0,TXN_103312,CUS_1287
56.31,91.44,1,6,0,378,0,0,0,WALLET,EUR,0,TXN_104335,CUS_4762
67.25,79.06,3,4,0,336,0,0,0,NET_BANKING,INR,0,TXN_103686,CUS_2732
83.48,124.0,0,3,0,394,1,0,0,UPI,USD,0,TXN_110544,CUS_7308
116.72,90.97,0,3,0,580,0,0,0,UPI,INR,0,TXN_111934,CUS_8657
88.94,70.92,0,2,0,360,0,0,0,CARD,INR,0,TXN_104464,CUS_2816
145.29,153.93,1,2,0,49,0,0,0,UPI,INR,0,TXN_109986,CUS_2365
41.26,56.05,0,3,0,60,0,0,0,NET_BANKING,INR,0,TXN_102030,CUS_3576
90.28,103.18,1,6,0,537,0,0,0,NET_BANKING,INR,0,TXN_102832,CUS_8939
37.7,49.21,1,3,0,619,0,0,0,CARD,EUR,0,TXN_114035,CUS_6943
218.25,149.43,1,3,1,334,0,0,0,CARD,INR,0,TXN_101709,CUS_8814
21.81,22.88,0,4,1,760,0,0,0,NET_BANKING,USD,0,TXN_110202,CUS_8339
125.77,129.46,0,3,0,267,0,0,0,CARD,INR,0,TXN_113577,CUS_8260
75.34,87.94,0,2,0,279,0,0,0,UPI,INR,0,TXN_102780,CUS_3756
81.39,107.7,0,3,0,62,0,0,0,WALLET,INR,0,TXN_103940,CUS_6677
107.75,173.27,1,3,0,174,0,0,0,UPI,USD,0,TXN_113702,CUS_2461
96.99,96.04,0,1,0,85,0,0,0,CARD,USD,0,TXN_105651,CUS_8385
94.53,63.77,0,1,0,376,0,0,0,CARD,USD,0,TXN_101532,CUS_5685
265.64,131.29,0,2,0,425,1,0,0,CARD,INR,0,TXN_105429,CUS_7996
48.23,110.5,0,2,0,853,0,0,0,UPI,USD,0,TXN_114333,CUS_2769
43.08,40.38,1,2,0,46,0,0,0,UPI,USD,0,TXN_109925,CUS_2885
133.36,153.91,1,2,0,339,0,0,0,CARD,EUR,0,TXN_105188,CUS_2390
34.11,44.49,0,7,0,187,0,0,0,CARD,INR,0,TXN_112082,CUS_8851
131.61,121.35,0,1,0,59,0,0,0,CARD,USD,0,TXN_104753,CUS_7729
96.95,143.51,0,3,0,109,0,0,0,WALLET,INR,0,TXN_105662,CUS_5437
74.16,102.66,0,0,0,234,0,1,0,CARD,INR,0,TXN_107249,CUS_6262
65.3,213.79,1,2,0,195,1,0,0,CARD,INR,0,TXN_100860,CUS_7346
44.45,48.73,0,3,0,122,0,0,0,NET_BANKING,USD,0,TXN_101552,CUS_8961
267.08,150.64,0,2,0,265,0,0,0,UPI,USD,0,TXN_101216,CUS_2911
45.6,35.82,0,5,0,675,1,0,0,UPI,INR,0,TXN_108632,CUS_4923
306.17,39.82,5,14,4,59,1,1,0,CARD,USD,1,TXN_110946,CUS_3698
33.87,117.67,0,0,0,285,0,1,0,UPI,USD,0,TXN_109649,CUS_3319
77.31,66.56,0,0,0,262,1,0,0,CARD,USD,0,TXN_108332,CUS_5134
263.07,212.17,0,4,0,296,0,0,0,CARD,INR,0,TXN_100752,CUS_4431
72.13,70.02,0,0,0,494,0,0,0,CARD,INR,0,TXN_110906,CUS_2204
95.32,173.33,0,0,0,73,0,0,0,UPI,EUR,0,TXN_109893,CUS_5617
67.25,85.88,0,3,0,151,0,0,0,CARD,INR,0,TXN_106326,CUS_9518
65.31,88.76,0,5,0,293,0,0,0,UPI,USD,0,TXN_112803,CUS_7348
61.05,40.6,0,1,0,189,0,0,0,CARD,USD,0,TXN_106285,CUS_4263
96.31,94.8,0,0,0,162,0,1,0,NET_BANKING,USD,0,TXN_109100,CUS_6825
369.98,27.04,4,11,3,76,1,0,2,WALLET,EUR,1,TXN_109008,CUS_3753
36.0,44.62,0,0,1,231,0,0,0,CARD,INR,0,TXN_101625,CUS_4688
347.78,222.75,0,1,0,317,0,1,0,UPI,INR,0,TXN_107842,CUS_4502
62.84,105.53,1,3,0,532,0,0,0,UPI,USD,0,TXN_110176,CUS_1651
65.84,166.23,0,2,0,103,0,0,0,CARD,EUR,0,TXN_109884,CUS_1584
69.94,53.39,1,4,0,158,0,0,0,CARD,EUR,0,TXN_114006,CUS_3222
154.11,93.59,0,2,0,540,0,0,0,CARD,INR,0,TXN_113313,CUS_8660
112.66,111.96,0,1,0,232,0,0,0,UPI,USD,0,TXN_112432,CUS_6060
233.11,205.28,1,2,0,254,0,0,0,CARD,INR,0,TXN_113392,CUS_4447
132.06,153.75,2,2,0,108,0,0,0,CARD,USD,0,TXN_111315,CUS_4542
237.23,177.59,0,1,0,616,0,0,0,CARD,INR,0,TXN_114390,CUS_9600
244.75,205.39,0,1,0,160,0,0,0,CARD,INR,0,TXN_106159,CUS_5322
308.48,227.76,0,1,0,175,0,0,0,WALLET,INR,0,TXN_106456,CUS_8692
80.87,82.47,0,2,0,188,0,0,0,UPI,INR,0,TXN_102622,CUS_3527
264.54,180.67,0,4,0,558,0,1,0,CARD,INR,0,TXN_101468,CUS_3759
38.07,40.61,1,3,0,265,0,0,0,UPI,USD,0,TXN_102977,CUS_4185
92.72,156.0,0,1,0,235,0,1,0,UPI,INR,0,TXN_102694,CUS_2326
57.42,43.76,1,2,0,290,0,0,0,CARD,INR,0,TXN_111037,CUS_7426
279.93,211.08,0,1,0,496,0,0,0,UPI,USD,0,TXN_108313,CUS_4363
16.12,49.61,0,3,0,180,0,0,0,CARD,EUR,0,TXN_105720,CUS_2323
158.8,222.45,0,2,0,205,0,1,0,WALLET,EUR,0,TXN_107007,CUS_5787
82.5,70.11,1,1,0,109,0,0,0,CARD,INR,0,TXN_109744,CUS_2592
90.56,69.97,0,3,0,973,0,0,0,CARD,INR,0,TXN_109262,CUS_2970
31.43,41.26,0,1,0,201,0,1,0,UPI,INR,0,TXN_102181,CUS_1747
165.43,145.7,0,3,0,424,0,1,0,UPI,INR,0,TXN_112258,CUS_3012
111.45,102.93,0,2,0,311,0,0,0,NET_BANKING,INR,0,TXN_108834,CUS_6086
13.11,23.0,2,4,1,87,0,0,0,UPI,INR,0,TXN_100331,CUS_3673
13.88,21.98,1,5,0,70,0,0,0,UPI,USD,0,TXN_100742,CUS_9154
88.88,76.99,1,1,0,34,0,0,0,WALLET,INR,0,TXN_111928,CUS_8837
169.09,143.57,0,3,0,129,0,0,0,NET_BANKING,INR,0,TXN_101486,CUS_6433
94.8,83.39,0,4,0,279,0,0,0,UPI,USD,0,TXN_108451,CUS_5985
68.63,58.25,0,2,0,127,0,0,0,UPI,INR,0,TXN_108093,CUS_8819
108.85,76.59,1,1,0,662,0,0,0,UPI,INR,0,TXN_107588,CUS_9634
141.06,140.69,0,0,0,87,0,1,0,CARD,INR,0,TXN_108928,CUS_2180
36.77,54.48,0,4,1,453,0,1,0,CARD,USD,0,TXN_104147,CUS_2890
114.33,160.48,0,1,0,65,1,0,0,UPI,INR,0,TXN_114261,CUS_5340
61.97,41.61,0,2,0,274,0,0,0,CARD,USD,0,TXN_106265,CUS_6091
59.53,102.9,1,6,0,491,0,0,0,CARD,INR,0,TXN_107995,CUS_3234
95.75,71.68,0,1,0,65,0,0,0,CARD,INR,0,TXN_112829,CUS_5566
84.83,116.56,0,3,0,114,1,0,0,CARD,USD,0,TXN_109606,CUS_2278
36.05,58.79,0,5,0,160,0,0,0,CARD,USD,0,TXN_111073,CUS_2638
128.64,100.83,0,3,1,46,0,0,0,CARD,INR,0,TXN_106262,CUS_3294
107.36,115.97,0,2,0,174,1,1,0,CARD,USD,0,TXN_103916,CUS_6602
352.29,355.89,0,0,0,86,0,1,0,CARD,USD,0,TXN_105022,CUS_9765
202.57,161.27,0,4,0,169,0,0,0,UPI,INR,0,TXN_111213,CUS_7722
32.51,90.95,3,5,0,947,0,0,0,UPI,INR,0,TXN_113934,CUS_7054
209.93,52.58,3,6,7,30,1,1,1,CARD,USD,1,TXN_106360,CUS_9796
115.97,131.9,0,3,0,40,0,0,0,CARD,INR,0,TXN_102278,CUS_8354
168.53,125.31,0,2,0,64,0,0,0,CARD,INR,0,TXN_101134,CUS_1167
53.26,46.68,0,2,0,30,0,0,0,CARD,USD,0,TXN_114679,CUS_4028
271.25,296.99,0,2,0,181,1,0,0,UPI,USD,0,TXN_108258,CUS_3646
200.63,149.39,1,1,0,138,0,0,0,UPI,INR,0,TXN_107019,CUS_6657
57.48,47.73,0,1,0,52,0,0,0,NET_BANKING,INR,0,TXN_113186,CUS_5578
180.77,159.75,0,2,0,147,0,0,0,NET_BANKING,USD,0,TXN_108748,CUS_7448
76.83,82.0,0,2,0,30,0,1,0,NET_BANKING,USD,0,TXN_101890,CUS_2744
77.09,160.13,1,4,0,811,0,0,0,CARD,EUR,0,TXN_101401,CUS_9887
43.7,97.22,0,2,0,356,0,0,0,CARD,USD,0,TXN_105141,CUS_4088
85.62,110.66,0,1,0,109,0,0,0,UPI,INR,0,TXN_112124,CUS_6893
967.97,242.56,3,11,1,49,1,1,1,NET_BANKING,USD,1,TXN_100924,CUS_1031
462.51,279.48,0,1,0,428,0,0,0,CARD,USD,0,TXN_105776,CUS_3980
52.9,36.57,0,3,0,42,0,0,0,CARD,USD,0,TXN_101234,CUS_4495
43.41,84.14,1,3,0,40,0,0,0,CARD,INR,0,TXN_100217,CUS_5693
103.94,79.07,0,1,0,90,0,0,0,CARD,INR,0,TXN_104538,CUS_2131
41.88,76.83,0,1,0,129,1,0,0,UPI,INR,0,TXN_105665,CUS_6449
61.53,89.14,0,3,0,540,0,0,0,UPI,USD,0,TXN_113579,CUS_5702
122.11,140.33,1,2,0,56,0,0,0,CARD,INR,0,TXN_110819,CUS_2832
91.75,57.64,0,2,0,302,0,0,0,WALLET,INR,0,TXN_107902,CUS_4150
113.44,76.2,0,1,1,519,1,0,0,UPI,INR,0,TXN_112648,CUS_8416
132.84,111.31,0,4,0,672,0,0,0,CARD,INR,0,TXN_108538,CUS_3783
15.41,65.92,1,3,0,690,0,0,0,UPI,INR,0,TXN_104187,CUS_7880
73.5,82.1,0,3,0,471,0,0,0,CARD,INR,0,TXN_113854,CUS_3420
80.82,152.21,1,3,0,335,0,0,0,WALLET,INR,0,TXN_110264,CUS_8846
38.69,76.75,0,1,0,39,0,0,0,UPI,USD,0,TXN_101692,CUS_6227
45.27,35.87,0,5,0,176,0,0,0,CARD,USD,0,TXN_103635,CUS_7591
101.97,132.08,1,2,1,46,0,0,0,CARD,USD,0,TXN_108769,CUS_8463
233.16,216.25,0,3,0,175,0,0,0,CARD,INR,0,TXN_105108,CUS_9550
155.27,151.28,0,0,0,65,1,0,0,UPI,EUR,0,TXN_100789,CUS_5548
57.29,62.19,0,2,0,517,0,0,0,CARD,USD,0,TXN_113357,CUS_9967
14.43,26.4,0,2,0,467,0,0,0,CARD,INR,0,TXN_110112,CUS_3972
133.35,139.16,1,5,0,504,0,0,0,CARD,USD,0,TXN_113519,CUS_1969
220.55,240.69,1,7,0,669,0,0,0,UPI,USD,0,TXN_103815,CUS_6962
42.11,95.39,0,2,0,273,0,0,0,CARD,USD,0,TXN_110989,CUS_8867
88.56,85.41,0,1,0,1198,0,0,0,UPI,USD,0,TXN_109009,CUS_2170
94.63,85.64,1,4,0,51,0,0,0,CARD,INR,0,TXN_111241,CUS_9531
19.26,23.76,1,1,0,226,1,0,0,WALLET,INR,0,TXN_109458,CUS_1184
23.45,28.78,0,2,0,81,1,0,0,UPI,INR,0,TXN_107986,CUS_5485
60.94,49.58,1,2,0,580,0,0,0,WALLET,INR,0,TXN_100533,CUS_3200
342.25,311.16,0,4,0,192,0,0,0,CARD,INR,0,TXN_108952,CUS_2455
32.47,111.67,0,4,1,368,0,1,0,UPI,USD,0,TXN_102426,CUS_2489
449.53,424.22,0,1,0,250,0,0,0,CARD,INR,0,TXN_102749,CUS_5963
40.88,105.96,0,2,1,298,0,0,0,UPI,EUR,0,TXN_111614,CUS_7909
208.5,44.92,7,7,3,46,1,1,1,CARD,INR,1,TXN_109781,CUS_9880
67.15,61.29,0,6,0,309,0,0,0,CARD,USD,0,TXN_102909,CUS_4867
165.26,171.83,1,6,0,108,0,0,0,CARD,INR,0,TXN_109774,CUS_5820
54.93,79.64,0,4,0,253,0,0,0,CARD,INR,0,TXN_106299,CUS_2176
56.53,36.65,0,1,0,463,0,0,0,UPI,USD,0,TXN_103260,CUS_4533
214.47,166.81,0,5,0,188,0,0,0,CARD,INR,0,TXN_101037,CUS_9806
132.65,122.04,0,3,0,606,0,0,0,UPI,INR,0,TXN_100452,CUS_7953
35.06,27.96,0,0,0,594,0,0,0,CARD,EUR,0,TXN_104651,CUS_1997
147.5,137.79,1,5,0,420,0,0,0,CARD,INR,0,TXN_111475,CUS_1929
57.54,53.7,0,2,0,138,0,0,0,UPI,EUR,0,TXN_110136,CUS_8009
53.86,43.08,0,2,0,74,0,0,0,CARD,INR,0,TXN_100873,CUS_3505
209.11,243.35,0,2,0,55,0,0,0,NET_BANKING,EUR,0,TXN_107208,CUS_9892
91.7,125.05,1,3,0,53,0,0,0,UPI,INR,0,TXN_112379,CUS_8124
200.5,164.19,0,5,0,559,0,0,0,CARD,EUR,0,TXN_112235,CUS_3050
205.2,174.75,1,1,0,552,1,0,0,CARD,INR,0,TXN_111945,CUS_9365
157.31,114.86,0,1,0,50,0,0,0,UPI,EUR,0,TXN_105358,CUS_9550
165.8,155.94,1,3,1,77,0,0,0,UPI,INR,0,TXN_103186,CUS_7152
79.07,96.98,1,4,1,902,0,0,0,UPI,INR,0,TXN_107302,CUS_4581
214.9,117.32,0,1,0,146,0,0,0,NET_BANKING,INR,0,TXN_114984,CUS_8195
61.34,97.53,0,3,0,150,0,0,0,UPI,INR,0,TXN_104025,CUS_7887
139.93,25.55,4,9,3,17,1,1,3,WALLET,USD,1,TXN_101280,CUS_3803
221.29,201.82,1,4,0,917,0,0,0,CARD,USD,0,TXN_114383,CUS_3532
21.1,48.35,0,1,0,113,1,0,0,CARD,USD,0,TXN_103081,CUS_5238
261.2,74.05,5,6,3,79,0,1,2,UPI,USD,1,TXN_105212,CUS_5885
93.71,88.16,1,1,0,401,1,0,0,WALLET,USD,0,TXN_105646,CUS_7151
72.34,94.39,0,2,0,429,1,0,0,CARD,EUR,0,TXN_100056,CUS_3870
68.24,141.3,0,6,0,88,0,0,0,CARD,INR,0,TXN_110685,CUS_5546
44.32,86.13,0,3,1,196,1,0,0,NET_BANKING,USD,0,TXN_103535,CUS_3855
73.56,95.44,0,3,0,75,0,0,0,CARD,INR,0,TXN_114838,CUS_2227
36.84,133.6,0,0,0,452,0,0,0,UPI,USD,0,TXN_103423,CUS_1156
133.39,141.59,0,1,0,356,0,0,0,NET_BANKING,INR,0,TXN_102935,CUS_8901
75.23,81.79,1,3,0,53,0,0,0,CARD,INR,0,TXN_108690,CUS_9105
40.29,39.12,0,1,0,71,0,0,0,UPI,USD,0,TXN_105425,CUS_6201
194.22,155.13,1,3,0,143,0,0,0,WALLET,EUR,0,TXN_111560,CUS_8048
139.11,198.24,0,1,1,518,0,1,0,CARD,INR,0,TXN_110012,CUS_4704
69.97,68.06,0,1,0,626,0,0,0,UPI,EUR,0,TXN_101947,CUS_2738
103.03,80.49,1,6,0,116,0,0,0,CARD,INR,0,TXN_109087,CUS_6942
65.16,62.79,1,3,0,264,0,1,0,WALLET,INR,0,TXN_111427,CUS_5383
86.85,72.27,0,5,0,89,0,0,0,CARD,USD,0,TXN_106773,CUS_9263
34.69,25.39,1,1,1,207,0,0,0,UPI,USD,0,TXN_110550,CUS_4643
101.48,64.83,0,1,0,324,1,0,0,CARD,INR,0,TXN_100796,CUS_1095
321.44,325.63,1,1,0,99,0,0,0,CARD,INR,0,TXN_111739,CUS_4769
93.31,100.41,1,5,0,402,0,0,0,CARD,INR,0,TXN_104986,CUS_7624
67.18,63.58,0,2,0,213,0,0,0,WALLET,INR,0,TXN_102803,CUS_1106
250.81,211.55,1,2,0,57,0,0,0,CARD,USD,0,TXN_106007,CUS_1393
34.43,36.04,1,3,1,83,0,0,0,UPI,EUR,0,TXN_102050,CUS_2830
77.35,55.9,0,2,0,554,0,0,0,UPI,INR,0,TXN_107786,CUS_9250
61.89,87.76,0,4,0,266,0,0,0,CARD,USD,0,TXN_107143,CUS_1034
81.12,99.58,0,3,0,44,0,0,0,CARD,USD,0,TXN_113899,CUS_6922
77.42,57.61,0,2,0,145,0,0,0,CARD,EUR,0,TXN_111568,CUS_3803
163.46,159.09,1,2,0,103,0,0,0,NET_BANKING,INR,0,TXN_102378,CUS_8775
99.15,63.5,1,5,0,469,0,0,0,UPI,INR,0,TXN_113414,CUS_9473
283.56,91.98,7,7,1,103,1,0,1,CARD,USD,1,TXN_110632,CUS_9232
230.87,356.56,2,2,0,378,0,1,0,WALLET,INR,0,TXN_103698,CUS_6786
91.98,98.94,1,3,0,403,0,0,0,CARD,INR,0,TXN_106532,CUS_4133
27.75,33.03,0,0,0,115,0,0,0,CARD,USD,0,TXN_104198,CUS_9398
226.27,165.3,0,3,0,249,0,0,0,CARD,INR,0,TXN_106393,CUS_1425
20.34,59.89,0,3,0,549,0,0,0,UPI,USD,0,TXN_109226,CUS_9764
118.34,107.45,1,2,0,224,0,0,0,CARD,USD,0,TXN_113031,CUS_9443
3161.95,240.61,7,11,1,104,1,0,1,CARD,USD,1,TXN_107908,CUS_8401
14.57,21.09,0,1,0,139,0,0,0,CARD,USD,0,TXN_114611,CUS_6219
86.16,57.55,0,1,0,76,0,0,0,CARD,USD,0,TXN_101299,CUS_5093
120.85,172.33,0,2,0,382,0,0,0,UPI,EUR,0,TXN_107533,CUS_3332
104.36,117.22,1,2,0,329,0,0,0,CARD,USD,0,TXN_108131,CUS_6078
71.45,88.46,0,0,0,275,0,0,0,CARD,USD,0,TXN_107798,CUS_5824
38.83,52.78,1,1,0,165,0,1,0,CARD,INR,0,TXN_109275,CUS_1314
70.69,82.55,1,2,0,75,0,0,0,CARD,INR,0,TXN_112331,CUS_5236
39.99,38.06,1,1,0,173,0,0,0,CARD,INR,0,TXN_105860,CUS_8163
61.91,108.7,0,4,0,148,0,0,0,UPI,INR,0,TXN_101660,CUS_6416
313.41,277.58,0,2,0,225,0,0,0,UPI,INR,0,TXN_103051,CUS_7056
85.81,93.04,2,2,0,171,1,0,0,CARD,INR,0,TXN_111396,CUS_4397
94.97,144.31,0,4,0,32,0,0,0,UPI,INR,0,TXN_114861,CUS_3625
38.87,34.59,0,1,0,180,0,0,0,CARD,USD,0,TXN_108881,CUS_6653
48.31,40.41,1,3,0,54,0,0,0,NET_BANKING,USD,0,TXN_109555,CUS_1528
236.03,318.95,0,2,0,97,0,0,0,CARD,INR,0,TXN_110950,CUS_7229
202.34,229.38,1,3,0,253,0,0,0,UPI,INR,0,TXN_108893,CUS_5585
33.94,50.31,1,2,0,226,0,0,0,CARD,INR,0,TXN_101059,CUS_7946
63.55,99.54,0,1,0,43,0,1,0,CARD,USD,0,TXN_113716,CUS_2474
307.56,260.16,0,1,0,420,0,0,0,CARD,INR,0,TXN_101690,CUS_5979
153.87,156.63,1,1,0,136,0,0,0,UPI,INR,0,TXN_107894,CUS_1812
66.96,65.52,1,4,0,62,1,0,0,UPI,EUR,0,TXN_106886,CUS_3560
88.59,71.75,0,0,1,32,0,0,0,UPI,USD,0,TXN_105654,CUS_8046
71.45,325.03,1,3,0,128,0,0,0,NET_BANKING,INR,0,TXN_114690,CUS_6521
100.57,143.06,0,3,0,285,0,0,0,NET_BANKING,INR,0,TXN_106201,CUS_2576
101.28,125.3,0,2,1,343,0,0,0,UPI,USD,0,TXN_103754,CUS_2145
239.03,240.41,0,2,1,95,0,0,0,WALLET,INR,0,TXN_100010,CUS_8286
116.57,114.55,0,2,0,821,0,0,0,UPI,INR,0,TXN_114522,CUS_4956
53.81,44.82,0,2,0,452,0,0,0,CARD,USD,0,TXN_114741,CUS_1937
2732.7,280.74,5,8,7,128,1,1,0,CARD,EUR,1,TXN_104310,CUS_8495
262.37,198.29,0,2,0,133,0,0,0,CARD,INR,0,TXN_106681,CUS_7436
99.42,99.85,0,2,0,803,1,0,0,CARD,INR,0,TXN_112669,CUS_2701
189.83,127.5,0,3,0,351,1,1,0,CARD,INR,0,TXN_100702,CUS_9231
72.86,69.97,0,3,0,115,0,0,0,UPI,INR,0,TXN_105267,CUS_6555
70.93,104.75,0,2,0,346,0,0,0,NET_BANKING,USD,0,TXN_111402,CUS_3029
129.03,72.23,0,2,0,1520,0,0,0,NET_BANKING,INR,0,TXN_104377,CUS_1091
1435.33,117.22,3,11,5,65,1,1,1,WALLET,USD,1,TXN_109178,CUS_7205
167.8,125.69,0,3,1,164,0,0,0,CARD,INR,0,TXN_107444,CUS_5587
102.78,84.66,1,3,0,315,0,0,0,CARD,INR,0,TXN_100800,CUS_4608
87.58,97.48,0,4,0,182,0,1,0,CARD,INR,0,TXN_112611,CUS_8493
91.96,63.67,0,0,0,553,0,0,0,UPI,EUR,0,TXN_102742,CUS_6879
45.32,64.07,0,2,0,141,0,0,0,WALLET,INR,0,TXN_101249,CUS_7254
170.5,122.02,0,2,0,932,0,0,0,CARD,INR,0,TXN_100881,CUS_8150
73.31,91.66,0,2,0,82,0,0,0,UPI,INR,0,TXN_105094,CUS_9785
131.39,123.18,0,0,0,231,0,0,0,CARD,INR,0,TXN_105209,CUS_6075
79.72,69.99,1,5,0,136,0,0,0,CARD,USD,0,TXN_109334,CUS_2116
104.79,130.32,0,0,0,138,0,0,0,CARD,USD,0,TXN_112386,CUS_7107
103.39,97.33,2,4,0,79,0,0,0,UPI,INR,0,TXN_105259,CUS_6780
233.99,133.31,1,1,0,76,0,0,0,CARD,INR,0,TXN_114450,CUS_2558
152.13,146.42,0,1,0,114,0,0,0,UPI,USD,0,TXN_110838,CUS_1701
80.23,57.05,1,4,0,381,0,0,0,CARD,INR,0,TXN_106043,CUS_1309
76.49,80.99,3,4,0,43,0,0,0,UPI,INR,0,TXN_102414,CUS_1238
289.99,448.76,2,4,0,40,0,0,0,NET_BANKING,INR,0,TXN_106759,CUS_2039
88.23,40.71,1,2,0,112,0,0,0,NET_BANKING,INR,0,TXN_107003,CUS_1989
185.88,144.66,0,1,0,417,0,0,0,CARD,EUR,0,TXN_110025,CUS_8159
136.7,179.96,0,0,0,391,0,1,0,CARD,INR,0,TXN_100491,CUS_1305
255.05,20.65,6,12,3,10,1,1,1,CARD,INR,1,TXN_107287,CUS_1487
82.06,78.68,1,2,0,76,0,0,0,CARD,USD,0,TXN_111831,CUS_2076
64.91,64.22,0,0,0,155,0,0,0,UPI,INR,0,TXN_105029,CUS_9251
161.43,180.21,0,1,0,73,0,0,0,CARD,INR,0,TXN_103503,CUS_2321
64.06,72.27,0,1,0,471,0,1,0,UPI,INR,0,TXN_105324,CUS_8918
197.17,31.5,2,4,1,76,1,1,0,CARD,USD,1,TXN_102554,CUS_2669
61.65,55.58,0,1,0,725,0,0,0,UPI,INR,0,TXN_107306,CUS_9562
58.54,54.06,1,2,0,149,0,0,0,CARD,EUR,0,TXN_114869,CUS_6024
206.9,232.7,1,2,0,245,0,0,0,UPI,USD,0,TXN_105273,CUS_5298
120.48,83.72,1,1,0,1411,0,0,0,UPI,USD,0,TXN_101610,CUS_1942
74.85,77.68,0,2,0,170,0,0,0,CARD,INR,0,TXN_106585,CUS_3180
39.14,72.32,0,2,0,338,0,0,0,UPI,INR,0,TXN_103612,CUS_8644
136.07,82.73,0,3,0,84,1,0,0,CARD,USD,0,TXN_101206,CUS_2002
175.26,261.64,0,0,0,206,1,0,0,WALLET,USD,0,TXN_112055,CUS_6052
275.45,273.95,1,4,0,376,0,1,0,WALLET,EUR,0,TXN_112517,CUS_9908
104.44,164.22,2,3,0,398,0,0,0,CARD,USD,0,TXN_105110,CUS_2726
90.45,101.21,0,0,0,665,0,0,0,CARD,INR,0,TXN_105436,CUS_1042
55.36,41.7,2,4,0,298,0,0,0,CARD,INR,0,TXN_102642,CUS_2464
40.41,38.06,3,5,1,247,1,1,0,CARD,INR,0,TXN_104883,CUS_5839
42.56,60.36,1,4,0,60,0,0,0,CARD,INR,0,TXN_105752,CUS_3531
142.1,123.47,0,2,0,260,0,0,0,CARD,INR,0,TXN_105352,CUS_8826
155.29,172.73,2,3,0,108,0,0,0,CARD,INR,0,TXN_112632,CUS_5449
240.13,50.59,4,10,1,48,1,1,1,CARD,USD,1,TXN_101201,CUS_9317
87.1,114.17,0,1,0,277,0,0,0,UPI,INR,0,TXN_109820,CUS_7867
18.54,42.93,0,2,0,494,0,0,0,UPI,INR,0,TXN_111194,CUS_2736
23.82,49.79,0,4,0,79,0,0,0,UPI,USD,0,TXN_100182,CUS_4299
47.84,57.9,0,2,0,647,0,0,0,CARD,INR,0,TXN_113214,CUS_5510
213.19,225.65,1,5,0,155,0,0,0,UPI,EUR,0,TXN_113393,CUS_4654
35.54,48.64,0,2,0,37,0,0,0,UPI,INR,0,TXN_112532,CUS_5657
111.45,80.95,0,1,0,588,0,0,0,UPI,USD,0,TXN_113267,CUS_8647
25.32,56.57,1,3,0,224,0,0,0,UPI,INR,0,TXN_100008,CUS_5044
175.58,139.97,0,1,0,919,1,0,0,WALLET,INR,0,TXN_101795,CUS_7794
104.05,78.33,1,5,0,247,1,0,0,CARD,INR,0,TXN_106875,CUS_1971
220.47,466.89,3,4,0,761,0,0,0,WALLET,USD,0,TXN_103713,CUS_6761
61.47,115.93,1,4,0,1121,0,0,0,WALLET,INR,0,TXN_100584,CUS_7763
142.04,141.22,0,1,0,47,0,0,0,WALLET,INR,0,TXN_110839,CUS_8791
135.44,132.19,2,8,0,71,0,0,0,UPI,INR,0,TXN_107498,CUS_1096
68.32,166.27,0,2,0,95,0,0,0,CARD,INR,0,TXN_103801,CUS_7910
55.59,59.31,0,4,0,54,0,0,0,UPI,INR,0,TXN_108501,CUS_8426
61.52,55.55,0,1,0,137,0,0,0,UPI,INR,0,TXN_114731,CUS_5436
71.42,115.63,0,1,0,198,0,0,0,CARD,INR,0,TXN_106113,CUS_5115
715.54,101.74,6,7,3,31,1,1,1,WALLET,INR,1,TXN_107032,CUS_2285
436.98,326.31,1,3,1,342,0,0,0,UPI,INR,0,TXN_101466,CUS_9240
152.26,137.91,0,2,0,279,0,0,0,CARD,EUR,0,TXN_108648,CUS_5445
44.35,32.98,0,1,0,187,0,0,0,WALLET,INR,0,TXN_110830,CUS_6940
92.92,139.07,0,0,0,524,0,0,0,NET_BANKING,INR,0,TXN_102323,CUS_5463
33.41,65.06,1,3,0,167,0,0,0,UPI,INR,0,TXN_108269,CUS_6372
130.19,106.87,1,2,0,127,0,0,0,UPI,EUR,0,TXN_113836,CUS_1981
47.65,53.72,0,4,0,207,0,0,0,CARD,USD,0,TXN_110622,CUS_9444
743.53,107.81,6,10,1,216,1,1,1,UPI,USD,1,TXN_109267,CUS_2332
46.25,50.18,0,2,1,476,1,0,0,WALLET,INR,0,TXN_100914,CUS_1045
83.06,126.17,0,2,1,359,0,1,0,CARD,INR,0,TXN_108330,CUS_6543
52.89,71.92,1,2,0,158,0,0,0,CARD,INR,0,TXN_108211,CUS_2800
37.84,48.21,0,1,0,329,0,0,0,CARD,INR,0,TXN_112428,CUS_7462
61.17,56.7,0,0,0,83,0,0,0,CARD,USD,0,TXN_111410,CUS_7670
24.0,51.74,1,3,0,246,0,0,0,CARD,INR,0,TXN_108123,CUS_2011
241.97,167.0,0,0,1,256,0,0,0,CARD,EUR,0,TXN_108675,CUS_6175
204.63,155.01,0,1,0,139,0,0,0,UPI,EUR,0,TXN_110737,CUS_1690
83.22,81.96,1,2,1,287,0,0,0,CARD,EUR,0,TXN_113955,CUS_4910
69.61,57.87,0,2,0,215,0,0,0,UPI,USD,0,TXN_109822,CUS_2335
43.62,33.11,0,2,0,62,0,0,0,CARD,INR,0,TXN_100664,CUS_5750
36.04,40.13,2,5,0,33,0,0,0,CARD,USD,0,TXN_109638,CUS_4455
216.53,201.75,0,1,0,595,0,1,0,CARD,USD,0,TXN_110128,CUS_2283
130.12,119.99,1,3,1,90,0,0,0,NET_BANKING,INR,0,TXN_111002,CUS_2371
87.43,66.1,0,1,0,458,0,0,0,NET_BANKING,INR,0,TXN_113884,CUS_1724
169.13,150.38,0,3,0,456,0,0,0,UPI,INR,0,TXN_113558,CUS_2405
14.77,31.59,1,3,0,514,0,0,0,UPI,INR,0,TXN_108340,CUS_2150
74.05,50.75,0,2,1,229,0,0,0,CARD,INR,0,TXN_102470,CUS_2169
196.64,178.83,1,4,1,30,0,1,0,WALLET,EUR,0,TXN_103045,CUS_1249
70.47,177.48,0,3,0,72,0,1,0,NET_BANKING,INR,0,TXN_100818,CUS_2341
325.69,216.63,1,4,0,182,0,0,0,CARD,INR,0,TXN_102525,CUS_9617
54.03,69.26,0,4,0,169,0,1,0,CARD,USD,0,TXN_104130,CUS_8685
180.13,166.06,0,4,0,164,0,0,0,CARD,USD,0,TXN_114710,CUS_3626
108.79,96.17,0,5,1,314,0,0,0,CARD,INR,0,TXN_111771,CUS_1747
224.4,178.2,1,1,0,178,0,0,0,CARD,INR,0,TXN_111538,CUS_3393
82.02,90.75,1,3,0,495,0,0,0,UPI,INR,0,TXN_107275,CUS_1965
251.43,274.0,2,4,0,108,0,0,0,CARD,INR,0,TXN_112812,CUS_2733
108.51,74.87,1,3,1,194,0,0,0,UPI,INR,0,TXN_107144,CUS_7938
31.13,28.03,0,4,0,570,0,0,0,CARD,INR,0,TXN_109417,CUS_2779
81.39,91.4,0,3,0,477,0,0,0,CARD,INR,0,TXN_114955,CUS_9524
57.11,56.99,0,2,1,46,1,0,0,CARD,INR,0,TXN_106953,CUS_5050
27.91,24.51,0,1,0,532,0,0,0,WALLET,USD,0,TXN_102867,CUS_5179
135.55,186.16,2,3,0,171,1,1,0,NET_BANKING,USD,0,TXN_112135,CUS_2196
55.4,38.79,0,2,1,105,0,0,0,WALLET,INR,0,TXN_102938,CUS_3166
68.82,49.4,0,1,0,400,0,0,0,NET_BANKING,INR,0,TXN_106322,CUS_5943
92.55,127.03,0,2,0,110,0,1,0,CARD,USD,0,TXN_101264,CUS_4633
117.79,205.8,0,1,0,399,0,0,0,UPI,USD,0,TXN_104980,CUS_7426
65.79,87.76,0,3,0,470,0,0,0,CARD,INR,0,TXN_104347,CUS_3410
56.46,129.3,0,3,0,323,0,0,0,CARD,INR,0,TXN_100993,CUS_5578
105.58,89.3,0,1,0,323,0,0,0,UPI,USD,0,TXN_105265,CUS_7460
218.75,169.86,0,3,0,48,0,0,0,UPI,INR,0,TXN_102902,CUS_7338
29.99,38.06,0,3,0,227,0,0,0,UPI,INR,0,TXN_100359,CUS_1196
39.91,25.12,0,2,0,423,0,0,0,UPI,INR,0,TXN_111260,CUS_2180
89.35,118.34,0,0,0,267,1,0,0,UPI,INR,0,TXN_100730,CUS_6661
196.91,163.04,0,1,0,91,0,0,0,UPI,USD,0,TXN_105134,CUS_4395
65.74,89.43,1,1,0,189,0,0,0,UPI,INR,0,TXN_112228,CUS_9798
47.3,61.14,0,2,1,210,1,0,0,CARD,USD,0,TXN_110793,CUS_8757
108.52,116.37,0,4,0,291,0,0,0,UPI,USD,0,TXN_113352,CUS_5404
74.83,85.63,1,2,0,612,0,0,0,CARD,INR,0,TXN_101642,CUS_7719
129.01,56.15,5,10,2,6,1,1,3,CARD,INR,1,TXN_110528,CUS_9505
54.16,49.03,0,3,0,594,0,1,0,UPI,EUR,0,TXN_100127,CUS_6679
43.98,76.8,2,5,0,33,0,0,0,UPI,EUR,0,TXN_108884,CUS_9572
156.16,127.7,0,2,0,217,0,0,0,UPI,USD,0,TXN_114440,CUS_3634
42.51,87.42,1,5,0,144,0,1,0,NET_BANKING,INR,0,TXN_105521,CUS_7625
149.37,193.0,1,6,0,151,0,0,0,UPI,INR,0,TXN_102029,CUS_2681
22.93,76.38,0,2,0,338,0,0,0,CARD,USD,0,TXN_100833,CUS_7101
98.96,59.95,0,1,0,118,0,0,0,CARD,INR,0,TXN_107733,CUS_9576
41.68,39.73,0,2,0,381,0,0,0,UPI,INR,0,TXN_110226,CUS_7448
72.02,44.72,0,5,0,145,0,0,0,WALLET,INR,0,TXN_100696,CUS_4610
119.8,253.88,0,4,0,222,0,0,0,CARD,USD,0,TXN_107294,CUS_9612
341.42,209.77,0,1,1,40,1,0,0,UPI,INR,0,TXN_110605,CUS_9270
110.36,87.29,0,2,0,495,0,0,0,WALLET,USD,0,TXN_104322,CUS_2743
47.65,51.77,0,1,0,488,1,0,1,NET_BANKING,INR,0,TXN_113496,CUS_6712
52.03,59.08,0,0,0,76,0,0,0,UPI,USD,0,TXN_100811,CUS_2628
95.9,66.55,0,4,0,502,0,0,0,UPI,INR,0,TXN_113100,CUS_1302
199.27,145.35,0,0,0,49,0,0,0,CARD,USD,0,TXN_107281,CUS_2817
64.11,113.84,0,1,0,156,0,0,0,CARD,EUR,0,TXN_105517,CUS_8494
181.69,207.34,0,4,0,197,0,1,0,UPI,INR,0,TXN_107527,CUS_1731
52.81,39.6,1,4,0,1377,0,0,0,CARD,USD,0,TXN_107846,CUS_4047
467.83,872.07,0,4,0,70,0,0,0,CARD,INR,0,TXN_111563,CUS_6060
195.59,199.25,0,2,0,48,0,0,0,CARD,INR,0,TXN_100488,CUS_8345
93.12,76.7,1,4,0,84,0,0,0,UPI,INR,0,TXN_112498,CUS_5939
58.24,49.63,1,6,0,473,0,0,0,WALLET,INR,0,TXN_111807,CUS_5979
58.81,63.17,0,2,0,157,1,0,0,NET_BANKING,EUR,0,TXN_111922,CUS_6936
82.87,124.11,0,1,0,67,0,0,0,CARD,INR,0,TXN_104648,CUS_6130
118.02,89.47,0,6,0,373,0,0,0,UPI,INR,0,TXN_114769,CUS_8140
77.63,188.29,0,3,1,186,0,0,0,WALLET,INR,0,TXN_106084,CUS_9347
94.21,76.6,1,4,0,233,0,0,0,WALLET,INR,0,TXN_108097,CUS_9237
81.85,72.2,1,6,0,468,0,0,0,WALLET,USD,0,TXN_106702,CUS_9378
394.04,635.18,1,2,0,58,0,0,0,NET_BANKING,INR,0,TXN_101184,CUS_2131
117.86,120.89,0,4,0,1256,0,0,0,CARD,INR,0,TXN_113645,CUS_4805
298.57,395.59,1,1,0,292,0,0,0,UPI,INR,0,TXN_113402,CUS_5733
179.2,260.74,0,2,0,141,0,0,0,CARD,INR,0,TXN_108756,CUS_6536
40.57,34.18,0,5,0,122,0,0,0,CARD,USD,0,TXN_112837,CUS_4799
118.51,89.86,0,4,0,76,0,1,0,CARD,USD,0,TXN_101187,CUS_5425
192.94,139.43,0,2,0,140,0,0,0,CARD,INR,0,TXN_107860,CUS_5399
37.57,22.97,1,6,0,74,0,0,0,CARD,USD,0,TXN_105317,CUS_5010
139.64,129.85,0,1,0,260,0,0,0,NET_BANKING,INR,0,TXN_111311,CUS_8715
31.53,52.11,0,1,0,275,0,0,0,WALLET,INR,0,TXN_102054,CUS_8186
44.22,38.9,0,2,1,187,0,0,0,CARD,INR,0,TXN_102619,CUS_4692
174.96,273.55,0,4,0,156,0,1,0,CARD,INR,0,TXN_101260,CUS_1314
293.51,235.33,1,2,0,219,0,0,0,CARD,USD,0,TXN_100768,CUS_3534
190.95,105.77,0,1,0,477,0,0,0,UPI,INR,0,TXN_111648,CUS_2966
82.51,124.42,0,1,0,393,0,0,0,CARD,INR,0,TXN_105873,CUS_3621
53.65,142.86,0,1,0,179,0,0,0,UPI,USD,0,TXN_108505,CUS_1056
60.58,94.56,0,1,0,80,1,0,0,CARD,INR,0,TXN_110419,CUS_7818
124.92,214.55,0,5,0,152,0,0,0,WALLET,INR,0,TXN_105879,CUS_8195
58.23,71.34,0,2,0,755,0,0,0,UPI,INR,0,TXN_110323,CUS_3572
139.63,127.81,0,1,0,1100,0,0,0,UPI,INR,0,TXN_113790,CUS_2865
259.1,210.24,0,2,0,133,0,0,0,CARD,EUR,0,TXN_109681,CUS_9867
21.26,18.61,0,3,0,302,0,0,0,UPI,USD,0,TXN_102445,CUS_1303
111.83,85.54,0,2,1,257,0,0,0,UPI,INR,0,TXN_112462,CUS_3788
333.08,312.79,0,3,0,217,0,0,0,WALLET,INR,0,TXN_102504,CUS_1379
133.9,145.14,0,5,0,379,0,0,0,UPI,INR,0,TXN_111706,CUS_8826
66.39,89.09,0,5,0,32,0,0,0,CARD,EUR,0,TXN_109516,CUS_1122
111.81,163.15,0,0,1,397,0,0,0,CARD,INR,0,TXN_101034,CUS_6110
36.51,32.46,0,3,1,42,0,1,0,NET_BANKING,INR,0,TXN_113659,CUS_7198
150.51,127.8,1,3,0,309,0,0,0,CARD,INR,0,TXN_107857,CUS_6183
99.97,76.9,0,2,0,820,0,0,0,UPI,USD,0,TXN_100305,CUS_9062
138.28,122.16,0,3,0,38,0,0,0,UPI,INR,0,TXN_111711,CUS_4349
224.36,137.55,0,3,0,64,0,0,0,WALLET,EUR,0,TXN_106589,CUS_9494
67.68,151.91,0,4,0,55,0,0,0,CARD,INR,0,TXN_108300,CUS_3704
96.14,98.33,2,4,0,536,0,0,0,NET_BANKING,EUR,0,TXN_106154,CUS_3445
44.46,31.05,1,5,0,578,0,0,0,CARD,INR,0,TXN_107321,CUS_8642
18.53,33.96,0,2,0,259,1,0,0,NET_BANKING,USD,0,TXN_104946,CUS_7967
219.29,241.48,0,2,0,405,0,0,0,CARD,INR,0,TXN_105681,CUS_2998
67.55,73.78,0,3,0,84,0,0,0,UPI,USD,0,TXN_109068,CUS_4063
41.44,54.33,2,5,0,1077,0,0,0,CARD,INR,0,TXN_106543,CUS_6075
53.91,56.04,0,1,0,196,0,1,0,UPI,INR,0,TXN_107293,CUS_8940
83.25,84.53,0,4,0,165,0,0,0,CARD,INR,0,TXN_104090,CUS_4937
150.16,107.5,0,1,0,321,0,0,0,UPI,INR,0,TXN_112504,CUS_4970
70.17,45.29,0,0,0,233,0,0,0,CARD,INR,0,TXN_104019,CUS_3641
72.24,99.41,0,2,0,64,0,0,0,CARD,INR,0,TXN_103002,CUS_8425
427.61,417.35,0,2,1,468,0,0,0,NET_BANKING,INR,0,TXN_102577,CUS_2321
38.82,113.08,0,0,0,121,0,0,0,UPI,INR,0,TXN_108990,CUS_4896
78.32,120.16,0,0,0,617,0,0,0,CARD,USD,0,TXN_102447,CUS_9731
238.59,186.71,0,2,0,191,0,0,0,CARD,USD,0,TXN_114265,CUS_8586
187.31,145.43,1,3,0,418,0,0,0,UPI,INR,0,TXN_114949,CUS_8800
376.75,474.61,0,2,0,63,0,0,0,CARD,USD,0,TXN_101861,CUS_1036
50.37,54.49,0,0,0,239,1,0,0,CARD,INR,0,TXN_102336,CUS_3778
143.91,119.55,1,2,0,144,0,0,0,CARD,INR,0,TXN_104779,CUS_8950
275.24,190.21,0,2,0,717,0,1,0,WALLET,USD,0,TXN_105814,CUS_7305
50.91,116.33,1,1,0,232,0,0,0,NET_BANKING,EUR,0,TXN_104685,CUS_2024
194.98,200.08,0,2,0,208,0,0,0,CARD,USD,0,TXN_114939,CUS_4036
48.82,47.21,1,5,0,298,0,0,0,NET_BANKING,USD,0,TXN_108623,CUS_6436
87.16,177.32,0,2,0,454,0,1,0,UPI,INR,0,TXN_104893,CUS_1053
169.59,153.83,1,4,1,78,0,0,0,CARD,INR,0,TXN_100081,CUS_9317
209.63,136.61,0,0,0,99,0,0,0,UPI,INR,0,TXN_104850,CUS_6053
29.4,32.76,0,3,0,52,0,1,0,CARD,USD,0,TXN_110525,CUS_5275
187.02,33.99,6,9,2,40,1,0,2,CARD,USD,1,TXN_102066,CUS_1647
67.73,56.95,1,1,0,547,0,0,0,UPI,INR,0,TXN_112807,CUS_7986
19.21,33.91,1,4,0,241,0,0,0,UPI,INR,0,TXN_104828,CUS_8336
61.71,94.79,0,3,0,429,0,0,0,CARD,INR,0,TXN_102884,CUS_5057
205.8,174.64,1,1,0,33,0,0,0,WALLET,USD,0,TXN_104489,CUS_6288
23.68,32.31,0,1,0,315,0,0,0,UPI,INR,0,TXN_108847,CUS_5647
192.84,145.02,0,2,0,145,0,0,0,NET_BANKING,USD,0,TXN_106658,CUS_7498
52.18,44.28,0,2,0,136,0,0,0,UPI,USD,0,TXN_102316,CUS_8607
68.65,84.63,0,4,0,133,0,0,0,NET_BANKING,INR,0,TXN_113280,CUS_3733
5.0,141.9,1,1,1,76,0,1,0,WALLET,INR,0,TXN_104894,CUS_6526
136.03,153.16,0,2,0,111,1,0,0,CARD,INR,0,TXN_110020,CUS_9932
52.4,54.69,1,3,1,167,0,0,0,UPI,INR,0,TXN_108599,CUS_2757
368.47,214.74,0,3,0,111,0,0,0,UPI,INR,0,TXN_102649,CUS_9765
76.03,47.25,0,3,0,119,0,0,0,WALLET,INR,0,TXN_107898,CUS_8877
85.51,119.58,1,4,0,103,0,0,0,NET_BANKING,INR,0,TXN_105684,CUS_1485
427.36,343.83,0,2,1,155,0,0,0,UPI,USD,0,TXN_103734,CUS_2548
548.15,90.61,4,11,2,15,1,0,2,CARD,EUR,1,TXN_108356,CUS_9214
75.85,69.78,0,3,0,166,0,0,0,CARD,INR,0,TXN_105434,CUS_9504
24.62,87.19,0,7,0,178,1,0,0,UPI,EUR,0,TXN_111280,CUS_1089
182.43,178.06,0,0,0,274,0,0,0,UPI,INR,0,TXN_112930,CUS_7980
104.8,86.69,1,3,1,88,0,0,0,CARD,INR,0,TXN_102479,CUS_2784
313.03,282.18,0,1,0,167,0,0,0,CARD,INR,0,TXN_100642,CUS_7113
64.08,69.76,0,4,0,336,0,0,0,CARD,INR,0,TXN_105191,CUS_7015
76.99,100.65,0,3,1,159,0,0,0,WALLET,EUR,0,TXN_103582,CUS_2888
96.0,110.96,0,2,0,333,0,0,0,NET_BANKING,INR,0,TXN_110376,CUS_6809
41.46,33.71,0,2,0,521,0,0,0,UPI,INR,0,TXN_105951,CUS_1700
51.23,168.46,0,2,1,65,0,0,0,UPI,USD,0,TXN_103145,CUS_3027
207.54,177.68,0,2,0,149,0,0,0,UPI,EUR,0,TXN_103205,CUS_9468
106.82,121.06,0,2,0,705,0,0,0,NET_BANKING,EUR,0,TXN_114414,CUS_7865
96.11,106.37,0,0,0,131,0,0,0,CARD,INR,0,TXN_113822,CUS_3101
121.83,90.47,1,2,0,162,0,0,0,CARD,INR,0,TXN_112557,CUS_5719
144.84,124.47,0,1,0,126,0,1,0,UPI,USD,0,TXN_108207,CUS_1652
133.27,132.47,2,4,0,145,0,1,0,CARD,USD,0,TXN_101717,CUS_5256
43.03,49.43,0,3,1,69,0,0,0,UPI,INR,0,TXN_101136,CUS_6042
259.99,343.27,0,0,0,86,0,0,0,UPI,INR,0,TXN_108206,CUS_9169
63.58,48.4,1,3,0,309,0,0,0,CARD,INR,0,TXN_102729,CUS_4944
43.95,40.2,0,1,0,301,0,0,0,CARD,INR,0,TXN_104230,CUS_7554
74.16,80.93,0,3,0,140,0,0,0,CARD,INR,0,TXN_100219,CUS_3651
76.01,78.78,0,1,0,44,0,0,0,CARD,INR,0,TXN_106633,CUS_8905
77.39,136.19,0,2,0,183,0,0,0,CARD,INR,0,TXN_106551,CUS_4698
42.52,38.7,0,1,0,242,0,0,0,UPI,INR,0,TXN_113209,CUS_9598
120.91,102.47,0,2,0,178,0,0,0,CARD,INR,0,TXN_105240,CUS_3293
182.81,103.24,0,3,0,112,0,1,0,UPI,INR,0,TXN_100330,CUS_9611
74.52,62.21,0,4,0,1472,0,1,0,UPI,INR,0,TXN_106871,CUS_2451
79.37,67.71,1,1,0,422,0,0,0,CARD,INR,0,TXN_101003,CUS_9187
282.47,274.27,1,1,1,309,0,0,0,CARD,INR,0,TXN_114617,CUS_2978
75.04,69.29,0,1,0,443,0,0,0,UPI,INR,0,TXN_105220,CUS_2357
40.29,36.08,0,0,0,321,0,0,0,UPI,INR,0,TXN_105640,CUS_6902
128.07,73.61,0,1,0,592,0,0,0,WALLET,INR,0,TXN_114787,CUS_9555
99.75,77.93,0,0,0,348,0,0,0,CARD,INR,0,TXN_113607,CUS_3871
177.59,153.09,0,2,0,240,0,0,0,UPI,INR,0,TXN_111889,CUS_5768
48.33,47.38,0,1,0,98,1,0,0,NET_BANKING,USD,0,TXN_105428,CUS_5670
113.08,95.08,1,2,0,112,0,0,0,UPI,USD,0,TXN_100328,CUS_3387
227.4,24.46,4,11,3,25,0,0,1,CARD,USD,1,TXN_106233,CUS_8562
9.46,25.65,0,4,0,337,0,0,0,WALLET,USD,0,TXN_104758,CUS_6402
62.8,61.83,0,4,0,143,1,0,0,WALLET,INR,0,TXN_112892,CUS_9627
294.34,239.73,0,4,0,171,0,0,0,UPI,INR,0,TXN_110335,CUS_9466
70.08,78.56,1,1,0,371,0,0,0,CARD,USD,0,TXN_111876,CUS_3490
130.13,107.99,0,1,0,72,0,0,0,CARD,USD,0,TXN_114734,CUS_1303
42.82,130.07,1,3,1,811,0,0,0,CARD,INR,0,TXN_105047,CUS_6785
53.23,63.58,0,4,0,100,0,0,0,CARD,USD,0,TXN_103663,CUS_4758
43.64,59.48,0,2,0,122,0,1,0,CARD,INR,0,TXN_105929,CUS_8294
117.93,83.34,0,1,0,234,0,0,0,UPI,INR,0,TXN_102206,CUS_2413
166.79,178.66,0,1,0,76,0,0,0,CARD,INR,0,TXN_101226,CUS_2770
139.04,200.74,1,2,1,173,0,1,0,UPI,INR,0,TXN_106807,CUS_6233
17.36,51.71,0,3,0,162,0,0,0,CARD,INR,0,TXN_113536,CUS_4698
120.18,104.08,1,3,0,465,1,1,0,UPI,INR,0,TXN_101460,CUS_6157
286.1,287.01,1,2,0,613,1,0,0,CARD,INR,0,TXN_102142,CUS_3976
59.48,58.72,0,3,0,120,0,0,0,UPI,EUR,0,TXN_111063,CUS_6496
406.44,329.63,0,0,0,204,0,1,0,CARD,USD,0,TXN_110925,CUS_8512
297.66,433.32,1,1,0,503,0,0,0,CARD,EUR,0,TXN_106631,CUS_8458
104.95,200.08,0,1,0,81,0,0,0,CARD,INR,0,TXN_112855,CUS_1734
1157.33,226.05,3,9,1,67,0,1,0,CARD,USD,1,TXN_103170,CUS_3616
35.58,39.75,1,4,0,62,0,0,0,UPI,INR,0,TXN_113941,CUS_5103
19.48,63.03,0,3,1,436,0,0,0,UPI,INR,0,TXN_109440,CUS_8912
316.55,373.29,1,3,0,146,0,0,0,NET_BANKING,INR,0,TXN_109329,CUS_8360
116.64,101.89,1,7,0,163,0,0,0,UPI,INR,0,TXN_110451,CUS_9888
48.99,80.1,0,2,0,132,1,0,0,WALLET,INR,0,TXN_105757,CUS_7730
63.05,62.14,0,0,0,725,1,0,0,NET_BANKING,USD,0,TXN_111155,CUS_4632
426.95,388.95,1,1,0,147,1,0,0,NET_BANKING,EUR,0,TXN_109991,CUS_4715
105.69,91.89,0,1,0,78,0,0,0,CARD,INR,0,TXN_108985,CUS_2347
58.6,67.05,1,2,0,63,0,1,0,NET_BANKING,INR,0,TXN_110869,CUS_5189
23.46,90.49,0,1,0,446,1,0,1,CARD,USD,0,TXN_108750,CUS_3277
34.78,37.49,1,4,0,250,0,1,0,CARD,INR,0,TXN_110386,CUS_9197
53.28,51.5,1,4,1,192,0,0,1,NET_BANKING,USD,0,TXN_111272,CUS_5062
76.76,176.91,1,1,0,280,0,0,0,CARD,USD,0,TXN_112380,CUS_7046
49.01,62.76,2,5,0,73,0,0,0,CARD,INR,0,TXN_102264,CUS_5306
67.72,67.91,0,1,0,121,1,0,0,CARD,USD,0,TXN_103652,CUS_2529
203.17,119.01,0,0,0,99,0,0,0,CARD,INR,0,TXN_112800,CUS_5469
800.29,565.95,0,6,0,78,0,0,0,WALLET,INR,0,TXN_108846,CUS_6099
687.28,535.39,0,0,0,761,0,0,0,WALLET,INR,0,TXN_107134,CUS_9884
248.58,35.76,6,13,6,17,1,1,3,CARD,USD,1,TXN_101643,CUS_6932
325.55,209.59,0,4,0,193,0,0,0,UPI,INR,0,TXN_114951,CUS_5783
68.31,84.04,0,2,1,719,0,0,0,CARD,USD,0,TXN_108987,CUS_9184
685.68,664.93,0,2,0,50,0,0,0,CARD,USD,0,TXN_104000,CUS_9611
140.42,105.3,0,2,0,104,0,0,0,WALLET,INR,0,TXN_109680,CUS_2182
50.35,52.6,2,2,0,202,1,0,0,CARD,USD,0,TXN_101305,CUS_3076
81.29,60.87,0,1,0,116,0,1,0,NET_BANKING,INR,0,TXN_107260,CUS_3246
127.7,79.54,0,2,0,38,0,1,0,CARD,INR,0,TXN_109597,CUS_5211
89.57,77.41,0,2,0,140,1,0,0,UPI,USD,0,TXN_112301,CUS_2013
304.79,193.36,0,0,0,55,0,0,0,CARD,INR,0,TXN_110169,CUS_6365
81.72,89.1,0,2,0,81,0,0,0,CARD,USD,0,TXN_101752,CUS_9706
199.83,216.12,0,2,0,749,0,1,0,CARD,INR,0,TXN_103836,CUS_8446
197.93,47.3,4,7,2,54,1,1,2,CARD,USD,1,TXN_100836,CUS_2412
85.84,115.02,1,5,1,165,0,0,0,CARD,USD,0,TXN_100757,CUS_3230
59.31,60.36,1,2,0,66,1,0,0,CARD,INR,0,TXN_113347,CUS_1150
66.83,44.59,1,2,0,40,0,0,0,CARD,USD,0,TXN_107561,CUS_4953
27.32,90.55,0,1,0,284,0,0,0,CARD,INR,0,TXN_102311,CUS_7610
93.39,179.32,1,1,0,524,0,0,0,UPI,USD,0,TXN_108908,CUS_8413
60.12,51.95,1,3,0,349,0,0,0,CARD,EUR,0,TXN_109000,CUS_4963
325.25,175.8,0,0,0,570,0,0,0,CARD,USD,0,TXN_100044,CUS_4367
126.49,87.89,1,2,0,49,1,1,0,UPI,INR,0,TXN_111572,CUS_6397
8.69,44.7,1,3,0,835,0,0,0,CARD,USD,0,TXN_104960,CUS_3188
132.88,117.66,0,1,0,81,0,0,0,UPI,EUR,0,TXN_114074,CUS_3448
64.48,62.88,2,5,0,661,0,0,0,CARD,INR,0,TXN_108399,CUS_4033
351.33,303.21,0,2,0,42,0,0,0,UPI,INR,0,TXN_101217,CUS_5125
503.03,433.83,0,1,0,460,0,0,0,NET_BANKING,USD,0,TXN_111244,CUS_4787
241.74,271.98,0,1,0,521,1,0,0,UPI,EUR,0,TXN_101030,CUS_1035
16.56,40.17,0,4,0,142,0,0,0,NET_BANKING,INR,0,TXN_100598,CUS_9420
59.1,56.02,0,1,0,87,0,0,0,CARD,INR,0,TXN_114728,CUS_7704
41.47,101.17,0,0,0,60,0,0,0,UPI,EUR,0,TXN_107992,CUS_4297
88.65,81.39,1,6,0,427,0,0,0,WALLET,INR,0,TXN_109751,CUS_5723
41.34,46.29,0,3,0,123,0,0,0,CARD,USD,0,TXN_110939,CUS_7632
34.12,41.52,0,1,0,155,0,1,0,WALLET,INR,0,TXN_100743,CUS_5154
142.75,213.85,0,1,0,518,0,0,0,CARD,INR,0,TXN_107726,CUS_7836
63.56,114.54,1,1,0,61,0,1,0,UPI,USD,0,TXN_100930,CUS_4846
347.05,290.82,0,1,0,687,0,0,0,CARD,INR,0,TXN_109165,CUS_8223
543.52,723.23,0,0,0,79,0,0,0,CARD,EUR,0,TXN_113773,CUS_7160
14.76,36.73,0,1,0,430,0,0,0,NET_BANKING,INR,0,TXN_100583,CUS_9823
63.55,63.67,0,3,0,189,0,0,0,CARD,USD,0,TXN_103684,CUS_2039
536.26,407.85,0,2,0,291,0,0,0,WALLET,USD,0,TXN_107362,CUS_7289
39.09,63.65,0,2,1,521,1,0,0,UPI,EUR,0,TXN_108439,CUS_6450
8.22,37.24,0,2,0,70,0,1,0,CARD,INR,0,TXN_103374,CUS_9275
113.22,102.85,2,5,0,308,0,0,0,CARD,EUR,0,TXN_113306,CUS_9467
43.76,38.25,0,6,0,323,0,0,0,CARD,INR,0,TXN_114368,CUS_6061
105.36,141.76,0,3,0,365,0,0,0,CARD,INR,0,TXN_109119,CUS_5673
66.87,52.55,0,5,0,157,0,0,0,CARD,EUR,0,TXN_105078,CUS_2872
22.51,26.2,2,4,0,704,1,0,0,WALLET,INR,0,TXN_108098,CUS_8934
492.36,86.49,5,8,3,17,0,1,2,CARD,USD,1,TXN_112729,CUS_8953
34.26,88.94,0,0,0,171,0,0,0,UPI,INR,0,TXN_104222,CUS_3635
120.8,139.18,0,3,0,36,0,0,0,UPI,INR,0,TXN_101611,CUS_3315
92.09,114.87,0,0,0,299,0,0,0,UPI,USD,0,TXN_104272,CUS_6746
183.51,102.9,0,4,0,133,0,1,0,UPI,USD,0,TXN_103634,CUS_1633
101.44,73.54,0,2,1,409,0,0,0,UPI,INR,0,TXN_112091,CUS_2443
34.23,31.49,0,2,1,350,0,0,0,UPI,INR,0,TXN_102214,CUS_9318
84.3,71.71,0,2,0,235,0,0,0,WALLET,USD,0,TXN_109770,CUS_9925
356.86,359.84,1,2,0,166,0,0,0,UPI,INR,0,TXN_113691,CUS_9111
46.92,73.5,1,1,0,330,0,0,0,WALLET,INR,0,TXN_100960,CUS_1515
214.49,189.76,2,4,0,571,0,0,1,UPI,USD,0,TXN_114420,CUS_8604
204.88,139.91,0,2,0,214,0,0,0,CARD,USD,0,TXN_105173,CUS_9090
164.57,158.42,0,3,0,276,0,0,0,UPI,USD,0,TXN_110423,CUS_3658
101.93,137.42,0,3,0,897,0,0,0,CARD,INR,0,TXN_112866,CUS_6774
133.35,120.46,1,1,0,92,0,0,0,CARD,INR,0,TXN_112620,CUS_5398
48.84,69.41,0,3,0,137,0,0,0,WALLET,INR,0,TXN_105321,CUS_6143
120.18,159.43,0,3,0,286,0,0,0,CARD,INR,0,TXN_106990,CUS_3032
43.18,43.5,0,3,0,86,0,1,0,UPI,EUR,0,TXN_100513,CUS_2579
187.3,266.17,0,2,0,223,0,0,0,WALLET,USD,0,TXN_100103,CUS_2679
189.41,207.78,1,2,0,43,0,0,0,UPI,USD,0,TXN_107980,CUS_2381
337.74,271.42,0,1,0,152,1,0,0,UPI,INR,0,TXN_108630,CUS_7915
87.52,75.56,0,4,0,155,0,0,0,CARD,USD,0,TXN_109952,CUS_3914
44.92,41.4,1,7,0,357,0,0,0,CARD,USD,0,TXN_109749,CUS_1621
46.61,59.47,1,4,0,249,0,0,0,CARD,USD,0,TXN_102691,CUS_1053
85.98,132.4,1,4,0,80,0,0,0,WALLET,USD,0,TXN_109592,CUS_4288
98.65,70.0,0,5,0,116,0,0,0,NET_BANKING,USD,0,TXN_114604,CUS_7526
89.59,134.01,1,4,0,51,0,0,0,CARD,INR,0,TXN_102571,CUS_4828
409.84,251.71,0,2,0,261,0,0,0,CARD,USD,0,TXN_114192,CUS_1738
50.24,50.24,0,2,0,1240,1,0,0,CARD,USD,0,TXN_109254,CUS_6046
71.14,68.24,0,4,0,316,1,0,0,CARD,INR,0,TXN_111631,CUS_3134
23.62,20.61,0,2,0,430,1,1,0,CARD,EUR,0,TXN_113334,CUS_8463
62.82,93.9,0,3,0,687,0,1,0,UPI,USD,0,TXN_113504,CUS_7546
102.39,84.72,0,1,0,158,0,0,0,CARD,INR,0,TXN_101256,CUS_5360
104.25,79.2,1,3,0,122,1,0,0,NET_BANKING,INR,0,TXN_107289,CUS_5412
12.72,19.02,0,1,0,229,0,0,0,UPI,INR,0,TXN_104469,CUS_1768
58.87,52.57,0,3,0,508,0,0,0,UPI,INR,0,TXN_108469,CUS_3025
94.95,70.89,0,2,0,233,0,1,0,CARD,USD,0,TXN_101782,CUS_8588
11.85,162.51,1,1,0,672,0,1,0,CARD,INR,0,TXN_101498,CUS_7307
1194.58,719.27,1,5,0,380,0,0,0,CARD,USD,0,TXN_102473,CUS_3569
135.78,182.07,1,5,0,99,0,0,0,UPI,INR,0,TXN_108311,CUS_1121
419.03,403.99,0,1,0,139,0,0,0,WALLET,INR,0,TXN_101387,CUS_7837
30.4,43.32,0,3,0,111,0,0,0,CARD,USD,0,TXN_111566,CUS_4207
121.69,90.68,1,4,0,170,0,0,0,NET_BANKING,INR,0,TXN_102992,CUS_6004
1262.5,158.18,4,4,0,49,1,1,0,CARD,USD,1,TXN_108714,CUS_6047
39.25,61.22,2,4,0,270,0,0,0,CARD,INR,0,TXN_105069,CUS_1618
275.76,57.42,1,14,0,33,0,1,1,CARD,INR,1,TXN_108139,CUS_4605
270.53,228.06,2,3,0,252,0,0,0,UPI,INR,0,TXN_100606,CUS_5486
136.1,152.52,0,2,0,61,0,1,0,UPI,INR,0,TXN_106615,CUS_8573
62.78,133.92,0,0,0,284,0,0,0,CARD,INR,0,TXN_104483,CUS_8198
109.17,129.07,0,2,0,857,1,0,0,CARD,INR,0,TXN_101328,CUS_7152
107.09,70.52,1,1,0,33,0,1,0,CARD,EUR,0,TXN_103154,CUS_8158
202.42,174.95,0,4,0,293,0,0,0,WALLET,INR,0,TXN_107814,CUS_2080
79.85,90.97,0,3,0,315,0,0,0,UPI,INR,0,TXN_103645,CUS_5597
290.35,240.24,1,3,0,113,0,0,0,CARD,INR,0,TXN_110774,CUS_5994
132.02,142.45,0,1,0,159,0,0,0,CARD,INR,0,TXN_108640,CUS_9980
230.08,176.15,0,1,2,88,0,0,0,UPI,USD,0,TXN_101998,CUS_9471
60.47,46.45,0,2,0,1217,0,0,0,WALLET,USD,0,TXN_113057,CUS_2122
85.74,71.0,0,3,0,67,0,0,0,CARD,USD,0,TXN_103996,CUS_9509
107.12,132.77,0,1,0,711,0,0,0,CARD,INR,0,TXN_105483,CUS_1351
1173.64,1408.46,0,1,0,192,0,0,0,CARD,INR,0,TXN_107157,CUS_9128
176.9,237.87,0,2,0,482,0,0,0,UPI,INR,0,TXN_106303,CUS_8185
98.63,64.61,1,1,0,397,0,0,0,WALLET,USD,0,TXN_107989,CUS_5415
55.36,63.51,0,2,0,136,0,0,0,CARD,INR,0,TXN_112869,CUS_1669
41.97,44.68,0,0,0,297,0,0,0,CARD,INR,0,TXN_109097,CUS_8001
343.14,329.83,1,3,0,35,0,0,0,UPI,INR,0,TXN_109276,CUS_2747
196.57,166.49,1,5,0,175,0,0,0,CARD,INR,0,TXN_105052,CUS_2085
216.4,128.02,0,1,0,767,0,1,0,CARD,USD,0,TXN_110380,CUS_9266
32.69,39.08,0,2,0,167,0,0,0,NET_BANKING,INR,0,TXN_110597,CUS_9820
134.32,90.85,1,1,0,916,0,0,0,CARD,INR,0,TXN_106215,CUS_5233
97.78,99.91,0,6,1,121,0,0,0,UPI,INR,0,TXN_106440,CUS_6540
82.03,94.58,0,3,0,109,0,0,0,NET_BANKING,EUR,0,TXN_102758,CUS_7100
113.84,104.18,1,3,1,62,0,0,0,WALLET,INR,0,TXN_102809,CUS_9923
63.38,89.88,0,4,0,506,0,0,0,CARD,USD,0,TXN_111268,CUS_1960
40.35,38.22,0,2,0,280,0,0,0,UPI,INR,0,TXN_102434,CUS_3753
5.2,31.19,0,3,0,359,0,0,0,WALLET,USD,0,TXN_114264,CUS_1017
153.21,154.67,1,4,0,221,0,0,0,CARD,EUR,0,TXN_106103,CUS_7897
85.27,62.11,0,1,1,529,0,0,0,NET_BANKING,INR,0,TXN_101562,CUS_7522
59.52,56.6,1,5,0,50,0,0,0,NET_BANKING,INR,0,TXN_104769,CUS_3886
91.51,146.03,0,1,0,75,0,1,0,CARD,USD,0,TXN_114842,CUS_3551
138.96,111.26,0,1,0,825,0,0,0,UPI,USD,0,TXN_114629,CUS_8841
22.86,68.91,0,3,0,158,0,0,0,UPI,INR,0,TXN_112085,CUS_6888
59.68,116.3,0,1,0,65,0,1,0,CARD,INR,0,TXN_108626,CUS_6069
39.91,44.55,0,4,0,429,0,0,0,CARD,USD,0,TXN_108308,CUS_6426
111.77,132.87,0,1,0,943,0,0,0,UPI,USD,0,TXN_112745,CUS_1955
517.89,536.6,0,2,1,336,0,0,0,CARD,EUR,0,TXN_114921,CUS_4084
196.15,183.32,2,4,0,90,0,0,0,CARD,INR,0,TXN_101676,CUS_4764
106.26,123.58,0,3,1,35,0,0,0,CARD,INR,0,TXN_101390,CUS_5468
109.23,106.0,0,3,0,123,0,0,0,UPI,INR,0,TXN_108858,CUS_2700
87.59,77.83,0,1,0,545,0,0,0,CARD,INR,0,TXN_103302,CUS_3553
98.46,113.03,0,3,0,460,0,1,0,CARD,EUR,0,TXN_111439,CUS_4466
20.21,37.06,0,2,0,291,0,0,0,NET_BANKING,USD,0,TXN_100625,CUS_8784
36.73,37.06,0,2,0,201,1,0,0,WALLET,INR,0,TXN_104726,CUS_6594
231.5,145.77,1,3,0,109,0,0,0,UPI,INR,0,TXN_108944,CUS_6324
80.02,68.21,0,2,1,131,0,0,0,WALLET,USD,0,TXN_106031,CUS_1760
69.41,101.56,0,3,1,349,1,0,0,CARD,EUR,0,TXN_103691,CUS_1042
188.63,145.31,0,1,0,92,0,0,0,CARD,EUR,0,TXN_104895,CUS_5834
84.49,70.61,0,1,0,939,0,0,0,WALLET,INR,0,TXN_108724,CUS_9746
159.36,116.28,0,5,0,199,0,0,0,CARD,INR,0,TXN_111812,CUS_5131
135.27,99.45,0,1,0,949,0,0,0,CARD,INR,0,TXN_106174,CUS_3631
1199.08,870.57,0,2,0,65,0,0,0,UPI,INR,0,TXN_112337,CUS_5328
49.54,60.4,0,2,0,388,0,0,0,UPI,INR,0,TXN_103927,CUS_3159
209.19,240.74,2,5,0,308,1,0,0,NET_BANKING,USD,0,TXN_108380,CUS_5376
1272.51,239.33,2,10,3,21,1,1,1,CARD,INR,1,TXN_111790,CUS_2884
163.28,106.02,0,1,0,204,0,0,0,UPI,USD,0,TXN_105492,CUS_1788
34.84,38.27,0,3,0,367,0,0,0,WALLET,INR,0,TXN_100131,CUS_1703
36.52,68.51,0,3,0,36,0,0,0,WALLET,INR,0,TXN_103382,CUS_7796
127.46,106.74,0,4,0,32,1,0,0,WALLET,USD,0,TXN_110659,CUS_9720
48.86,54.38,0,2,0,288,0,0,0,NET_BANKING,USD,0,TXN_101989,CUS_9269
114.22,292.75,1,4,0,547,0,0,0,CARD,INR,0,TXN_110885,CUS_7890
137.94,101.24,0,0,0,247,0,0,0,WALLET,INR,0,TXN_107084,CUS_4334
159.05,181.64,0,5,0,100,0,0,0,CARD,INR,0,TXN_105227,CUS_8062
237.45,132.64,1,3,1,39,0,0,0,CARD,INR,0,TXN_113024,CUS_3030
56.19,38.29,1,2,0,148,0,0,0,CARD,INR,0,TXN_107807,CUS_9223
225.81,144.62,0,1,0,527,0,0,0,WALLET,INR,0,TXN_112790,CUS_9565
57.29,36.23,1,5,0,61,0,0,0,CARD,INR,0,TXN_106252,CUS_2470
143.83,160.25,0,0,0,282,0,0,0,NET_BANKING,INR,0,TXN_106283,CUS_6890
151.84,97.35,0,1,0,162,0,1,0,CARD,INR,0,TXN_111717,CUS_6860
202.1,189.73,1,4,0,1144,0,0,0,UPI,INR,0,TXN_112036,CUS_1884
32.81,29.75,3,4,0,193,0,0,0,CARD,EUR,0,TXN_103891,CUS_6843
636.24,791.09,0,0,0,595,0,0,0,CARD,INR,0,TXN_111626,CUS_7550
107.12,124.77,0,3,1,32,0,0,0,CARD,INR,0,TXN_111875,CUS_3693
55.41,33.58,2,3,0,1078,0,0,0,CARD,USD,0,TXN_103658,CUS_2205
247.19,184.12,0,2,0,72,0,0,0,CARD,INR,0,TXN_103934,CUS_6892
76.49,87.74,0,3,0,57,1,0,0,CARD,EUR,0,TXN_105023,CUS_2748
60.19,78.03,1,4,0,147,0,0,0,UPI,INR,0,TXN_102355,CUS_9895
477.69,615.2,0,4,0,401,0,0,0,CARD,INR,0,TXN_100763,CUS_6465
69.32,77.94,0,1,0,81,0,0,0,UPI,USD,0,TXN_110338,CUS_2234
238.53,137.4,0,1,0,475,0,0,0,UPI,INR,0,TXN_103296,CUS_4305
57.32,40.29,1,2,0,132,0,0,0,CARD,INR,0,TXN_109668,CUS_8049
54.09,71.67,1,3,0,94,0,0,0,UPI,INR,0,TXN_101550,CUS_2114
67.37,96.51,0,4,0,144,0,1,0,UPI,INR,0,TXN_110491,CUS_1025
131.73,185.43,1,5,0,210,0,0,0,NET_BANKING,USD,0,TXN_111363,CUS_1845
196.3,151.68,0,2,0,569,0,0,0,UPI,INR,0,TXN_110238,CUS_6809
155.39,108.54,0,2,0,138,0,0,0,NET_BANKING,EUR,0,TXN_102396,CUS_6966
37.69,24.27,0,4,0,746,0,0,0,CARD,USD,0,TXN_100389,CUS_3898
50.9,56.79,0,4,0,57,0,1,0,WALLET,INR,0,TXN_109935,CUS_3352
237.23,157.18,1,3,0,635,0,0,0,CARD,INR,0,TXN_110811,CUS_6500
161.45,200.23,0,3,0,382,0,0,0,CARD,EUR,0,TXN_111068,CUS_5475
40.33,31.88,0,3,0,134,0,0,0,NET_BANKING,EUR,0,TXN_106586,CUS_6859
104.51,155.37,0,3,0,60,0,0,0,WALLET,INR,0,TXN_110066,CUS_5196
95.15,86.48,1,4,0,351,0,0,0,WALLET,USD,0,TXN_112883,CUS_8935
149.31,118.57,0,0,0,62,0,0,0,CARD,USD,0,TXN_105807,CUS_4774
48.31,63.44,1,4,0,692,0,0,0,WALLET,USD,0,TXN_109978,CUS_8301
63.89,39.29,0,1,0,933,0,0,0,CARD,INR,0,TXN_112585,CUS_7367
479.76,331.91,0,3,0,129,0,0,0,UPI,USD,0,TXN_100733,CUS_1344
85.29,90.15,1,3,0,354,0,0,0,UPI,INR,0,TXN_111134,CUS_8882
51.0,94.5,0,2,1,288,0,0,0,CARD,USD,0,TXN_106179,CUS_9129
71.62,66.11,0,0,0,171,0,0,0,UPI,USD,0,TXN_111267,CUS_5687
28.58,51.54,0,0,0,89,0,0,0,UPI,USD,0,TXN_112506,CUS_5496
172.02,183.6,0,1,0,173,0,0,0,CARD,INR,0,TXN_109765,CUS_6349
62.74,67.79,0,1,0,205,0,1,0,CARD,INR,0,TXN_112772,CUS_9114
91.25,165.01,0,1,0,385,0,0,0,CARD,USD,0,TXN_111228,CUS_5156
344.23,324.13,0,0,1,249,0,0,0,NET_BANKING,INR,0,TXN_108159,CUS_2264
34.0,55.93,0,2,0,256,0,0,0,CARD,USD,0,TXN_103329,CUS_1920
36.22,41.28,0,1,0,539,0,0,0,CARD,INR,0,TXN_108821,CUS_3751
33.97,55.22,0,2,0,1056,0,0,0,UPI,INR,0,TXN_100610,CUS_3530
138.23,101.22,0,1,0,118,0,0,0,WALLET,INR,0,TXN_113640,CUS_1854
88.02,97.64,0,0,0,130,0,0,0,UPI,INR,0,TXN_103201,CUS_8284
99.85,99.63,0,3,0,68,0,0,0,UPI,INR,0,TXN_114940,CUS_2542
815.18,670.5,0,1,0,57,0,0,0,CARD,USD,0,TXN_105457,CUS_4028
78.34,74.78,1,1,0,36,0,1,0,UPI,INR,0,TXN_113638,CUS_2549
126.51,108.68,1,1,0,102,0,0,0,CARD,USD,0,TXN_101377,CUS_1538
86.62,111.3,0,3,0,46,0,0,0,CARD,USD,0,TXN_109161,CUS_4014
20.68,65.48,0,3,0,519,0,0,0,CARD,USD,0,TXN_102256,CUS_1687
400.92,235.78,0,0,0,439,1,0,0,CARD,INR,0,TXN_100292,CUS_8326
54.0,35.69,2,5,0,63,0,0,0,NET_BANKING,INR,0,TXN_107049,CUS_9163
59.66,55.39,1,3,0,550,0,0,0,CARD,INR,0,TXN_107575,CUS_7557
28.45,38.36,0,3,0,87,0,0,0,CARD,INR,0,TXN_103082,CUS_1217
117.82,124.16,0,0,0,181,0,0,0,UPI,INR,0,TXN_104081,CUS_5399
62.88,60.53,0,1,0,126,0,0,0,UPI,INR,0,TXN_107900,CUS_8869
11.22,76.17,0,1,0,251,0,0,0,WALLET,INR,0,TXN_107666,CUS_8088
75.04,77.63,0,3,0,326,0,0,0,CARD,INR,0,TXN_103954,CUS_4320
32.96,47.03,1,4,0,208,0,0,0,UPI,INR,0,TXN_101932,CUS_7527
48.69,92.89,0,1,0,310,0,0,0,WALLET,INR,0,TXN_110362,CUS_1318
107.57,101.72,0,2,0,135,0,0,0,UPI,USD,0,TXN_102838,CUS_3551
181.19,130.74,0,4,0,368,0,0,0,CARD,EUR,0,TXN_113892,CUS_9500
80.0,83.56,0,3,0,105,0,0,0,CARD,EUR,0,TXN_102134,CUS_5770
104.48,74.24,0,2,0,43,0,0,0,NET_BANKING,EUR,0,TXN_110021,CUS_9292
304.39,223.98,0,2,0,144,0,1,0,UPI,INR,0,TXN_104526,CUS_1611
190.36,172.05,1,3,1,126,0,0,0,CARD,INR,0,TXN_109376,CUS_1511
68.13,63.08,0,3,0,191,1,0,0,NET_BANKING,USD,0,TXN_107837,CUS_1740
110.71,112.87,2,4,0,172,0,0,0,UPI,USD,0,TXN_111196,CUS_4602
62.63,45.73,1,2,0,129,0,0,0,CARD,USD,0,TXN_102629,CUS_4985
27.79,77.36,0,4,0,166,0,0,0,UPI,EUR,0,TXN_103991,CUS_4565
56.19,64.97,0,4,0,172,0,0,0,WALLET,INR,0,TXN_110931,CUS_7208
32.82,29.36,0,6,0,261,0,1,0,UPI,EUR,0,TXN_107156,CUS_7913
90.25,106.93,1,2,0,121,0,0,0,CARD,INR,0,TXN_107978,CUS_3024
119.33,114.03,0,1,0,80,0,0,0,CARD,INR,0,TXN_112716,CUS_2366
79.86,62.69,1,2,0,390,0,0,0,CARD,USD,0,TXN_101250,CUS_2728
77.91,186.66,0,2,0,610,0,0,0,CARD,INR,0,TXN_109245,CUS_1344
40.83,34.9,0,4,0,602,0,0,0,UPI,INR,0,TXN_112779,CUS_5391
47.55,42.2,0,2,0,185,0,0,0,CARD,INR,0,TXN_112282,CUS_6293
121.71,311.34,0,0,0,159,0,0,0,CARD,INR,0,TXN_104238,CUS_8596
75.89,105.33,1,4,0,499,0,0,0,CARD,USD,0,TXN_106852,CUS_6377
108.67,138.98,0,2,0,45,0,0,0,WALLET,INR,0,TXN_111023,CUS_8386
36.57,40.86,0,5,0,72,0,0,0,CARD,INR,0,TXN_101240,CUS_5587
111.8,61.2,0,1,0,266,0,0,0,CARD,EUR,0,TXN_104251,CUS_1791
48.73,56.25,1,5,0,162,0,0,0,WALLET,INR,0,TXN_113549,CUS_7497
84.57,106.62,0,2,0,119,0,0,0,NET_BANKING,INR,0,TXN_100477,CUS_8013
68.75,67.68,1,1,2,137,0,0,0,CARD,INR,0,TXN_111941,CUS_4404
157.45,177.96,1,5,0,737,0,0,0,UPI,USD,0,TXN_112250,CUS_9728
52.47,50.22,1,3,0,31,0,0,0,CARD,USD,0,TXN_102382,CUS_8680
96.16,160.65,2,3,0,555,0,0,0,CARD,INR,0,TXN_105723,CUS_5257
516.62,550.22,0,1,1,427,0,0,0,WALLET,INR,0,TXN_112242,CUS_5628
241.17,192.07,3,3,0,448,0,0,0,CARD,USD,0,TXN_103756,CUS_6706
67.41,44.86,1,3,0,156,0,0,0,CARD,INR,0,TXN_104338,CUS_1864
126.56,174.88,1,3,0,420,0,0,0,CARD,INR,0,TXN_110252,CUS_5363
205.09,144.9,0,5,0,196,0,0,0,CARD,USD,0,TXN_100324,CUS_3533
110.33,87.72,1,3,0,455,0,0,0,CARD,USD,0,TXN_110831,CUS_3906
13.95,25.04,0,2,0,136,0,0,0,CARD,USD,0,TXN_108758,CUS_5713
73.89,72.91,1,3,0,934,0,1,0,NET_BANKING,INR,0,TXN_101070,CUS_4384
62.2,53.52,1,4,0,308,0,0,0,CARD,INR,0,TXN_108551,CUS_5871
121.81,88.24,1,2,0,630,0,0,0,NET_BANKING,INR,0,TXN_114894,CUS_1689
65.25,90.01,1,1,0,593,0,0,0,CARD,INR,0,TXN_105836,CUS_8109
117.17,166.1,0,0,0,75,0,0,0,UPI,EUR,0,TXN_104770,CUS_1512
134.63,167.75,0,1,0,181,0,0,0,WALLET,USD,0,TXN_106266,CUS_3505
99.91,114.68,0,0,0,256,0,1,0,UPI,INR,0,TXN_105215,CUS_2945
193.63,149.8,0,3,0,213,0,0,0,CARD,INR,0,TXN_114920,CUS_9721
181.0,225.73,0,3,0,178,0,0,0,WALLET,INR,0,TXN_107231,CUS_1565
135.92,114.51,0,4,0,109,0,0,0,CARD,EUR,0,TXN_109815,CUS_8366
18.03,24.47,0,0,1,53,0,0,0,NET_BANKING,USD,0,TXN_111160,CUS_1858
106.98,95.43,0,1,0,118,0,1,0,NET_BANKING,USD,0,TXN_104562,CUS_6064
160.36,92.56,1,3,0,121,0,0,0,WALLET,INR,0,TXN_100997,CUS_8666
348.0,331.04,0,2,0,168,0,0,0,UPI,INR,0,TXN_105382,CUS_4338
65.73,171.55,1,3,0,409,0,1,0,CARD,INR,0,TXN_105838,CUS_4811
234.94,46.91,10,12,4,2,1,1,2,NET_BANKING,USD,1,TXN_103138,CUS_2942
81.38,82.87,1,1,0,44,0,0,0,UPI,INR,0,TXN_101131,CUS_9403
179.34,142.57,0,1,0,36,0,0,0,UPI,INR,0,TXN_114459,CUS_3952
23.42,35.57,0,1,0,72,0,0,0,CARD,INR,0,TXN_106933,CUS_1883
386.16,202.72,0,2,0,30,0,0,0,UPI,USD,0,TXN_112455,CUS_9143
67.34,118.81,0,3,0,47,0,0,0,CARD,USD,0,TXN_104888,CUS_7108
110.99,83.17,1,3,1,54,0,0,0,UPI,INR,0,TXN_111862,CUS_9202
65.09,71.14,0,1,0,820,0,0,0,UPI,INR,0,TXN_107913,CUS_2841
194.02,148.25,1,2,0,389,0,0,0,WALLET,EUR,0,TXN_100336,CUS_9756
81.1,153.06,0,3,0,71,0,0,0,UPI,EUR,0,TXN_106387,CUS_6419
62.8,116.09,1,3,0,115,0,0,0,UPI,INR,0,TXN_112937,CUS_2365
124.2,85.24,0,1,0,963,0,0,0,CARD,INR,0,TXN_109797,CUS_8988
202.72,141.8,1,3,0,406,0,0,0,CARD,USD,0,TXN_101926,CUS_8040
252.79,348.33,0,5,0,238,0,0,0,CARD,INR,0,TXN_113290,CUS_9444
272.97,260.56,0,2,0,206,0,0,0,UPI,EUR,0,TXN_103343,CUS_8407
85.54,54.85,0,2,0,30,0,0,0,CARD,INR,0,TXN_112978,CUS_6621
54.66,67.1,0,0,0,178,0,1,0,UPI,USD,0,TXN_109527,CUS_8747
174.91,261.39,1,3,0,128,0,0,0,UPI,USD,0,TXN_111786,CUS_5760
303.02,235.43,1,2,0,275,0,0,0,CARD,INR,0,TXN_107465,CUS_4596
136.52,107.91,0,1,0,93,1,0,0,CARD,USD,0,TXN_102404,CUS_4551
88.04,66.84,0,0,0,167,0,0,0,UPI,INR,0,TXN_105600,CUS_3487
18.68,31.31,0,4,0,204,0,1,0,UPI,INR,0,TXN_101480,CUS_7559
84.49,97.07,1,5,0,127,0,0,0,CARD,INR,0,TXN_113099,CUS_8392
303.2,38.3,2,10,3,92,1,1,1,CARD,USD,1,TXN_113506,CUS_3992
227.83,132.76,1,1,0,576,0,0,0,UPI,INR,0,TXN_104373,CUS_6387
310.0,250.06,0,3,0,140,0,0,0,CARD,INR,0,TXN_101662,CUS_5115
128.71,105.01,0,0,0,1280,0,0,0,CARD,EUR,0,TXN_105543,CUS_5342
152.67,136.46,2,3,1,312,0,0,0,UPI,USD,0,TXN_114446,CUS_5585
27.89,38.2,1,3,0,582,0,0,0,UPI,USD,0,TXN_110196,CUS_1569
991.02,957.86,0,5,0,60,0,0,0,UPI,INR,0,TXN_100161,CUS_3333
40.08,32.31,0,2,0,469,0,0,0,CARD,EUR,0,TXN_110075,CUS_6004
72.46,78.24,0,4,1,263,0,0,0,CARD,USD,0,TXN_100640,CUS_8963
218.43,216.05,0,3,0,158,0,0,0,CARD,USD,0,TXN_100859,CUS_5943
54.83,85.71,0,5,0,447,0,0,0,UPI,INR,0,TXN_109493,CUS_2629
78.81,108.95,0,2,0,38,0,0,0,CARD,USD,0,TXN_106687,CUS_2959
119.41,118.17,0,2,0,216,0,0,0,CARD,INR,0,TXN_114494,CUS_1630
89.9,94.31,0,4,0,97,0,1,0,UPI,INR,0,TXN_107785,CUS_9842
125.86,154.72,0,1,0,78,0,0,0,CARD,USD,0,TXN_101220,CUS_4825
83.16,146.21,1,4,0,168,0,0,0,CARD,EUR,0,TXN_106397,CUS_2833
182.59,169.24,0,1,0,71,0,0,0,CARD,INR,0,TXN_105107,CUS_4726
78.72,229.67,0,0,0,249,0,0,0,CARD,INR,0,TXN_108048,CUS_3173
53.97,145.0,2,5,0,338,0,0,0,CARD,INR,0,TXN_101792,CUS_6819
35.94,46.33,2,2,0,698,0,0,0,CARD,INR,0,TXN_101244,CUS_5273
248.87,291.07,0,3,0,892,0,0,0,CARD,INR,0,TXN_110908,CUS_8183
829.37,950.94,0,0,0,435,0,0,0,UPI,INR,0,TXN_113544,CUS_1229
77.79,101.16,0,3,0,485,0,0,0,CARD,USD,0,TXN_114742,CUS_9532
56.46,45.24,0,3,0,301,0,0,0,CARD,INR,0,TXN_103468,CUS_2722
50.52,68.27,0,5,0,87,0,1,0,CARD,USD,0,TXN_106187,CUS_1214
78.85,80.26,0,0,0,89,0,0,0,CARD,INR,0,TXN_112388,CUS_7318
67.11,81.67,0,2,0,109,0,0,0,CARD,INR,0,TXN_107936,CUS_3594
248.17,244.63,0,4,0,453,1,1,0,CARD,USD,0,TXN_101606,CUS_3414
152.81,193.07,0,4,0,414,0,0,0,UPI,INR,0,TXN_106521,CUS_3531
132.86,106.06,0,1,1,180,0,1,0,CARD,INR,0,TXN_110069,CUS_7129
632.93,441.17,0,0,0,241,0,0,0,CARD,USD,0,TXN_111088,CUS_4480
116.83,152.42,0,1,0,219,0,0,0,CARD,INR,0,TXN_103133,CUS_9512
109.87,135.78,0,2,0,363,0,1,0,CARD,INR,0,TXN_100871,CUS_8112
88.71,74.61,0,3,0,306,0,1,1,CARD,INR,0,TXN_103548,CUS_2726
20.63,76.95,0,3,1,106,0,0,0,UPI,USD,0,TXN_112125,CUS_4521
65.92,72.52,0,3,0,650,0,0,0,CARD,USD,0,TXN_101600,CUS_8676
231.84,141.97,0,1,0,551,0,0,0,CARD,USD,0,TXN_100093,CUS_5878
722.43,76.63,1,14,2,224,1,0,0,CARD,USD,1,TXN_112693,CUS_1311
114.48,189.87,2,5,0,188,0,0,0,CARD,EUR,0,TXN_106760,CUS_1854
85.91,73.86,1,1,0,269,0,0,0,UPI,USD,0,TXN_105354,CUS_9652
70.22,61.91,1,3,0,113,0,0,0,CARD,INR,0,TXN_109047,CUS_3971
56.3,95.32,0,2,1,238,0,0,0,WALLET,INR,0,TXN_105067,CUS_9487
26.46,52.38,0,4,0,429,0,0,0,NET_BANKING,EUR,0,TXN_100466,CUS_4578
40.15,115.8,1,5,0,85,0,0,0,UPI,INR,0,TXN_100116,CUS_3693
36.44,57.82,0,2,0,204,0,0,0,CARD,USD,0,TXN_110904,CUS_4666
141.36,146.66,1,2,0,74,0,0,0,NET_BANKING,USD,0,TXN_103202,CUS_8579
114.5,150.92,0,2,0,92,0,0,0,UPI,INR,0,TXN_111094,CUS_2126
171.13,198.64,0,0,0,69,0,1,0,CARD,INR,0,TXN_110288,CUS_2204
20.19,36.96,0,3,0,53,0,0,0,UPI,INR,0,TXN_103181,CUS_7519
130.26,126.47,0,4,0,350,0,0,0,UPI,USD,0,TXN_114130,CUS_3341
69.27,97.78,0,1,0,232,0,0,0,CARD,INR,0,TXN_106722,CUS_8862
79.88,55.2,0,1,0,176,0,0,0,CARD,INR,0,TXN_106041,CUS_4358
198.94,139.01,1,4,0,430,0,0,0,CARD,INR,0,TXN_110168,CUS_9152
588.53,723.34,2,3,0,189,0,0,0,CARD,INR,0,TXN_107703,CUS_4226
103.51,85.9,0,2,0,268,0,0,0,CARD,INR,0,TXN_109835,CUS_6189
132.37,228.53,0,2,0,190,0,0,0,UPI,USD,0,TXN_102510,CUS_7370
40.95,46.16,1,1,0,134,1,0,0,NET_BANKING,USD,0,TXN_112906,CUS_3593
322.62,437.46,0,2,0,120,0,0,0,NET_BANKING,INR,0,TXN_100222,CUS_1455
96.89,69.2,1,2,0,598,0,0,0,CARD,INR,0,TXN_113907,CUS_6187
77.2,66.44,0,2,0,36,0,0,0,CARD,INR,0,TXN_101512,CUS_5674
58.42,44.35,1,6,0,43,0,0,0,CARD,INR,0,TXN_106272,CUS_9594
816.28,209.16,5,13,2,10,1,1,0,WALLET,USD,1,TXN_109335,CUS_9969
1910.08,268.66,5,9,3,7,0,1,1,CARD,INR,1,TXN_114426,CUS_5479
62.98,76.45,1,2,0,194,0,0,0,UPI,INR,0,TXN_109157,CUS_6315
1.41,27.09,3,8,4,50,0,1,2,CARD,USD,1,TXN_105983,CUS_7337
69.91,79.21,0,2,0,1118,0,0,0,WALLET,EUR,0,TXN_109769,CUS_4429
188.26,149.89,1,2,0,451,0,0,0,CARD,USD,0,TXN_102377,CUS_8625
44.37,53.47,0,0,0,793,0,0,0,CARD,INR,0,TXN_104274,CUS_4792
198.77,142.32,1,5,0,656,0,0,0,UPI,INR,0,TXN_106454,CUS_1118
106.78,105.08,0,3,1,180,0,0,0,CARD,INR,0,TXN_107503,CUS_2671
49.94,45.46,0,3,0,526,0,0,0,UPI,INR,0,TXN_114314,CUS_4515
164.23,168.99,1,4,0,446,0,0,0,UPI,USD,0,TXN_104662,CUS_2103
473.94,488.1,2,4,0,94,0,1,0,WALLET,EUR,0,TXN_107734,CUS_5562
103.48,88.99,1,7,0,33,0,0,0,CARD,INR,0,TXN_103506,CUS_9291
49.91,44.0,1,2,0,41,0,0,0,CARD,INR,0,TXN_108654,CUS_2087
360.18,229.51,0,2,1,48,0,0,0,CARD,INR,0,TXN_109703,CUS_8692
35.22,60.48,1,5,0,65,0,0,0,CARD,USD,0,TXN_108383,CUS_7404
102.14,70.61,0,2,0,416,0,0,0,CARD,INR,0,TXN_108224,CUS_3287
100.6,280.42,0,1,0,443,0,0,0,CARD,INR,0,TXN_106186,CUS_1538
599.44,518.36,0,2,0,676,0,0,0,CARD,EUR,0,TXN_107941,CUS_9144
74.55,59.82,0,1,0,241,0,0,0,CARD,USD,0,TXN_108986,CUS_3633
62.65,52.09,0,3,0,118,0,0,0,UPI,INR,0,TXN_114866,CUS_2204
26.23,28.6,0,3,0,70,0,0,0,UPI,USD,0,TXN_105404,CUS_2146
521.24,359.43,1,3,1,203,0,0,0,CARD,USD,0,TXN_108573,CUS_6673
88.9,102.94,1,5,0,1061,1,0,0,CARD,INR,0,TXN_105565,CUS_5420
117.64,226.93,0,3,0,228,1,0,0,CARD,EUR,0,TXN_107066,CUS_3591
93.44,100.17,0,1,0,59,0,0,0,UPI,INR,0,TXN_111418,CUS_9759
114.27,109.18,0,2,0,505,0,0,0,CARD,USD,0,TXN_106732,CUS_4378
124.58,102.41,1,4,0,381,0,0,0,UPI,INR,0,TXN_104136,CUS_6481
250.28,244.24,0,2,0,175,0,0,0,UPI,INR,0,TXN_105933,CUS_4569
81.87,81.04,0,2,0,57,0,0,0,UPI,INR,0,TXN_109652,CUS_6339
63.22,40.53,0,3,0,206,0,0,0,UPI,EUR,0,TXN_113175,CUS_5026
169.32,198.08,1,1,0,490,0,0,0,NET_BANKING,INR,0,TXN_110245,CUS_8016
20.56,35.25,0,2,0,706,0,0,0,NET_BANKING,USD,0,TXN_101247,CUS_5032
230.61,202.88,0,4,0,67,0,0,0,CARD,INR,0,TXN_108611,CUS_7677
340.78,384.84,1,2,0,35,0,0,0,UPI,INR,0,TXN_108471,CUS_1742
96.63,24.84,7,7,2,7,1,0,0,CARD,USD,1,TXN_110566,CUS_1256
87.95,73.57,1,3,0,92,1,0,0,UPI,INR,0,TXN_109494,CUS_3635
113.46,105.11,1,2,0,40,0,0,0,WALLET,INR,0,TXN_112333,CUS_7172
72.22,105.5,0,1,0,537,0,0,0,WALLET,INR,0,TXN_103696,CUS_2132
40.17,37.91,2,3,0,140,0,0,1,CARD,INR,0,TXN_103500,CUS_9615
172.78,194.01,0,4,0,425,0,0,0,CARD,INR,0,TXN_113483,CUS_8536
133.0,126.72,1,2,0,363,0,0,0,UPI,USD,0,TXN_102587,CUS_2995
220.72,206.73,1,2,0,324,0,0,0,WALLET,INR,0,TXN_107821,CUS_5236
173.93,113.16,0,3,0,328,0,0,0,CARD,USD,0,TXN_109897,CUS_1661
170.52,119.47,0,3,0,356,0,0,0,UPI,INR,0,TXN_100180,CUS_8601
39.03,68.02,0,1,0,48,0,1,0,CARD,INR,0,TXN_106634,CUS_6471
255.87,212.37,1,2,0,67,0,0,0,UPI,INR,0,TXN_109045,CUS_5431
44.87,63.27,1,2,0,295,0,1,0,CARD,INR,0,TXN_110687,CUS_2713
165.53,185.28,1,3,0,622,0,0,0,UPI,USD,0,TXN_105857,CUS_7165
55.27,36.53,0,1,0,49,0,0,0,UPI,INR,0,TXN_100520,CUS_2620
120.06,96.79,0,1,0,243,0,0,0,CARD,INR,0,TXN_104907,CUS_6991
1675.46,139.38,4,5,3,25,0,0,0,UPI,INR,1,TXN_114859,CUS_3442
94.83,86.7,0,6,0,736,0,0,0,WALLET,INR,0,TXN_110274,CUS_5992
136.11,104.77,0,2,0,530,0,0,0,WALLET,INR,0,TXN_105424,CUS_7940
30.3,33.35,1,3,0,135,0,0,0,CARD,EUR,0,TXN_100686,CUS_3114
182.79,116.96,1,1,0,672,0,0,0,NET_BANKING,USD,0,TXN_105522,CUS_2407
46.68,48.03,0,6,0,214,0,0,0,UPI,INR,0,TXN_111417,CUS_6354
78.84,78.1,1,5,0,105,0,0,0,UPI,USD,0,TXN_105133,CUS_1626
350.07,253.32,0,4,0,349,0,0,0,CARD,USD,0,TXN_104621,CUS_4205
41.33,65.73,1,4,0,255,1,1,0,CARD,USD,0,TXN_104851,CUS_6228
34.53,49.25,0,3,0,295,0,1,0,CARD,INR,0,TXN_111471,CUS_8532
323.26,209.49,0,2,1,509,0,0,0,CARD,INR,0,TXN_112186,CUS_3127
151.87,100.06,0,4,0,145,0,0,0,NET_BANKING,INR,0,TXN_106202,CUS_6097
219.83,36.99,7,7,4,38,1,1,0,CARD,USD,1,TXN_105487,CUS_9575
68.22,83.95,1,3,0,162,0,0,0,CARD,INR,0,TXN_108689,CUS_8720
28.49,30.23,0,1,0,191,0,0,0,CARD,EUR,0,TXN_113217,CUS_8881
62.89,40.92,0,3,0,705,0,0,0,UPI,INR,0,TXN_104380,CUS_7527
81.32,72.71,0,1,0,89,0,1,0,WALLET,INR,0,TXN_108437,CUS_5190
207.01,197.54,0,3,0,150,0,0,0,CARD,INR,0,TXN_104856,CUS_5468
200.43,158.07,0,1,0,613,0,0,0,WALLET,INR,0,TXN_101541,CUS_1295
311.1,234.24,0,2,0,544,0,0,0,UPI,EUR,0,TXN_106770,CUS_8313
51.22,52.1,0,5,0,167,0,0,0,WALLET,INR,0,TXN_105908,CUS_6884
27.66,47.6,0,0,0,81,0,0,0,CARD,USD,0,TXN_114472,CUS_8175
145.47,152.27,0,1,0,93,0,0,1,UPI,INR,0,TXN_104505,CUS_6900
272.89,277.05,1,2,0,582,0,0,0,UPI,USD,0,TXN_113593,CUS_4588
76.72,54.71,1,3,0,184,0,0,0,CARD,INR,0,TXN_107043,CUS_1510
143.55,146.13,1,3,1,71,0,0,0,UPI,EUR,0,TXN_111453,CUS_4206
683.44,460.17,0,2,0,295,0,0,0,UPI,INR,0,TXN_111431,CUS_1645
80.19,66.29,0,1,0,339,0,0,0,UPI,USD,0,TXN_113344,CUS_9585
67.67,67.69,0,1,0,88,0,0,0,NET_BANKING,USD,0,TXN_101646,CUS_6164
20.25,44.99,0,1,0,101,1,1,0,CARD,INR,0,TXN_114499,CUS_5203
177.84,183.53,0,3,0,37,0,1,0,UPI,INR,0,TXN_111247,CUS_2902
33.15,28.14,1,3,0,78,0,0,0,CARD,USD,0,TXN_101584,CUS_1896
468.87,234.67,0,0,0,889,0,0,0,CARD,EUR,0,TXN_104303,CUS_1439
88.29,61.83,0,2,1,599,0,0,0,CARD,INR,0,TXN_114701,CUS_7288
71.66,212.16,0,3,0,174,0,0,0,UPI,INR,0,TXN_106291,CUS_7561
40.55,58.19,0,1,0,35,0,0,0,UPI,INR,0,TXN_103428,CUS_9256
991.36,794.74,0,1,0,395,0,0,0,CARD,EUR,0,TXN_105041,CUS_1987
58.28,87.86,1,1,0,432,0,0,0,CARD,EUR,0,TXN_106301,CUS_2963
33.3,77.53,0,2,0,221,0,0,0,UPI,INR,0,TXN_104869,CUS_7655
64.32,93.23,0,2,0,842,0,0,0,UPI,INR,0,TXN_106260,CUS_2675
369.54,232.82,1,2,0,344,0,0,0,CARD,INR,0,TXN_101706,CUS_9552
71.83,153.41,0,2,0,222,0,0,0,NET_BANKING,INR,0,TXN_109519,CUS_2732
255.62,173.97,1,5,0,142,0,0,0,CARD,INR,0,TXN_106016,CUS_7702
78.54,60.49,0,5,0,280,0,0,0,CARD,INR,0,TXN_110422,CUS_3230
170.34,120.26,1,5,0,82,0,0,0,WALLET,INR,0,TXN_102376,CUS_8391
95.08,106.92,0,2,0,889,0,0,0,UPI,INR,0,TXN_110758,CUS_7989
132.56,104.58,1,3,0,616,0,0,0,CARD,INR,0,TXN_111057,CUS_8887
88.82,67.16,0,3,0,633,0,0,0,CARD,USD,0,TXN_101888,CUS_9545
207.83,169.28,0,3,0,100,1,0,0,NET_BANKING,EUR,0,TXN_106247,CUS_3039
92.68,105.56,0,0,0,124,0,0,0,UPI,INR,0,TXN_111494,CUS_2456
143.01,434.78,0,0,0,317,0,1,0,UPI,USD,0,TXN_102579,CUS_1758
433.5,279.32,0,3,0,274,0,1,0,UPI,INR,0,TXN_107046,CUS_9814
99.0,101.98,0,2,0,241,0,1,0,UPI,USD,0,TXN_100629,CUS_2886
144.57,143.55,0,1,0,547,0,0,0,WALLET,INR,0,TXN_103020,CUS_7059
118.72,77.14,0,3,0,206,0,0,0,CARD,EUR,0,TXN_102931,CUS_7544
79.78,76.55,0,2,0,252,0,0,0,CARD,INR,0,TXN_111415,CUS_6920
162.82,230.87,0,2,0,396,0,0,0,WALLET,INR,0,TXN_108998,CUS_7759
226.51,49.15,5,9,3,10,0,1,1,CARD,USD,1,TXN_102159,CUS_3102
57.78,64.9,0,3,0,132,1,0,0,UPI,INR,0,TXN_110445,CUS_1212
202.07,229.29,1,2,0,349,0,0,0,CARD,USD,0,TXN_103933,CUS_5412
129.85,97.79,0,5,1,121,0,0,0,CARD,USD,0,TXN_100694,CUS_1276
54.57,138.49,0,0,0,975,0,0,0,CARD,INR,0,TXN_113170,CUS_3138
26.46,53.66,1,2,1,286,0,0,0,WALLET,EUR,0,TXN_108393,CUS_6640
185.79,148.49,0,4,0,320,0,1,0,CARD,INR,0,TXN_105591,CUS_8775
270.15,352.08,0,1,0,315,0,0,0,NET_BANKING,INR,0,TXN_102469,CUS_2623
277.69,223.38,0,3,0,368,0,0,0,CARD,EUR,0,TXN_108634,CUS_4244
45.55,52.1,0,1,1,61,1,1,0,NET_BANKING,INR,0,TXN_111779,CUS_8420
203.47,137.22,0,1,1,180,0,0,0,UPI,INR,0,TXN_103720,CUS_6749
67.47,58.69,0,1,0,230,0,0,0,CARD,USD,0,TXN_111107,CUS_2291
86.16,64.34,0,1,0,249,0,1,0,NET_BANKING,USD,0,TXN_113759,CUS_4573
5.0,79.89,1,5,0,745,0,0,0,UPI,EUR,0,TXN_103703,CUS_4313
61.33,74.91,0,4,0,216,0,0,0,CARD,INR,0,TXN_102296,CUS_4127
340.31,184.32,0,4,0,110,0,0,0,CARD,INR,0,TXN_100682,CUS_3266
10.69,37.39,0,0,0,105,0,0,0,CARD,INR,0,TXN_107650,CUS_4607
5.0,21.03,0,2,0,95,0,0,0,CARD,INR,0,TXN_112931,CUS_4691
208.04,153.68,0,2,0,46,0,0,0,CARD,INR,0,TXN_114351,CUS_1036
174.47,123.22,1,3,0,553,0,0,0,CARD,USD,0,TXN_110590,CUS_7450
488.44,434.31,0,4,0,108,0,0,0,CARD,INR,0,TXN_109434,CUS_2293
149.49,101.38,0,2,0,428,0,0,0,CARD,EUR,0,TXN_114602,CUS_9977
140.12,123.16,0,3,1,43,0,0,0,WALLET,EUR,0,TXN_114321,CUS_7578
49.95,69.77,0,2,0,160,0,0,0,UPI,INR,0,TXN_106997,CUS_5546
172.26,106.46,0,1,0,103,0,0,0,WALLET,INR,0,TXN_113737,CUS_6568
198.14,242.86,0,1,0,156,0,0,0,CARD,INR,0,TXN_114438,CUS_4201
89.5,90.86,1,7,0,523,0,0,0,CARD,USD,0,TXN_104889,CUS_3600
187.45,170.21,0,1,0,110,0,0,0,UPI,INR,0,TXN_106494,CUS_9221
26.69,67.03,0,0,0,36,0,0,0,UPI,INR,0,TXN_113221,CUS_6722
306.76,252.92,2,2,0,103,0,0,0,CARD,USD,0,TXN_102352,CUS_4209
93.05,319.88,0,1,0,133,0,0,0,CARD,INR,0,TXN_107646,CUS_8408
52.64,67.9,0,1,0,334,0,0,0,CARD,INR,0,TXN_106120,CUS_4490
51.21,61.3,0,1,0,2037,0,0,0,NET_BANKING,USD,0,TXN_100302,CUS_7740
101.67,124.08,0,6,0,409,0,0,0,NET_BANKING,USD,0,TXN_108749,CUS_9376
105.88,58.46,0,0,0,207,0,0,0,WALLET,INR,0,TXN_111285,CUS_7936
123.24,132.35,0,4,0,313,0,0,0,UPI,INR,0,TXN_100493,CUS_2075
73.91,60.66,1,4,0,273,0,0,0,CARD,INR,0,TXN_100254,CUS_9495
480.84,304.89,0,0,1,378,0,0,0,UPI,INR,0,TXN_104155,CUS_3782
57.71,70.99,1,2,0,239,0,0,0,NET_BANKING,INR,0,TXN_107643,CUS_9081
267.4,248.15,1,2,0,913,1,0,0,WALLET,USD,0,TXN_101937,CUS_8930
332.47,376.53,0,0,0,192,0,0,0,CARD,EUR,0,TXN_108733,CUS_4678
184.03,190.99,0,1,0,187,0,0,0,UPI,INR,0,TXN_100298,CUS_2614
100.5,145.82,1,2,0,436,0,0,0,CARD,EUR,0,TXN_102130,CUS_6182
30.7,90.02,1,4,0,225,0,0,0,CARD,INR,0,TXN_105872,CUS_2122
72.88,87.64,1,2,0,48,0,1,0,NET_BANKING,USD,0,TXN_110345,CUS_8066
49.33,62.75,0,3,0,280,0,0,0,NET_BANKING,INR,0,TXN_108253,CUS_7020
87.83,90.73,1,4,0,401,0,0,0,NET_BANKING,INR,0,TXN_108688,CUS_7606
80.68,91.33,0,2,0,1079,0,0,0,UPI,INR,0,TXN_104879,CUS_9978
152.97,95.36,0,1,0,582,0,0,0,UPI,INR,0,TXN_111091,CUS_1654
42.39,73.55,1,3,0,440,0,0,0,CARD,INR,0,TXN_114875,CUS_3616
47.87,97.77,0,2,0,190,0,0,0,WALLET,INR,0,TXN_109861,CUS_6246
50.11,38.28,0,2,0,65,0,0,0,CARD,INR,0,TXN_112292,CUS_6659
50.54,89.21,1,2,0,784,0,0,0,CARD,USD,0,TXN_101778,CUS_8713
201.65,261.85,0,5,0,43,0,0,0,UPI,INR,0,TXN_110751,CUS_9987
44.0,107.27,0,2,1,140,0,0,0,UPI,INR,0,TXN_113351,CUS_8576
22.88,33.85,0,0,0,81,0,0,0,WALLET,EUR,0,TXN_101277,CUS_9028
251.01,182.12,0,1,0,47,0,0,0,UPI,INR,0,TXN_103560,CUS_3508
39.2,110.64,1,2,1,159,1,0,0,CARD,INR,0,TXN_102885,CUS_7773
490.07,342.58,0,1,0,75,1,0,0,NET_BANKING,USD,0,TXN_101740,CUS_8224
86.44,149.89,0,3,0,285,0,0,0,UPI,USD,0,TXN_111005,CUS_4778
241.5,36.89,5,9,4,7,1,1,1,CARD,USD,1,TXN_114784,CUS_8265
10.7,20.55,0,3,0,91,0,0,0,UPI,INR,0,TXN_101820,CUS_8467
43.17,36.24,0,3,0,375,0,0,0,UPI,USD,0,TXN_114324,CUS_8093
33.16,36.1,0,3,0,123,0,0,0,UPI,INR,0,TXN_109456,CUS_4237
94.42,95.11,0,5,0,102,0,0,0,WALLET,USD,0,TXN_106624,CUS_4368
215.35,155.58,0,3,0,125,0,1,0,UPI,INR,0,TXN_111249,CUS_5188
74.69,107.7,0,4,0,467,0,0,0,CARD,INR,0,TXN_100890,CUS_9219
117.73,133.54,0,2,0,924,0,0,0,CARD,INR,0,TXN_102759,CUS_9403
180.62,142.34,0,3,0,93,0,0,0,CARD,USD,0,TXN_110174,CUS_4328
100.47,78.91,0,2,0,1425,0,0,0,WALLET,INR,0,TXN_103980,CUS_2800
36.38,35.8,0,1,0,43,0,0,0,UPI,USD,0,TXN_105372,CUS_1689
91.27,166.4,0,4,0,370,0,0,0,CARD,INR,0,TXN_108891,CUS_9523
129.16,90.06,0,5,0,38,0,0,0,WALLET,INR,0,TXN_111586,CUS_3120
212.9,187.41,1,3,0,378,0,0,0,UPI,USD,0,TXN_103525,CUS_5577
561.46,74.03,4,8,1,84,1,1,0,WALLET,INR,1,TXN_103727,CUS_2916
171.76,102.77,0,2,0,96,0,0,0,CARD,INR,0,TXN_103057,CUS_7340
58.98,70.29,0,0,0,83,0,0,0,UPI,USD,0,TXN_102455,CUS_1540
435.6,331.07,1,5,0,133,0,0,0,CARD,USD,0,TXN_104436,CUS_7826
175.38,183.0,0,1,0,758,0,0,0,NET_BANKING,INR,0,TXN_114066,CUS_8231
65.43,51.35,2,3,0,432,0,0,0,UPI,INR,0,TXN_109979,CUS_4847
46.38,49.89,0,1,0,1008,0,0,0,UPI,INR,0,TXN_101389,CUS_2652
38.75,51.54,0,3,0,690,0,0,0,CARD,INR,0,TXN_112209,CUS_8350
40.27,41.85,0,4,0,339,0,0,0,NET_BANKING,USD,0,TXN_108434,CUS_7682
98.99,73.65,1,6,1,654,0,0,0,UPI,INR,0,TXN_103977,CUS_8870
142.79,198.77,0,1,0,62,0,0,0,WALLET,INR,0,TXN_103726,CUS_3765
140.63,125.85,0,1,0,102,0,0,0,UPI,INR,0,TXN_107487,CUS_4576
76.72,63.23,1,4,0,350,0,0,0,UPI,INR,0,TXN_109422,CUS_7207
155.04,148.96,0,3,0,206,0,0,0,CARD,USD,0,TXN_105594,CUS_7450
51.02,48.27,1,4,0,39,1,1,0,CARD,INR,0,TXN_111325,CUS_8310
170.33,156.77,0,5,0,39,1,0,0,NET_BANKING,USD,0,TXN_106948,CUS_7509
166.01,108.56,1,3,0,338,0,0,0,CARD,INR,0,TXN_114060,CUS_1115
43.3,56.17,1,3,0,76,0,0,0,UPI,USD,0,TXN_102431,CUS_8031
4.69,83.33,5,8,5,24,1,1,1,CARD,INR,1,TXN_102958,CUS_9009
95.36,87.99,0,1,0,219,0,0,0,UPI,INR,0,TXN_111900,CUS_3268
256.54,199.35,1,2,0,304,0,0,0,CARD,INR,0,TXN_112129,CUS_4689
64.61,89.32,0,3,0,392,0,0,0,UPI,INR,0,TXN_108412,CUS_2230
102.37,62.72,0,4,0,724,0,1,0,CARD,INR,0,TXN_105165,CUS_6914
220.09,163.68,0,1,1,108,0,0,0,CARD,INR,0,TXN_105693,CUS_7245
75.82,97.28,1,4,0,779,0,0,0,UPI,USD,0,TXN_111381,CUS_2859
68.9,76.91,0,3,0,120,0,0,0,UPI,INR,0,TXN_111122,CUS_8658
39.69,41.01,0,2,1,47,0,0,0,CARD,INR,0,TXN_103876,CUS_6098
451.01,133.26,5,11,1,95,1,1,2,UPI,USD,1,TXN_108066,CUS_1745
262.22,296.15,0,4,1,247,0,0,0,CARD,INR,0,TXN_109483,CUS_3629
209.28,119.85,0,6,0,707,0,0,0,WALLET,USD,0,TXN_100711,CUS_9447
181.36,132.81,0,1,1,116,0,0,0,NET_BANKING,USD,0,TXN_114783,CUS_5417
52.33,40.62,0,1,0,60,0,0,0,CARD,INR,0,TXN_107928,CUS_2326
63.03,62.42,0,3,0,109,0,0,0,CARD,INR,0,TXN_104060,CUS_7435
74.98,84.42,0,2,0,195,0,0,0,CARD,USD,0,TXN_108025,CUS_4177
40.92,75.39,0,0,0,481,0,0,0,UPI,INR,0,TXN_108929,CUS_1943
87.24,77.68,0,3,0,225,0,0,0,CARD,INR,0,TXN_114803,CUS_2386
78.71,61.99,1,3,1,466,0,0,0,NET_BANKING,INR,0,TXN_113574,CUS_7970
143.85,203.39,2,5,0,53,0,0,0,NET_BANKING,EUR,0,TXN_113397,CUS_8871
37.04,37.66,0,1,0,293,0,0,0,UPI,INR,0,TXN_105620,CUS_7101
64.08,88.77,0,4,0,102,0,0,0,CARD,INR,0,TXN_109125,CUS_6201
60.88,58.12,1,2,0,462,0,0,0,CARD,INR,0,TXN_113771,CUS_4421
136.9,102.76,0,3,0,450,0,1,0,UPI,INR,0,TXN_107389,CUS_3043
662.53,493.37,1,2,0,180,0,0,0,CARD,INR,0,TXN_102044,CUS_7879
161.32,152.81,0,4,0,140,0,0,0,CARD,EUR,0,TXN_113025,CUS_3943
139.97,122.2,0,2,0,123,0,1,0,NET_BANKING,USD,0,TXN_107481,CUS_5845
27.17,43.79,0,1,1,647,0,0,0,CARD,INR,0,TXN_113938,CUS_2082
334.49,258.08,0,5,0,323,0,0,0,CARD,INR,0,TXN_109041,CUS_4495
359.22,271.93,0,0,0,118,0,0,0,CARD,INR,0,TXN_103874,CUS_8405
378.43,298.46,0,4,0,431,0,1,0,NET_BANKING,INR,0,TXN_103058,CUS_1676
94.22,77.95,0,3,0,93,0,0,0,UPI,USD,0,TXN_110138,CUS_9903
291.12,279.84,0,0,0,542,0,0,0,NET_BANKING,USD,0,TXN_108679,CUS_7055
109.82,226.45,0,2,0,140,0,0,0,WALLET,INR,0,TXN_104376,CUS_7756
60.05,107.45,0,3,0,160,0,0,0,UPI,INR,0,TXN_102876,CUS_7995
283.39,199.07,0,2,0,247,0,0,0,CARD,INR,0,TXN_114699,CUS_2621
93.28,111.95,0,2,0,87,0,0,0,UPI,INR,0,TXN_112801,CUS_5026
154.08,149.06,1,1,0,90,0,0,0,UPI,INR,0,TXN_111183,CUS_7078
65.46,128.79,1,3,1,205,0,0,0,UPI,USD,0,TXN_100717,CUS_1256
184.77,130.26,0,5,0,328,0,0,0,CARD,USD,0,TXN_111172,CUS_3790
244.35,263.29,0,4,0,206,0,0,0,UPI,INR,0,TXN_112776,CUS_3918
109.14,84.5,1,6,0,181,0,0,0,CARD,INR,0,TXN_113238,CUS_3009
76.06,57.15,0,1,0,90,0,0,0,NET_BANKING,INR,0,TXN_110111,CUS_4552
42.98,51.5,0,1,0,75,0,0,0,NET_BANKING,USD,0,TXN_101959,CUS_1760
441.62,451.43,0,3,1,231,0,0,0,CARD,USD,0,TXN_105161,CUS_2647
37.05,85.42,1,2,0,245,0,0,0,UPI,USD,0,TXN_100542,CUS_4941
133.95,137.47,0,3,0,127,0,0,0,CARD,INR,0,TXN_109556,CUS_3530
93.5,141.87,1,2,0,30,0,0,0,CARD,EUR,0,TXN_105767,CUS_6190
35.98,57.48,1,6,0,120,0,0,0,CARD,USD,0,TXN_106205,CUS_1790
62.16,104.91,0,3,0,350,0,0,0,NET_BANKING,INR,0,TXN_105253,CUS_2211
177.5,108.63,0,3,0,61,0,0,0,WALLET,INR,0,TXN_101198,CUS_7575
10.03,28.22,0,2,1,277,1,1,0,UPI,INR,0,TXN_113952,CUS_7762
41.22,40.96,1,2,0,427,0,1,0,CARD,USD,0,TXN_109010,CUS_7595
38.62,36.69,0,0,0,621,0,0,0,CARD,INR,0,TXN_112490,CUS_2424
71.24,126.63,1,2,0,109,0,1,0,CARD,INR,0,TXN_111161,CUS_3670
191.06,181.99,1,5,0,197,0,1,0,CARD,USD,0,TXN_106743,CUS_5098
151.59,125.05,0,4,0,423,0,1,0,UPI,INR,0,TXN_101928,CUS_2095
450.28,340.86,1,3,0,337,0,0,0,WALLET,EUR,0,TXN_102699,CUS_4938
148.63,159.95,0,1,0,87,0,0,0,CARD,USD,0,TXN_106121,CUS_2614
56.34,90.0,0,2,0,254,0,1,0,CARD,USD,0,TXN_113874,CUS_1069
42.02,36.7,1,2,0,200,0,0,0,UPI,INR,0,TXN_100189,CUS_5402
68.63,81.83,0,1,0,42,0,0,0,CARD,INR,0,TXN_111622,CUS_8209
1770.33,230.91,2,9,1,7,1,1,0,UPI,USD,1,TXN_103872,CUS_3664
46.39,55.26,0,2,0,234,0,1,0,UPI,USD,0,TXN_101604,CUS_8356
37.91,42.62,0,3,0,153,0,0,0,UPI,INR,0,TXN_100655,CUS_3650
131.24,174.54,1,3,0,202,0,0,0,NET_BANKING,USD,0,TXN_114824,CUS_9631
198.51,171.85,1,6,0,518,0,0,0,CARD,INR,0,TXN_112982,CUS_6090
66.97,81.18,0,0,1,313,0,1,0,CARD,INR,0,TXN_107780,CUS_6105
124.69,102.47,0,1,0,125,0,0,0,CARD,INR,0,TXN_113761,CUS_5432
56.65,76.28,0,2,1,115,0,0,0,CARD,INR,0,TXN_103463,CUS_5050
61.35,88.97,0,6,0,49,0,0,0,UPI,INR,0,TXN_113368,CUS_3182
34.3,123.81,0,3,0,77,0,0,0,CARD,INR,0,TXN_106424,CUS_7301
49.72,47.46,0,2,0,120,1,0,0,CARD,INR,0,TXN_105050,CUS_3967
42.8,49.49,0,2,0,46,0,0,0,UPI,INR,0,TXN_111778,CUS_3737
102.71,107.08,0,0,0,137,0,0,0,CARD,EUR,0,TXN_104707,CUS_4401
137.3,113.36,0,1,0,293,0,0,0,CARD,USD,0,TXN_114222,CUS_8791
50.76,45.05,0,2,0,624,0,0,0,CARD,USD,0,TXN_105903,CUS_2080
296.99,164.34,0,3,0,174,0,0,0,CARD,INR,0,TXN_106739,CUS_5636
3.66,86.49,6,7,1,124,0,0,1,CARD,INR,1,TXN_103383,CUS_8472
62.32,56.25,0,0,1,906,0,0,0,CARD,USD,0,TXN_107994,CUS_4651
49.37,49.21,2,3,0,109,0,0,0,CARD,INR,0,TXN_107173,CUS_1420
221.57,248.34,1,2,1,109,0,1,0,UPI,USD,0,TXN_113988,CUS_9784
133.9,152.85,0,4,0,355,0,0,0,NET_BANKING,INR,0,TXN_104167,CUS_4108
712.61,519.57,0,0,0,246,0,0,0,CARD,INR,0,TXN_102778,CUS_6891
163.2,182.74,0,3,0,259,0,0,0,CARD,INR,0,TXN_109017,CUS_2797
157.32,142.58,2,3,1,180,0,0,0,UPI,INR,0,TXN_103650,CUS_3468
110.37,101.94,2,2,0,38,0,0,0,UPI,INR,0,TXN_108794,CUS_1776
145.85,136.99,1,6,1,215,0,0,0,CARD,INR,0,TXN_104239,CUS_3898
143.88,155.68,1,4,0,44,0,0,0,CARD,EUR,0,TXN_112510,CUS_7576
134.62,177.86,1,4,1,277,0,0,0,CARD,INR,0,TXN_113882,CUS_7261
82.11,83.48,1,3,0,98,0,0,0,NET_BANKING,INR,0,TXN_106442,CUS_1080
5.0,68.61,0,2,0,273,1,0,0,UPI,INR,0,TXN_102385,CUS_3330
73.67,95.17,0,3,0,144,0,0,0,UPI,INR,0,TXN_104867,CUS_1340
379.14,453.5,0,1,0,302,0,0,0,UPI,INR,0,TXN_109923,CUS_3760
79.03,72.06,1,1,0,107,0,0,0,CARD,INR,0,TXN_107376,CUS_4834
88.63,144.71,1,4,0,179,0,0,0,CARD,USD,0,TXN_100463,CUS_4928
231.0,175.35,1,3,0,755,0,0,0,CARD,EUR,0,TXN_111136,CUS_8379
101.55,81.95,0,3,0,111,1,1,0,WALLET,INR,0,TXN_101192,CUS_6084
19.67,27.42,0,3,0,478,0,0,0,UPI,INR,0,TXN_107113,CUS_5780
582.69,121.57,4,16,3,84,0,1,2,CARD,USD,1,TXN_111251,CUS_2032
259.26,266.03,1,4,0,234,0,0,0,CARD,INR,0,TXN_105196,CUS_6996
65.4,68.93,0,1,0,326,0,0,0,CARD,INR,0,TXN_102773,CUS_5824
25.1,127.21,0,3,1,301,0,0,0,NET_BANKING,USD,0,TXN_107126,CUS_6406
58.97,51.53,0,0,0,144,0,1,0,CARD,USD,0,TXN_111188,CUS_7707
65.22,77.15,0,1,0,438,0,0,0,UPI,INR,0,TXN_104284,CUS_5441
89.44,70.26,1,1,0,1022,0,0,1,WALLET,INR,0,TXN_114552,CUS_5853
187.42,229.99,1,3,0,48,0,0,0,WALLET,USD,0,TXN_112018,CUS_4686
133.58,105.27,0,1,1,69,1,0,0,CARD,INR,0,TXN_111307,CUS_6841
156.29,134.07,1,4,0,244,0,0,0,CARD,USD,0,TXN_108536,CUS_8151
119.86,125.64,2,5,0,225,0,0,0,NET_BANKING,INR,0,TXN_114382,CUS_9128
39.71,35.54,0,3,0,519,0,0,0,UPI,INR,0,TXN_104699,CUS_1045
63.81,77.37,1,2,1,223,1,0,0,UPI,INR,0,TXN_100646,CUS_4841
47.19,66.15,0,2,0,226,0,0,0,WALLET,INR,0,TXN_110503,CUS_6794
126.02,182.77,0,1,0,582,0,0,1,NET_BANKING,USD,0,TXN_100063,CUS_5857
71.07,46.19,1,1,0,1104,0,0,0,CARD,INR,0,TXN_103445,CUS_4326
32.19,48.75,0,2,0,116,0,0,0,CARD,USD,0,TXN_108636,CUS_5315
145.04,169.93,0,1,1,270,0,0,0,CARD,INR,0,TXN_100322,CUS_2834
132.31,122.83,2,3,0,188,0,0,0,CARD,INR,0,TXN_105409,CUS_9432
284.79,217.13,0,1,0,78,0,0,0,UPI,USD,0,TXN_110594,CUS_3630
101.16,74.8,0,1,0,222,0,0,0,CARD,USD,0,TXN_114227,CUS_6647
19.04,32.24,0,2,0,283,0,0,0,CARD,INR,0,TXN_102584,CUS_3288
32.7,110.54,0,1,0,76,1,0,0,UPI,USD,0,TXN_101931,CUS_8754
102.78,88.13,1,1,1,508,0,0,0,WALLET,USD,0,TXN_106172,CUS_5688
267.13,206.68,0,2,0,168,1,0,0,NET_BANKING,INR,0,TXN_106085,CUS_6481
4.86,82.61,4,8,3,82,1,1,1,CARD,USD,1,TXN_104053,CUS_6568
897.06,86.01,4,10,2,170,1,1,0,WALLET,USD,1,TXN_110627,CUS_2342
69.8,61.59,1,5,0,326,0,0,0,UPI,USD,0,TXN_113597,CUS_1625
275.47,286.95,0,1,0,38,0,0,0,CARD,INR,0,TXN_109063,CUS_7826
267.67,274.2,0,1,0,145,1,0,0,CARD,EUR,0,TXN_108208,CUS_5376
36.87,47.93,0,3,0,344,0,0,0,CARD,USD,0,TXN_111256,CUS_8474
247.41,228.55,0,3,0,296,0,0,0,CARD,INR,0,TXN_111993,CUS_1146
72.92,40.01,0,2,0,499,0,0,0,UPI,INR,0,TXN_110355,CUS_4635
61.88,85.55,2,3,0,796,0,1,0,CARD,INR,0,TXN_111238,CUS_5187
244.52,227.94,0,2,0,255,0,0,0,CARD,EUR,0,TXN_108991,CUS_6372
22.98,66.87,0,5,0,327,0,0,0,CARD,INR,0,TXN_104319,CUS_1417
53.05,160.59,0,1,0,132,0,0,0,CARD,INR,0,TXN_103197,CUS_9974
60.42,91.1,0,2,1,434,0,1,0,CARD,INR,0,TXN_114890,CUS_9471
99.05,125.86,0,3,1,304,0,0,0,CARD,INR,0,TXN_114267,CUS_2159
141.74,148.44,0,0,0,73,0,0,0,CARD,USD,0,TXN_109600,CUS_2029
107.23,100.79,1,2,0,32,0,0,0,CARD,INR,0,TXN_102927,CUS_8975
119.85,146.9,0,0,0,268,0,0,0,NET_BANKING,USD,0,TXN_101258,CUS_6762
73.45,61.94,0,3,0,110,0,0,0,WALLET,EUR,0,TXN_105118,CUS_1470
25.4,56.37,0,2,0,114,0,0,0,CARD,EUR,0,TXN_109244,CUS_9261
175.79,136.77,0,0,0,450,0,0,0,CARD,EUR,0,TXN_101124,CUS_2375
48.28,59.31,0,3,0,110,0,0,0,WALLET,INR,0,TXN_105213,CUS_6731
25.76,158.37,0,3,0,142,0,0,0,CARD,EUR,0,TXN_109040,CUS_1948
137.2,122.18,0,2,0,573,0,0,0,CARD,INR,0,TXN_107421,CUS_1477
113.79,164.32,0,1,0,68,0,0,0,CARD,INR,0,TXN_109745,CUS_6515
151.72,201.79,0,4,0,263,0,0,0,NET_BANKING,INR,0,TXN_109046,CUS_9881
78.22,87.75,1,5,1,57,0,0,0,WALLET,INR,0,TXN_102020,CUS_3542
41.22,75.79,2,6,0,106,0,0,0,UPI,INR,0,TXN_112001,CUS_8754
55.88,139.32,0,1,1,72,0,0,0,WALLET,INR,0,TXN_108561,CUS_1102
302.78,272.06,0,3,0,87,0,0,0,CARD,INR,0,TXN_100852,CUS_3012
66.99,50.75,1,5,0,61,0,1,0,CARD,INR,0,TXN_101905,CUS_8041
47.14,40.14,0,4,0,277,0,0,0,CARD,INR,0,TXN_113223,CUS_9457
41.55,45.02,0,3,1,65,0,1,0,CARD,INR,0,TXN_100861,CUS_3732
44.99,64.72,0,1,0,465,0,0,0,CARD,USD,0,TXN_108477,CUS_7373
38.53,46.22,1,3,0,667,1,0,0,CARD,INR,0,TXN_113698,CUS_5751
109.91,87.53,0,1,1,622,0,0,0,CARD,USD,0,TXN_104018,CUS_1579
99.34,75.38,0,1,0,212,0,0,0,CARD,INR,0,TXN_105322,CUS_4498
37.54,33.86,0,4,0,35,0,0,0,CARD,INR,0,TXN_104813,CUS_6410
115.85,123.93,0,1,0,219,0,0,0,CARD,USD,0,TXN_106010,CUS_5469
68.4,102.89,1,2,0,113,0,0,0,UPI,INR,0,TXN_112943,CUS_1446
557.68,421.31,1,6,0,938,0,1,0,WALLET,INR,0,TXN_106343,CUS_1177
24.22,40.16,1,2,0,633,0,0,0,UPI,USD,0,TXN_113029,CUS_9274
681.62,789.33,1,4,0,46,0,0,0,CARD,INR,0,TXN_101212,CUS_7267
52.04,92.23,1,2,0,833,1,1,0,CARD,INR,0,TXN_107304,CUS_6897
111.51,135.23,1,2,0,255,0,1,0,CARD,INR,0,TXN_113731,CUS_8623
180.62,236.01,0,4,0,101,0,0,0,UPI,INR,0,TXN_112549,CUS_8107
80.22,158.86,0,3,0,35,0,0,0,UPI,USD,0,TXN_102338,CUS_3176
130.59,94.52,1,3,0,173,0,0,0,CARD,INR,0,TXN_111224,CUS_7436
57.74,166.83,1,4,0,248,0,0,0,CARD,INR,0,TXN_111405,CUS_6062
41.62,88.43,1,1,0,403,0,0,0,UPI,INR,0,TXN_100360,CUS_2095
67.75,139.67,0,1,0,145,0,0,0,CARD,INR,0,TXN_101608,CUS_5837
39.69,69.29,0,4,0,140,0,0,0,CARD,INR,0,TXN_111555,CUS_6754
170.15,130.14,0,2,0,303,0,0,0,UPI,USD,0,TXN_106983,CUS_6939
22.39,41.98,0,0,0,276,0,0,0,CARD,INR,0,TXN_111355,CUS_3380
39.33,45.91,0,1,0,701,0,0,0,CARD,USD,0,TXN_111890,CUS_4055
130.28,97.92,1,2,1,107,1,1,0,UPI,INR,0,TXN_104065,CUS_8468
123.44,154.52,0,6,0,105,0,0,0,UPI,USD,0,TXN_109176,CUS_5639
250.6,205.6,1,6,1,229,0,0,0,CARD,INR,0,TXN_111271,CUS_9191
184.73,111.94,1,6,0,440,0,0,0,CARD,INR,0,TXN_110754,CUS_3289
99.12,94.22,0,3,0,227,0,0,0,UPI,INR,0,TXN_113086,CUS_8144
284.28,83.11,3,8,2,7,1,0,2,CARD,EUR,1,TXN_109832,CUS_9217
566.04,428.63,0,1,0,291,0,0,0,CARD,INR,0,TXN_103971,CUS_6798
55.37,55.53,2,3,0,476,0,0,0,CARD,USD,0,TXN_113658,CUS_6041
107.11,80.17,0,4,0,515,0,0,0,CARD,INR,0,TXN_104643,CUS_6072
69.32,91.82,0,2,0,45,0,0,0,CARD,USD,0,TXN_109134,CUS_7327
121.97,78.27,0,3,0,140,0,0,0,UPI,INR,0,TXN_100388,CUS_3943
83.05,105.75,1,3,0,259,0,0,0,NET_BANKING,INR,0,TXN_105959,CUS_5332
56.87,62.71,0,3,0,315,0,0,0,CARD,INR,0,TXN_103080,CUS_1133
154.57,115.34,1,4,0,68,0,0,0,CARD,INR,0,TXN_110207,CUS_5395
88.26,105.99,0,3,0,229,0,0,0,CARD,USD,0,TXN_101546,CUS_7245
40.81,62.31,1,7,0,81,0,0,0,CARD,USD,0,TXN_104639,CUS_9668
40.23,33.69,0,1,0,268,0,1,0,CARD,INR,0,TXN_111343,CUS_9392
75.55,55.17,0,1,0,58,0,1,0,CARD,INR,0,TXN_105867,CUS_1589
166.05,179.21,0,2,0,219,0,0,0,CARD,INR,0,TXN_101655,CUS_3901
766.87,662.13,0,0,0,43,0,0,0,CARD,INR,0,TXN_109083,CUS_3557
119.87,98.29,2,2,0,549,0,0,0,CARD,EUR,0,TXN_112592,CUS_1748
87.28,123.64,0,1,0,505,1,1,0,CARD,EUR,0,TXN_114465,CUS_5928
165.04,43.42,2,8,0,17,0,1,1,CARD,INR,1,TXN_107276,CUS_7379
373.83,317.38,1,2,0,125,0,1,0,UPI,USD,0,TXN_104987,CUS_3611
88.66,116.1,0,3,0,512,0,0,0,UPI,INR,0,TXN_111126,CUS_8245
4.11,67.69,7,11,4,102,0,0,0,WALLET,USD,1,TXN_103200,CUS_5488
128.39,116.16,1,3,0,198,0,0,0,NET_BANKING,USD,0,TXN_100722,CUS_6997
191.57,173.48,1,2,0,125,0,0,0,CARD,INR,0,TXN_100030,CUS_2211
85.48,87.57,0,2,0,345,0,0,0,CARD,USD,0,TXN_111382,CUS_3258
36.43,58.29,0,3,0,613,0,0,0,CARD,INR,0,TXN_109505,CUS_5873
78.07,60.22,0,1,0,90,0,0,0,UPI,USD,0,TXN_107264,CUS_8300
298.08,40.91,5,7,2,15,1,0,0,CARD,INR,1,TXN_107640,CUS_7291
138.64,118.28,0,1,0,81,0,0,0,WALLET,USD,0,TXN_105319,CUS_1881
60.53,59.48,1,3,0,339,0,1,0,UPI,INR,0,TXN_103218,CUS_5919
50.19,49.07,0,2,0,388,0,0,0,UPI,USD,0,TXN_103852,CUS_2889
99.59,87.8,0,1,0,226,0,0,0,WALLET,USD,0,TXN_110531,CUS_1769
97.42,58.51,0,5,0,234,0,0,0,NET_BANKING,INR,0,TXN_109622,CUS_7354
435.67,487.71,0,4,0,212,0,0,0,CARD,INR,0,TXN_113272,CUS_8261
44.79,48.7,0,3,0,135,0,1,0,CARD,EUR,0,TXN_104552,CUS_9407
41.73,61.45,0,3,0,836,1,0,0,CARD,USD,0,TXN_108637,CUS_7790
123.92,91.11,0,3,0,121,0,0,0,UPI,INR,0,TXN_107731,CUS_9213
161.06,155.93,0,3,0,165,0,0,0,CARD,INR,0,TXN_108388,CUS_9992
155.77,91.74,1,2,0,62,0,0,0,CARD,USD,0,TXN_108136,CUS_3616
71.46,144.23,0,3,0,894,0,1,0,UPI,EUR,0,TXN_105284,CUS_3676
89.1,107.13,0,3,1,274,0,0,0,CARD,EUR,0,TXN_108956,CUS_3664
80.73,115.57,0,0,0,130,0,0,0,UPI,EUR,0,TXN_102191,CUS_9076
114.16,83.3,0,2,0,33,0,0,0,CARD,USD,0,TXN_114173,CUS_4374
82.17,91.02,0,3,0,337,0,0,0,CARD,USD,0,TXN_108102,CUS_5599
196.88,128.03,0,3,1,199,0,0,0,UPI,INR,0,TXN_107815,CUS_1717
109.15,206.28,1,2,1,57,0,0,0,CARD,USD,0,TXN_106754,CUS_1395
675.52,416.93,1,3,0,229,0,1,0,CARD,INR,0,TXN_105442,CUS_1849
58.29,72.95,0,4,0,52,0,0,0,NET_BANKING,USD,0,TXN_108605,CUS_4626
520.97,354.06,0,3,1,358,0,1,0,WALLET,EUR,0,TXN_101352,CUS_4593
104.98,111.79,1,3,0,80,0,0,0,NET_BANKING,INR,0,TXN_103569,CUS_3772
446.12,338.48,0,0,0,382,1,0,0,UPI,USD,0,TXN_105750,CUS_1150
96.93,126.37,0,4,0,87,0,1,0,UPI,INR,0,TXN_100023,CUS_2163
78.56,102.72,1,2,0,940,0,0,0,NET_BANKING,INR,0,TXN_110384,CUS_6529
597.34,666.76,1,5,0,279,0,0,0,NET_BANKING,USD,0,TXN_105753,CUS_2433
88.9,89.92,0,1,0,121,0,0,0,WALLET,INR,0,TXN_106104,CUS_3441
242.4,196.34,0,1,0,195,0,0,0,CARD,INR,0,TXN_109079,CUS_1357
123.92,196.26,1,3,0,142,0,0,0,CARD,INR,0,TXN_111408,CUS_8481
10.79,67.11,2,3,0,409,1,0,0,CARD,INR,0,TXN_112437,CUS_4713
307.96,63.12,4,5,2,2,1,0,0,UPI,USD,1,TXN_111429,CUS_7325
110.53,137.78,0,0,0,80,0,0,0,UPI,INR,0,TXN_111667,CUS_8705
155.14,144.27,0,3,0,105,0,0,0,WALLET,INR,0,TXN_106890,CUS_9811
61.67,47.85,2,4,0,50,0,1,0,CARD,USD,0,TXN_100842,CUS_4604
310.95,300.25,0,3,0,322,0,0,0,UPI,USD,0,TXN_104255,CUS_9180
237.08,208.87,1,3,0,110,0,0,0,CARD,USD,0,TXN_113038,CUS_5493
129.33,137.05,0,2,0,197,1,0,0,NET_BANKING,USD,0,TXN_114341,CUS_5825
54.61,61.7,0,0,0,773,0,0,0,UPI,USD,0,TXN_105388,CUS_6499
33.42,56.54,0,3,0,336,0,0,0,WALLET,USD,0,TXN_108061,CUS_6392
145.34,127.43,0,1,0,260,0,0,0,CARD,INR,0,TXN_112474,CUS_1733
175.78,123.94,0,4,0,879,0,1,0,WALLET,INR,0,TXN_114220,CUS_8242
64.84,54.32,0,1,0,336,0,0,0,UPI,INR,0,TXN_110609,CUS_8637
102.51,175.91,0,2,0,573,0,0,0,CARD,USD,0,TXN_101164,CUS_1096
427.44,475.84,0,2,0,228,0,1,0,CARD,INR,0,TXN_113391,CUS_7322
67.69,89.36,0,2,0,386,0,0,0,CARD,INR,0,TXN_101138,CUS_2497
86.8,68.92,1,1,0,1199,0,0,0,CARD,INR,0,TXN_105777,CUS_5459
64.79,61.14,0,1,0,241,1,0,0,UPI,USD,0,TXN_100102,CUS_2173
18.74,53.62,0,4,0,383,0,0,0,CARD,INR,0,TXN_106486,CUS_5908
186.27,138.74,1,4,0,95,0,0,0,CARD,USD,0,TXN_102781,CUS_5330
663.08,681.09,0,2,0,137,0,0,0,WALLET,INR,0,TXN_106697,CUS_9497
182.81,163.7,0,1,0,38,0,0,0,CARD,INR,0,TXN_109258,CUS_3396
86.42,104.12,0,0,0,108,0,1,0,NET_BANKING,INR,0,TXN_102986,CUS_3398
25.66,51.76,0,1,0,31,0,0,0,CARD,USD,0,TXN_107508,CUS_1835
183.43,106.35,1,3,0,192,0,0,0,UPI,INR,0,TXN_109202,CUS_5198
56.81,103.52,0,1,0,493,0,0,0,UPI,INR,0,TXN_110702,CUS_3176
151.31,157.78,1,6,0,277,0,0,0,CARD,USD,0,TXN_100809,CUS_8198
121.36,174.9,0,1,0,172,0,0,0,CARD,INR,0,TXN_101957,CUS_3170
124.13,94.04,0,6,1,116,0,0,0,CARD,INR,0,TXN_104852,CUS_2584
437.98,418.24,0,2,1,754,0,0,0,UPI,INR,0,TXN_106798,CUS_2187
158.82,167.24,0,0,0,109,0,0,0,CARD,EUR,0,TXN_105970,CUS_6441
88.72,123.5,0,2,0,391,0,0,0,CARD,INR,0,TXN_107531,CUS_3708
285.03,368.23,0,1,0,275,0,0,0,CARD,USD,0,TXN_106356,CUS_7473
270.19,223.82,0,1,0,202,0,0,0,UPI,INR,0,TXN_101640,CUS_8898
663.73,564.05,1,5,0,155,0,0,0,CARD,INR,0,TXN_109691,CUS_6808
70.87,69.09,0,1,1,367,0,0,0,CARD,INR,0,TXN_102612,CUS_4031
105.89,146.81,0,2,0,430,0,1,0,UPI,USD,0,TXN_102674,CUS_8940
161.56,126.07,0,3,0,155,0,0,0,UPI,USD,0,TXN_106076,CUS_4742
88.09,57.95,1,4,0,133,0,0,0,UPI,EUR,0,TXN_104876,CUS_5457
156.58,149.74,1,2,1,385,0,0,0,NET_BANKING,INR,0,TXN_104400,CUS_4087
46.4,54.05,0,0,0,110,0,0,0,UPI,INR,0,TXN_111951,CUS_8334
291.0,485.01,0,3,0,212,0,0,0,CARD,USD,0,TXN_111399,CUS_8453
38.0,51.49,0,2,0,263,0,0,0,UPI,USD,0,TXN_103499,CUS_1519
99.94,76.4,0,2,0,305,0,0,0,WALLET,INR,0,TXN_104765,CUS_2849
107.97,114.36,0,2,0,95,0,1,0,CARD,USD,0,TXN_104749,CUS_3857
89.71,121.0,0,0,0,37,0,1,0,CARD,USD,0,TXN_104624,CUS_2897
449.01,43.31,8,10,2,95,1,1,2,CARD,EUR,1,TXN_105162,CUS_8232
175.77,201.95,1,3,0,53,0,0,0,CARD,USD,0,TXN_104633,CUS_6500
421.09,240.23,0,1,0,132,1,0,0,UPI,INR,0,TXN_104002,CUS_3340
350.15,295.24,0,2,0,85,0,0,0,CARD,USD,0,TXN_108723,CUS_4852
344.34,596.57,1,4,0,241,0,0,0,CARD,INR,0,TXN_110729,CUS_6462
58.4,90.67,0,2,0,320,0,0,0,CARD,INR,0,TXN_103725,CUS_9689
118.79,174.57,0,3,1,88,0,0,0,CARD,INR,0,TXN_107661,CUS_5265
146.28,116.66,0,0,1,116,0,0,0,UPI,INR,0,TXN_109689,CUS_4057
285.41,148.63,0,6,1,98,0,0,0,CARD,INR,0,TXN_106469,CUS_2940
72.44,61.41,0,2,0,73,0,0,0,CARD,USD,0,TXN_107658,CUS_3668
123.88,92.48,0,1,0,331,1,0,0,CARD,INR,0,TXN_111553,CUS_9981
225.0,175.67,0,1,0,190,0,0,0,CARD,INR,0,TXN_103732,CUS_9590
69.1,120.79,1,3,1,188,0,0,0,WALLET,INR,0,TXN_101233,CUS_7884
75.43,45.64,1,2,0,104,0,1,0,UPI,USD,0,TXN_111686,CUS_3779
419.91,305.19,2,7,0,44,0,0,0,UPI,USD,0,TXN_113816,CUS_8488
41.2,74.79,0,4,0,31,0,0,0,CARD,INR,0,TXN_107013,CUS_3563
176.64,160.93,0,3,0,658,0,1,0,UPI,INR,0,TXN_113535,CUS_9345
187.67,169.29,0,0,0,140,0,0,0,CARD,USD,0,TXN_109499,CUS_9812
43.28,161.85,2,2,1,69,0,0,0,UPI,USD,0,TXN_114257,CUS_8869
30.61,22.32,0,1,0,95,0,0,0,UPI,USD,0,TXN_110192,CUS_2665
31.22,66.8,0,1,0,417,0,0,0,UPI,INR,0,TXN_104972,CUS_3112
95.13,72.78,0,5,1,704,0,0,0,CARD,EUR,0,TXN_107067,CUS_4140
72.56,68.82,1,2,0,42,0,0,0,NET_BANKING,INR,0,TXN_107849,CUS_2652
59.52,64.36,1,1,0,236,0,0,0,CARD,INR,0,TXN_114419,CUS_3319
205.07,250.91,0,1,0,41,0,0,0,CARD,INR,0,TXN_109227,CUS_3639
110.71,107.64,0,2,0,39,0,0,0,CARD,INR,0,TXN_113103,CUS_9820
60.3,67.69,0,1,0,110,0,0,0,CARD,USD,0,TXN_103510,CUS_5109
119.42,147.67,0,3,0,224,0,0,0,CARD,USD,0,TXN_109261,CUS_5978
558.17,134.78,2,14,6,21,1,1,1,CARD,USD,1,TXN_109488,CUS_5733
442.19,100.28,5,7,2,48,0,1,1,CARD,USD,1,TXN_112898,CUS_3915
44.17,40.69,0,3,0,315,0,0,0,UPI,INR,0,TXN_106571,CUS_5779
152.6,146.33,0,1,0,216,1,1,0,CARD,USD,0,TXN_110981,CUS_7032
39.29,41.52,1,3,0,443,0,0,0,UPI,USD,0,TXN_107966,CUS_4765
259.9,290.43,1,4,1,765,0,1,0,UPI,INR,0,TXN_101440,CUS_1499
101.43,111.1,1,2,0,247,0,0,0,CARD,INR,0,TXN_108352,CUS_2646
163.25,117.27,0,2,1,184,1,1,0,CARD,EUR,0,TXN_101524,CUS_3386
10.96,69.16,0,1,1,115,0,0,0,CARD,INR,0,TXN_104151,CUS_4509
144.61,144.89,0,0,0,496,0,0,0,CARD,EUR,0,TXN_108938,CUS_5684
78.83,65.71,0,4,0,51,0,0,0,UPI,USD,0,TXN_101439,CUS_7676
116.39,85.17,0,1,0,227,1,0,0,NET_BANKING,INR,0,TXN_106235,CUS_8420
52.44,40.24,0,0,0,150,1,0,0,UPI,INR,0,TXN_100601,CUS_2675
96.99,65.28,0,2,0,1179,0,0,0,CARD,INR,0,TXN_103659,CUS_3621
314.68,265.82,0,0,1,70,0,1,0,CARD,INR,0,TXN_104580,CUS_9050
63.8,85.67,0,3,0,421,0,0,0,CARD,INR,0,TXN_100571,CUS_8495
37.92,52.13,0,0,0,251,0,0,0,UPI,USD,0,TXN_114115,CUS_5405
80.82,73.01,2,5,1,242,0,0,0,WALLET,INR,0,TXN_110921,CUS_6811
133.92,170.03,1,1,0,349,0,0,0,CARD,INR,0,TXN_105093,CUS_3963
272.38,446.18,1,2,0,38,0,0,0,CARD,INR,0,TXN_103103,CUS_3872
255.72,231.25,0,3,0,297,1,0,0,CARD,EUR,0,TXN_101725,CUS_1664
305.33,338.8,0,0,0,33,0,0,0,UPI,USD,0,TXN_101889,CUS_1619
153.01,134.11,1,1,0,630,0,0,0,UPI,USD,0,TXN_106733,CUS_8826
75.02,73.76,0,0,0,73,0,1,0,CARD,INR,0,TXN_112318,CUS_6696
479.57,386.87,0,1,0,98,0,0,0,WALLET,INR,0,TXN_106525,CUS_6359
123.22,401.64,1,3,1,379,0,0,0,UPI,INR,0,TXN_108512,CUS_9578
322.85,319.66,0,1,0,739,0,0,0,CARD,INR,0,TXN_101334,CUS_7088
82.5,56.33,1,5,0,208,0,0,0,CARD,INR,0,TXN_104698,CUS_7796
655.63,377.99,1,3,0,73,0,0,0,UPI,INR,0,TXN_110759,CUS_2123
233.2,186.56,0,1,0,208,0,0,0,CARD,INR,0,TXN_109690,CUS_7212
31.36,51.02,0,3,0,176,0,0,0,CARD,USD,0,TXN_112220,CUS_7443
40.96,36.52,1,6,0,260,0,0,0,WALLET,USD,0,TXN_111313,CUS_1228
217.25,174.34,0,1,0,52,0,0,0,CARD,EUR,0,TXN_111240,CUS_4274
244.13,34.92,2,10,1,25,0,0,0,CARD,USD,1,TXN_107111,CUS_5456
127.78,87.79,0,1,1,145,0,0,0,WALLET,EUR,0,TXN_105644,CUS_2457
204.57,172.37,2,6,0,385,0,0,0,CARD,INR,0,TXN_111007,CUS_2149
45.62,40.91,1,5,0,57,0,0,0,UPI,USD,0,TXN_110524,CUS_6871
61.91,97.43,0,1,0,67,0,0,0,CARD,INR,0,TXN_105759,CUS_2117
543.75,414.41,0,2,0,1384,0,0,0,UPI,INR,0,TXN_110033,CUS_8839
96.9,88.79,1,3,0,54,0,0,0,CARD,INR,0,TXN_107529,CUS_9947
33.2,104.86,0,2,0,814,0,0,0,CARD,INR,0,TXN_109410,CUS_6410
91.82,104.04,2,3,0,57,0,0,0,WALLET,EUR,0,TXN_112398,CUS_6192
61.09,33.17,0,2,0,144,0,0,0,UPI,INR,0,TXN_104834,CUS_2786
44.85,62.61,0,1,0,67,0,0,0,CARD,INR,0,TXN_106296,CUS_1584
40.25,45.33,1,2,0,171,0,0,0,CARD,EUR,0,TXN_103135,CUS_5353
111.61,114.08,0,4,0,403,1,0,0,NET_BANKING,INR,0,TXN_103862,CUS_3368
593.3,357.6,1,2,0,166,0,0,0,WALLET,INR,0,TXN_106402,CUS_6725
205.32,148.55,1,3,0,167,0,0,0,CARD,INR,0,TXN_109921,CUS_4321
60.68,67.0,0,1,0,288,0,1,0,CARD,INR,0,TXN_103621,CUS_2807
80.26,62.92,1,3,1,124,0,0,0,CARD,INR,0,TXN_105454,CUS_6806
291.85,393.87,0,2,0,526,0,0,0,CARD,USD,0,TXN_111625,CUS_9215
80.68,108.2,1,2,2,84,0,0,0,CARD,EUR,0,TXN_104597,CUS_6673
1319.78,332.32,5,10,3,13,1,1,0,UPI,INR,1,TXN_113584,CUS_7257
9.0,94.16,0,1,0,77,0,0,0,WALLET,USD,0,TXN_114425,CUS_4326
250.12,239.71,0,1,0,138,0,0,0,UPI,EUR,0,TXN_104471,CUS_7991
130.77,81.41,0,2,1,873,0,0,0,UPI,EUR,0,TXN_103835,CUS_9159
140.75,104.1,0,1,0,290,0,0,0,CARD,USD,0,TXN_106405,CUS_6774
87.41,180.87,0,1,0,383,0,0,0,UPI,USD,0,TXN_114363,CUS_7319
27.98,27.45,0,4,0,338,0,0,0,WALLET,INR,0,TXN_114421,CUS_2943
137.71,220.36,1,5,0,651,0,0,0,UPI,USD,0,TXN_102798,CUS_3655
57.96,69.29,1,3,0,63,0,0,0,WALLET,INR,0,TXN_101880,CUS_8193
78.2,73.35,1,2,0,186,0,0,0,CARD,INR,0,TXN_101846,CUS_4902
146.64,131.68,0,2,0,141,0,0,0,CARD,INR,0,TXN_111361,CUS_6785
52.96,78.42,1,4,0,48,0,0,0,CARD,INR,0,TXN_105198,CUS_7461
95.94,103.23,0,1,0,242,0,0,0,WALLET,INR,0,TXN_112005,CUS_2372
39.33,38.96,0,3,0,180,0,0,0,CARD,INR,0,TXN_103766,CUS_9486
284.05,140.09,0,3,0,206,0,0,0,WALLET,INR,0,TXN_109756,CUS_1058
72.95,53.11,1,3,0,752,0,0,0,UPI,USD,0,TXN_102586,CUS_2678
51.87,36.56,0,3,0,549,0,0,0,UPI,INR,0,TXN_112836,CUS_3249
132.11,303.64,0,0,0,235,0,0,0,WALLET,INR,0,TXN_105786,CUS_3406
89.66,152.56,0,0,0,240,0,0,0,CARD,USD,0,TXN_104767,CUS_1450
79.57,129.78,0,2,1,329,0,0,0,CARD,INR,0,TXN_103848,CUS_8600
31.97,57.3,0,0,0,43,1,0,0,CARD,USD,0,TXN_112222,CUS_6728
63.72,55.24,1,2,0,71,0,0,0,WALLET,INR,0,TXN_114903,CUS_3508
60.17,105.14,0,0,0,362,0,0,0,NET_BANKING,USD,0,TXN_106929,CUS_6087
94.92,76.14,0,1,0,530,0,0,0,CARD,INR,0,TXN_114327,CUS_9163
136.22,139.81,0,5,0,339,0,1,0,CARD,INR,0,TXN_110251,CUS_7161
34.09,33.88,0,1,0,247,0,0,0,UPI,EUR,0,TXN_106611,CUS_2762
33.8,51.75,1,1,0,136,0,0,0,CARD,USD,0,TXN_100252,CUS_6938
25.88,60.05,1,4,0,844,0,1,0,WALLET,INR,0,TXN_113772,CUS_3543
342.24,284.81,0,1,0,49,0,0,0,CARD,INR,0,TXN_113672,CUS_3471
220.17,145.38,1,3,0,364,0,0,0,CARD,INR,0,TXN_104503,CUS_1891
48.63,30.22,1,3,0,303,0,0,0,CARD,INR,0,TXN_113465,CUS_1063
500.35,577.56,1,3,0,348,1,0,0,CARD,INR,0,TXN_112789,CUS_6305
120.04,100.43,0,0,0,121,0,0,0,CARD,INR,0,TXN_100342,CUS_3064
92.26,63.11,0,3,0,220,0,0,0,NET_BANKING,INR,0,TXN_103031,CUS_5496
131.21,137.58,0,2,0,54,0,0,0,UPI,INR,0,TXN_105142,CUS_1332
122.15,96.11,1,3,0,167,0,0,0,UPI,INR,0,TXN_105477,CUS_3825
273.07,161.3,0,1,1,80,0,0,0,CARD,INR,0,TXN_114509,CUS_5616
106.98,129.08,0,0,0,88,0,0,0,CARD,INR,0,TXN_109641,CUS_8054
87.45,68.86,0,1,0,712,0,0,0,CARD,INR,0,TXN_101573,CUS_7368
68.1,92.22,0,2,0,106,0,0,0,CARD,INR,0,TXN_108546,CUS_9965
222.78,345.46,0,1,0,430,0,1,0,CARD,INR,0,TXN_108447,CUS_9201
217.43,130.87,1,2,1,78,0,1,0,CARD,USD,0,TXN_106750,CUS_5407
83.36,86.86,0,2,0,704,0,0,0,CARD,EUR,0,TXN_106596,CUS_4526
54.42,59.57,0,0,0,362,0,0,0,UPI,INR,0,TXN_114506,CUS_6653
41.15,55.46,1,2,0,469,0,0,0,CARD,USD,0,TXN_114491,CUS_2717
124.86,161.47,0,2,0,114,0,1,0,UPI,INR,0,TXN_110822,CUS_2805
78.13,79.28,2,3,0,287,0,0,0,CARD,EUR,0,TXN_103392,CUS_7082
214.17,176.77,0,1,1,363,1,0,0,UPI,INR,0,TXN_105984,CUS_6321
84.61,78.62,0,2,0,55,0,0,0,CARD,USD,0,TXN_114329,CUS_5837
662.03,652.65,0,3,0,520,0,0,0,CARD,USD,0,TXN_103021,CUS_7775
86.5,56.52,1,3,1,112,0,0,0,UPI,USD,0,TXN_102187,CUS_7446
40.74,52.23,0,1,0,36,0,0,0,UPI,INR,0,TXN_103988,CUS_3543
146.64,164.39,1,4,0,323,0,0,0,UPI,USD,0,TXN_101411,CUS_8826
186.96,108.33,0,2,0,35,0,0,0,UPI,INR,0,TXN_106905,CUS_1824
56.8,48.31,0,2,0,102,0,0,0,UPI,INR,0,TXN_108713,CUS_3778
177.33,158.4,1,5,0,118,0,1,0,CARD,INR,0,TXN_103026,CUS_1121
175.2,119.16,0,1,0,122,0,1,0,CARD,USD,0,TXN_111351,CUS_8799
201.75,206.5,0,0,0,190,0,0,0,CARD,USD,0,TXN_114936,CUS_8520
295.47,219.48,0,2,0,698,0,1,0,CARD,EUR,0,TXN_114819,CUS_7282
45.03,51.58,0,2,0,534,0,0,0,CARD,INR,0,TXN_113922,CUS_4926
36.5,40.55,1,3,1,250,0,0,0,WALLET,USD,0,TXN_114474,CUS_1286
22.53,25.12,1,3,0,365,0,1,0,UPI,INR,0,TXN_106894,CUS_5154
16.14,20.63,0,2,0,124,0,0,0,NET_BANKING,USD,0,TXN_104114,CUS_2945
90.62,133.71,2,2,2,916,1,0,0,CARD,USD,0,TXN_110700,CUS_1250
125.17,99.7,0,2,0,123,1,1,0,CARD,INR,0,TXN_113870,CUS_3783
319.34,21.57,2,7,2,5,1,1,2,WALLET,USD,1,TXN_108767,CUS_8221
62.74,82.76,2,4,0,547,0,1,0,WALLET,INR,0,TXN_111776,CUS_4264
65.73,240.92,2,6,0,302,0,0,0,CARD,INR,0,TXN_100593,CUS_2346
87.91,90.57,0,3,0,165,0,0,0,WALLET,USD,0,TXN_114039,CUS_2838
78.96,66.74,0,1,0,79,0,0,0,CARD,INR,0,TXN_110199,CUS_8131
443.5,525.85,1,4,0,48,0,1,0,CARD,INR,0,TXN_108250,CUS_8129
290.05,286.5,1,1,0,129,0,0,0,UPI,INR,0,TXN_111581,CUS_5774
61.97,41.95,1,1,1,52,0,0,0,UPI,INR,0,TXN_103120,CUS_2785
111.39,81.57,1,1,0,145,0,0,0,UPI,INR,0,TXN_107010,CUS_1985
734.51,482.92,1,3,0,131,0,0,0,WALLET,EUR,0,TXN_105384,CUS_3294
124.04,100.32,0,2,2,174,0,0,0,CARD,EUR,0,TXN_101254,CUS_3654
177.93,208.08,1,4,0,151,0,0,0,CARD,USD,0,TXN_110792,CUS_7211
123.24,75.38,2,6,0,304,0,0,0,NET_BANKING,INR,0,TXN_113692,CUS_5617
57.54,60.87,0,1,0,683,0,0,0,CARD,INR,0,TXN_103976,CUS_2277
40.79,44.46,1,2,0,1103,0,0,0,NET_BANKING,USD,0,TXN_100233,CUS_7364
89.39,134.23,0,4,0,438,0,0,0,UPI,EUR,0,TXN_111367,CUS_2972
109.58,107.24,0,5,0,318,0,0,0,CARD,INR,0,TXN_111963,CUS_4076
382.05,253.27,0,1,0,170,0,0,0,CARD,INR,0,TXN_109394,CUS_9608
202.2,127.5,1,6,0,177,0,0,0,UPI,INR,0,TXN_100535,CUS_8601
404.89,353.43,2,3,1,203,0,0,0,CARD,USD,0,TXN_110513,CUS_5410
111.51,151.44,0,1,0,92,0,0,0,WALLET,INR,0,TXN_111530,CUS_7421
54.65,43.46,0,1,0,103,0,0,0,NET_BANKING,USD,0,TXN_110194,CUS_4630
50.61,32.45,0,2,1,33,0,0,0,UPI,INR,0,TXN_108878,CUS_3763
55.65,40.35,1,4,0,453,0,0,0,UPI,INR,0,TXN_103917,CUS_7146
5.0,69.15,0,1,0,933,0,0,0,NET_BANKING,USD,0,TXN_109514,CUS_8808
95.46,77.56,0,5,0,67,0,0,0,UPI,INR,0,TXN_109544,CUS_2893
91.09,76.33,0,0,0,783,0,1,0,CARD,USD,0,TXN_112773,CUS_5471
77.06,59.73,2,3,0,147,0,0,0,NET_BANKING,INR,0,TXN_103871,CUS_4830
156.11,132.54,0,2,1,76,0,0,0,NET_BANKING,INR,0,TXN_112977,CUS_6386
250.47,300.04,0,3,0,215,0,0,0,WALLET,INR,0,TXN_105623,CUS_2472
8.83,32.36,0,1,1,76,0,0,0,CARD,INR,0,TXN_113825,CUS_3702
284.86,378.94,1,3,0,173,0,0,0,NET_BANKING,USD,0,TXN_100176,CUS_7393
425.89,269.67,1,4,0,49,0,0,0,UPI,INR,0,TXN_102304,CUS_1285
12.98,34.95,1,1,0,126,0,0,0,WALLET,INR,0,TXN_108933,CUS_7601
113.37,99.56,0,1,0,389,0,0,0,WALLET,INR,0,TXN_107183,CUS_7738
155.72,178.79,0,4,0,192,0,0,0,CARD,USD,0,TXN_113663,CUS_1183
166.35,145.36,0,2,0,158,0,0,0,NET_BANKING,USD,0,TXN_105669,CUS_3833
85.97,60.42,1,3,0,227,0,0,0,CARD,USD,0,TXN_108993,CUS_6137
213.82,176.83,0,2,0,149,0,0,0,CARD,INR,0,TXN_107159,CUS_8091
67.98,106.39,0,2,0,768,1,0,0,WALLET,INR,0,TXN_107080,CUS_7420
136.26,119.92,0,1,0,168,0,0,0,CARD,INR,0,TXN_112122,CUS_7091
83.5,57.04,2,4,0,104,0,0,0,CARD,INR,0,TXN_110733,CUS_2646
135.79,209.92,0,4,0,146,0,1,0,UPI,INR,0,TXN_114375,CUS_6094
72.69,57.3,2,4,0,127,0,0,0,UPI,EUR,0,TXN_106067,CUS_7279
187.45,238.11,2,4,0,446,1,0,0,NET_BANKING,INR,0,TXN_114776,CUS_7925
43.36,43.32,1,3,0,145,0,0,0,CARD,INR,0,TXN_112582,CUS_1375
100.18,86.94,1,5,1,727,0,0,0,CARD,INR,0,TXN_104898,CUS_4862
173.25,169.73,1,5,0,33,0,0,0,CARD,USD,0,TXN_100755,CUS_7501
74.03,67.2,0,1,0,77,0,0,0,CARD,INR,0,TXN_104087,CUS_9597
254.38,266.52,0,1,0,58,0,0,0,UPI,USD,0,TXN_105954,CUS_4806
149.89,125.13,0,3,0,91,0,0,0,WALLET,INR,0,TXN_113857,CUS_9705
56.86,92.16,1,3,0,200,0,0,0,CARD,USD,0,TXN_102267,CUS_4917
34.99,62.73,0,2,1,556,0,0,0,CARD,EUR,0,TXN_110102,CUS_5269
71.6,69.1,0,3,0,49,0,0,0,UPI,INR,0,TXN_107594,CUS_6810
74.37,78.96,0,1,0,398,0,1,0,NET_BANKING,USD,0,TXN_113502,CUS_7518
107.65,94.08,0,2,0,57,0,0,0,CARD,USD,0,TXN_109399,CUS_6043
345.39,378.41,0,4,0,349,0,0,0,CARD,EUR,0,TXN_107597,CUS_1690
145.89,158.52,0,2,0,527,0,0,0,CARD,INR,0,TXN_104494,CUS_8616
139.49,179.02,0,2,0,64,0,0,0,CARD,INR,0,TXN_112101,CUS_8480
77.73,51.42,1,4,0,347,0,1,0,UPI,INR,0,TXN_105200,CUS_8116
57.35,68.23,0,1,0,287,0,0,0,NET_BANKING,INR,0,TXN_108411,CUS_3234
277.99,342.65,0,2,0,419,0,0,0,WALLET,USD,0,TXN_110849,CUS_2028
84.23,91.31,1,3,0,287,0,0,0,UPI,INR,0,TXN_109345,CUS_6789
843.02,538.81,0,4,0,297,0,0,0,CARD,USD,0,TXN_111656,CUS_6403
90.85,90.69,0,0,1,72,0,0,0,UPI,INR,0,TXN_112024,CUS_6770
161.92,198.61,0,4,0,59,0,1,0,CARD,USD,0,TXN_114216,CUS_2143
196.34,126.2,1,4,0,291,0,0,1,UPI,USD,0,TXN_107549,CUS_9633
69.98,119.09,1,4,0,52,0,0,0,CARD,INR,0,TXN_110390,CUS_1038
104.26,78.34,0,0,0,647,0,0,0,CARD,INR,0,TXN_100725,CUS_9411
147.32,205.86,2,3,0,31,0,0,0,CARD,INR,0,TXN_104221,CUS_9083
64.33,148.91,0,3,0,287,0,1,0,UPI,INR,0,TXN_108801,CUS_1543
34.16,36.61,0,3,0,60,0,1,0,UPI,USD,0,TXN_109698,CUS_6754
62.11,139.23,0,0,0,199,0,0,0,UPI,INR,0,TXN_103219,CUS_1316
22.63,34.33,0,1,0,89,0,0,0,UPI,INR,0,TXN_108151,CUS_7641
134.23,108.48,0,2,0,723,0,0,0,UPI,USD,0,TXN_108876,CUS_4019
165.36,227.46,0,3,0,247,0,0,0,CARD,INR,0,TXN_104146,CUS_6247
106.09,26.99,8,11,1,11,1,1,1,CARD,EUR,1,TXN_109253,CUS_7718
148.76,155.92,0,1,0,173,0,0,0,UPI,USD,0,TXN_107950,CUS_3948
161.78,89.95,0,3,0,434,1,0,0,CARD,INR,0,TXN_112401,CUS_4468
57.04,59.23,1,5,0,263,0,0,0,NET_BANKING,INR,0,TXN_102210,CUS_3789
243.43,241.13,1,7,0,451,0,1,0,UPI,EUR,0,TXN_113468,CUS_9794
114.53,103.89,0,0,0,425,0,0,0,CARD,USD,0,TXN_102466,CUS_6140
108.21,74.98,0,4,0,48,0,0,0,NET_BANKING,INR,0,TXN_103066,CUS_3395
96.63,93.06,0,1,0,68,0,1,0,UPI,EUR,0,TXN_105887,CUS_2880
18.28,118.6,1,4,1,384,0,1,0,CARD,USD,0,TXN_114189,CUS_4885
79.07,62.93,0,1,0,175,0,0,0,CARD,USD,0,TXN_103040,CUS_8609
30.68,24.85,0,4,0,70,0,0,0,UPI,INR,0,TXN_109172,CUS_5545
177.1,155.04,0,6,0,303,0,0,0,UPI,INR,0,TXN_109521,CUS_6481
165.14,193.18,0,2,0,72,0,0,0,UPI,USD,0,TXN_102875,CUS_9830
92.49,98.19,0,1,0,545,0,0,0,NET_BANKING,USD,0,TXN_110042,CUS_5026
115.64,133.61,1,2,0,735,0,0,0,UPI,INR,0,TXN_114226,CUS_1963
54.19,48.28,1,3,0,90,0,0,0,CARD,INR,0,TXN_100447,CUS_9864
36.97,38.05,2,5,0,194,0,0,0,CARD,INR,0,TXN_112575,CUS_8408
21.61,43.91,0,4,0,190,0,0,0,WALLET,EUR,0,TXN_112079,CUS_8418
22.79,31.58,0,3,0,1387,0,0,0,CARD,USD,0,TXN_109531,CUS_2542
55.75,114.25,0,1,0,343,0,0,0,CARD,INR,0,TXN_114773,CUS_6038
103.27,82.53,0,2,0,152,0,0,0,UPI,USD,0,TXN_105302,CUS_1851
62.49,71.84,1,3,1,849,0,0,0,NET_BANKING,INR,0,TXN_102114,CUS_7031
52.54,67.72,0,0,0,356,0,0,0,CARD,INR,0,TXN_106508,CUS_4241
53.44,42.36,1,4,0,267,0,0,0,WALLET,USD,0,TXN_106044,CUS_3406
234.59,182.59,0,1,0,35,0,0,0,UPI,INR,0,TXN_103125,CUS_7263
42.41,46.79,0,4,0,217,0,0,0,WALLET,INR,0,TXN_110837,CUS_5537
90.02,68.52,0,4,0,40,0,0,0,CARD,INR,0,TXN_111955,CUS_8150
116.4,132.61,0,3,0,381,0,0,0,WALLET,EUR,0,TXN_108708,CUS_2226
109.55,105.56,0,2,0,217,0,1,0,CARD,INR,0,TXN_101243,CUS_9809
55.55,127.09,1,5,0,82,0,0,0,NET_BANKING,INR,0,TXN_113758,CUS_9564
63.65,165.51,0,2,0,33,0,0,0,CARD,INR,0,TXN_106431,CUS_1936
171.56,130.3,0,4,0,101,1,1,0,UPI,INR,0,TXN_113911,CUS_2340
56.79,120.78,0,4,0,176,0,0,0,UPI,USD,0,TXN_106956,CUS_8308
66.98,182.89,0,1,0,424,0,0,0,CARD,USD,0,TXN_112290,CUS_2405
295.97,44.28,1,6,3,95,0,1,0,CARD,INR,1,TXN_113201,CUS_4623
157.57,108.93,1,1,0,121,0,0,0,UPI,USD,0,TXN_111255,CUS_1340
120.71,151.84,0,2,0,38,1,0,0,UPI,INR,0,TXN_110343,CUS_6563
49.71,67.12,0,4,0,449,0,0,0,UPI,INR,0,TXN_104963,CUS_6134
77.48,68.26,0,4,0,147,0,0,0,UPI,INR,0,TXN_110118,CUS_9040
163.89,146.43,1,5,0,148,1,0,0,WALLET,EUR,0,TXN_111190,CUS_6031
168.61,132.31,0,1,0,102,0,0,0,CARD,USD,0,TXN_107753,CUS_3045
56.46,52.51,0,0,1,150,0,0,0,UPI,INR,0,TXN_109563,CUS_1145
104.97,101.61,0,3,0,155,1,0,0,UPI,INR,0,TXN_101403,CUS_2714
9.58,69.65,0,1,0,283,1,1,0,CARD,INR,0,TXN_108652,CUS_1132
202.7,145.82,1,3,0,90,0,1,0,WALLET,USD,0,TXN_102292,CUS_4925
178.78,112.12,0,5,0,142,0,0,0,CARD,EUR,0,TXN_114481,CUS_4826
21.25,45.65,0,1,0,101,0,0,0,UPI,INR,0,TXN_109160,CUS_3217
71.93,208.19,0,0,0,584,0,0,0,NET_BANKING,INR,0,TXN_111943,CUS_2484
27.52,48.14,0,3,0,36,0,0,0,WALLET,INR,0,TXN_102337,CUS_4390
106.08,66.4,1,4,0,963,0,0,0,CARD,EUR,0,TXN_102164,CUS_3048
40.85,96.34,0,3,0,91,0,1,0,UPI,USD,0,TXN_113788,CUS_7704
150.55,164.99,0,2,0,90,0,0,0,UPI,EUR,0,TXN_112198,CUS_5929
30.82,23.13,0,1,0,320,0,0,0,NET_BANKING,INR,0,TXN_111600,CUS_9675
116.42,117.16,0,2,0,548,0,0,0,CARD,INR,0,TXN_112349,CUS_9850
136.61,258.98,2,3,0,275,0,0,0,CARD,USD,0,TXN_112710,CUS_5532
13.62,29.52,0,1,0,199,0,0,0,WALLET,INR,0,TXN_110019,CUS_7947
131.73,114.98,0,3,0,77,0,1,0,UPI,INR,0,TXN_104775,CUS_4839
72.14,86.58,1,2,0,74,0,0,0,CARD,USD,0,TXN_112639,CUS_3631
124.92,127.62,0,3,0,490,0,0,0,UPI,INR,0,TXN_105966,CUS_4652
20.51,24.67,0,1,0,628,0,0,0,UPI,USD,0,TXN_106711,CUS_9591
155.83,97.33,0,2,0,482,0,1,0,UPI,INR,0,TXN_100409,CUS_1724
188.18,168.03,0,3,0,134,0,1,0,CARD,USD,0,TXN_110027,CUS_5501
349.56,269.57,0,1,0,620,0,0,0,UPI,USD,0,TXN_110360,CUS_6065
140.03,275.9,0,3,0,158,0,0,0,CARD,EUR,0,TXN_101053,CUS_2840
184.01,268.01,0,2,1,94,0,0,0,CARD,INR,0,TXN_103677,CUS_6091
203.41,649.89,0,2,0,128,0,0,0,UPI,INR,0,TXN_102459,CUS_3958
88.16,68.91,0,1,1,225,0,0,0,CARD,INR,0,TXN_107179,CUS_2637
117.27,126.99,0,0,0,106,0,1,0,CARD,INR,0,TXN_109775,CUS_1312
25.21,106.27,0,1,0,59,0,1,0,CARD,INR,0,TXN_109566,CUS_2036
21.02,79.63,1,1,0,40,0,0,0,CARD,INR,0,TXN_105476,CUS_7593
235.76,183.61,1,2,0,90,0,0,0,UPI,USD,0,TXN_103476,CUS_1929
163.34,193.19,1,5,0,261,0,0,0,CARD,INR,0,TXN_112006,CUS_2068
29.65,30.68,1,1,0,75,0,1,0,NET_BANKING,INR,0,TXN_100259,CUS_4954
48.31,66.8,0,5,0,345,0,0,0,UPI,INR,0,TXN_112822,CUS_1618
74.9,60.28,2,3,0,100,0,0,0,CARD,USD,0,TXN_102855,CUS_1683
75.55,80.45,0,4,0,167,0,1,0,CARD,EUR,0,TXN_107694,CUS_2154
53.88,59.86,1,1,0,306,0,0,0,UPI,USD,0,TXN_107542,CUS_2753
710.81,119.53,3,13,2,138,1,1,0,UPI,USD,1,TXN_107336,CUS_6181
34.21,56.22,1,3,0,181,0,1,0,WALLET,INR,0,TXN_100204,CUS_8067
91.88,78.12,1,5,0,55,1,1,0,CARD,INR,0,TXN_113188,CUS_3656
207.5,209.7,0,4,0,202,0,0,0,UPI,USD,0,TXN_100736,CUS_9919
398.4,223.13,0,2,0,115,0,0,0,CARD,INR,0,TXN_107433,CUS_9875
91.99,81.21,0,1,0,60,0,1,0,CARD,INR,0,TXN_101190,CUS_8884
91.7,73.62,0,3,0,96,0,0,0,UPI,USD,0,TXN_100349,CUS_7592
67.69,74.89,0,2,0,45,0,0,0,CARD,INR,0,TXN_105036,CUS_7276
223.23,335.68,0,0,0,950,0,0,0,UPI,INR,0,TXN_109646,CUS_1479
525.38,396.65,0,1,0,98,0,0,0,CARD,INR,0,TXN_102314,CUS_2158
268.09,211.11,1,4,0,162,0,0,0,CARD,USD,0,TXN_104700,CUS_2427
49.3,58.61,0,5,0,601,0,1,0,WALLET,INR,0,TXN_107445,CUS_2483
167.04,89.02,1,4,0,110,0,1,0,WALLET,INR,0,TXN_103593,CUS_5655
82.31,128.44,1,1,0,85,1,0,0,NET_BANKING,INR,0,TXN_103898,CUS_1282
14.95,33.37,1,3,0,99,0,0,0,UPI,INR,0,TXN_113534,CUS_3467
25.56,30.39,2,3,0,202,0,0,0,UPI,INR,0,TXN_109579,CUS_9570
182.53,142.22,0,2,0,517,0,0,0,CARD,INR,0,TXN_108905,CUS_1145
342.91,475.99,0,2,1,256,0,0,0,WALLET,INR,0,TXN_102943,CUS_3465
49.4,56.4,0,4,0,436,0,0,0,CARD,USD,0,TXN_114950,CUS_2022
103.7,104.02,0,2,0,333,0,0,0,CARD,USD,0,TXN_104191,CUS_9078
567.82,396.07,1,3,1,336,0,0,0,NET_BANKING,USD,0,TXN_101509,CUS_8825
33.31,28.72,0,4,0,321,0,0,0,NET_BANKING,USD,0,TXN_113582,CUS_2397
66.28,88.41,0,0,0,613,0,0,0,CARD,USD,0,TXN_113879,CUS_7031
27.84,74.5,0,6,0,309,1,0,0,NET_BANKING,EUR,0,TXN_114695,CUS_2267
33.87,35.76,1,1,0,247,0,0,0,CARD,INR,0,TXN_113394,CUS_7531
73.08,93.01,1,2,0,205,0,0,0,UPI,INR,0,TXN_110458,CUS_9259
455.7,409.5,1,4,0,264,0,0,0,WALLET,EUR,0,TXN_104506,CUS_5850
26.48,31.99,0,0,0,176,0,1,0,CARD,INR,0,TXN_111743,CUS_4136
90.52,66.35,0,2,0,377,0,0,0,CARD,INR,0,TXN_112960,CUS_3629
25.67,50.35,2,6,0,161,0,0,0,NET_BANKING,INR,0,TXN_111678,CUS_9144
158.13,145.7,1,5,0,107,0,0,0,UPI,INR,0,TXN_102521,CUS_3102
146.76,114.96,1,3,0,487,1,0,0,CARD,INR,0,TXN_114675,CUS_9617
112.48,94.4,1,2,0,235,0,0,0,CARD,INR,0,TXN_109362,CUS_1274
134.22,82.51,0,0,0,71,0,0,0,CARD,INR,0,TXN_114820,CUS_3604
43.55,33.4,1,2,0,117,0,0,0,CARD,USD,0,TXN_106082,CUS_5131
146.8,151.26,0,3,1,146,0,0,0,UPI,INR,0,TXN_103541,CUS_5634
228.11,183.96,2,5,0,58,0,0,0,UPI,INR,0,TXN_111620,CUS_2626
97.59,65.13,0,1,0,619,0,0,0,UPI,USD,0,TXN_109355,CUS_7495
81.84,85.89,0,1,1,163,0,0,0,WALLET,INR,0,TXN_114862,CUS_3743
296.45,237.47,0,3,0,470,1,0,0,UPI,INR,0,TXN_106623,CUS_7739
81.21,121.77,0,0,0,105,0,0,0,CARD,INR,0,TXN_108547,CUS_8205
26.48,56.58,2,2,0,413,0,1,0,UPI,INR,0,TXN_113074,CUS_2751
962.32,128.09,5,8,3,21,0,0,1,CARD,INR,1,TXN_105289,CUS_6425
49.27,62.25,1,6,0,191,0,0,0,NET_BANKING,INR,0,TXN_111209,CUS_3727
61.65,97.78,0,1,1,191,0,0,0,NET_BANKING,EUR,0,TXN_107250,CUS_4042
177.79,147.26,0,2,0,720,0,0,0,UPI,USD,0,TXN_100171,CUS_9270
84.19,60.76,1,3,0,232,0,0,0,UPI,USD,0,TXN_114151,CUS_9985
197.4,175.13,1,4,0,177,0,0,0,CARD,INR,0,TXN_114360,CUS_4516
90.1,59.43,1,1,1,708,0,1,0,CARD,INR,0,TXN_107708,CUS_5021
135.84,159.37,2,5,0,98,0,0,0,UPI,USD,0,TXN_107850,CUS_6909
64.58,114.04,1,3,0,115,0,0,0,NET_BANKING,INR,0,TXN_113237,CUS_4428
48.84,86.68,1,3,0,186,0,0,0,UPI,INR,0,TXN_113525,CUS_3693
507.41,112.8,3,7,2,124,1,1,0,CARD,USD,1,TXN_105100,CUS_8156
56.71,107.52,2,2,0,55,0,0,0,UPI,INR,0,TXN_107510,CUS_2885
44.74,50.07,0,3,0,86,1,0,0,UPI,USD,0,TXN_108496,CUS_3553
37.64,48.22,1,1,0,154,0,0,0,UPI,USD,0,TXN_105649,CUS_7202
150.63,94.09,1,3,0,448,0,0,0,CARD,INR,0,TXN_105059,CUS_7237
53.68,60.91,0,2,0,60,0,0,0,UPI,INR,0,TXN_102095,CUS_9387
40.46,39.44,0,3,0,461,0,1,0,WALLET,INR,0,TXN_106925,CUS_3029
88.72,56.29,1,1,1,532,0,0,0,CARD,INR,0,TXN_105310,CUS_1139
111.8,106.66,0,3,0,80,0,0,0,CARD,INR,0,TXN_105405,CUS_6316
127.77,166.11,0,2,0,103,0,0,0,CARD,INR,0,TXN_112958,CUS_4015
77.65,67.99,1,3,0,264,0,0,0,CARD,INR,0,TXN_104207,CUS_4331
49.37,69.9,2,4,1,170,0,0,0,UPI,USD,0,TXN_113144,CUS_9684
135.88,130.01,0,1,0,103,0,0,0,UPI,INR,0,TXN_106901,CUS_1759
22.56,110.07,0,1,1,184,0,0,0,UPI,INR,0,TXN_108179,CUS_1045
413.47,434.86,0,3,0,123,0,0,0,CARD,USD,0,TXN_109246,CUS_2945
70.58,63.84,0,3,0,32,0,0,0,CARD,USD,0,TXN_114892,CUS_8278
301.25,558.77,0,3,0,528,0,0,0,UPI,INR,0,TXN_108034,CUS_6089
284.8,246.11,0,4,0,590,0,0,0,CARD,INR,0,TXN_100191,CUS_1105
220.98,256.95,0,4,1,725,0,0,0,CARD,EUR,0,TXN_111082,CUS_6907
99.93,132.41,1,2,0,298,0,0,0,CARD,INR,0,TXN_106542,CUS_6106
1887.91,1617.23,1,1,0,103,0,0,0,CARD,USD,0,TXN_106654,CUS_9520
42.2,25.31,2,2,0,180,0,0,0,CARD,INR,0,TXN_100178,CUS_2632
14.11,16.24,0,2,0,483,0,0,0,CARD,USD,0,TXN_105098,CUS_2015
82.55,112.06,0,4,0,249,0,0,0,CARD,EUR,0,TXN_108334,CUS_5255
104.72,169.21,2,4,0,53,0,0,0,CARD,USD,0,TXN_112472,CUS_3613
237.76,103.16,0,5,0,120,0,0,0,CARD,USD,0,TXN_114079,CUS_2807
38.54,48.23,0,1,0,351,0,0,0,CARD,USD,0,TXN_113677,CUS_3959
24.47,41.53,0,3,0,461,0,0,0,UPI,USD,0,TXN_105833,CUS_4259
88.72,70.43,0,4,0,227,0,0,0,NET_BANKING,INR,0,TXN_109218,CUS_6550
191.45,175.31,1,3,0,90,0,0,0,NET_BANKING,USD,0,TXN_106155,CUS_2947
39.88,64.05,1,3,0,45,0,0,0,UPI,INR,0,TXN_100735,CUS_1954
32.29,31.81,0,2,0,135,1,1,0,CARD,EUR,0,TXN_113271,CUS_2703
64.8,78.76,1,2,1,288,0,0,0,UPI,INR,0,TXN_105009,CUS_4250
127.37,154.46,0,5,0,1241,0,0,0,UPI,USD,0,TXN_109475,CUS_3428
89.05,114.09,0,1,1,94,0,0,0,NET_BANKING,USD,0,TXN_109077,CUS_4551
43.08,42.9,0,0,0,63,0,0,0,NET_BANKING,USD,0,TXN_114183,CUS_4836
86.52,126.92,0,3,0,715,1,0,0,NET_BANKING,INR,0,TXN_102349,CUS_2266
166.92,158.18,0,0,0,58,0,0,0,CARD,INR,0,TXN_103984,CUS_6719
104.62,87.34,0,1,0,581,0,0,0,CARD,EUR,0,TXN_114928,CUS_5821
74.1,50.78,0,4,0,487,0,0,0,CARD,INR,0,TXN_111737,CUS_4430
32.42,24.77,2,5,0,120,0,0,0,UPI,INR,0,TXN_108959,CUS_4995
409.05,322.85,1,2,1,141,0,0,0,NET_BANKING,EUR,0,TXN_112009,CUS_5274
62.84,48.52,0,1,0,115,0,0,0,CARD,EUR,0,TXN_109298,CUS_2809
386.29,431.8,0,4,0,206,0,0,0,CARD,USD,0,TXN_107682,CUS_5290
73.73,69.88,0,4,0,803,0,0,0,UPI,INR,0,TXN_106684,CUS_3635
163.9,133.08,0,1,0,40,0,0,0,CARD,INR,0,TXN_103244,CUS_1677
92.2,62.21,1,4,0,592,0,0,0,UPI,INR,0,TXN_113665,CUS_9266
1.99,32.62,6,7,2,84,1,1,1,CARD,USD,1,TXN_105589,CUS_1586
231.21,247.13,0,1,0,1184,0,0,0,CARD,INR,0,TXN_105729,CUS_8428
232.41,125.23,0,3,0,301,1,0,0,WALLET,INR,0,TXN_100049,CUS_9945
178.12,169.31,0,0,0,143,0,0,0,CARD,INR,0,TXN_105088,CUS_3554
35.17,78.55,1,5,0,92,0,0,0,UPI,INR,0,TXN_105028,CUS_9801
302.54,199.47,0,4,0,817,0,0,0,UPI,EUR,0,TXN_101925,CUS_9549
97.25,72.13,0,2,0,31,0,0,0,CARD,EUR,0,TXN_102940,CUS_9540
69.0,61.16,0,1,0,170,0,0,0,CARD,USD,0,TXN_111984,CUS_2333
518.64,657.6,0,3,0,31,0,1,0,CARD,EUR,0,TXN_112007,CUS_3906
110.83,70.88,0,3,0,520,0,1,0,NET_BANKING,INR,0,TXN_112916,CUS_2567
81.29,94.29,0,3,0,43,0,0,0,CARD,INR,0,TXN_102097,CUS_4997
573.47,451.39,1,5,0,194,0,0,0,UPI,USD,0,TXN_104139,CUS_9164
48.35,45.38,2,3,0,105,0,0,0,WALLET,INR,0,TXN_102259,CUS_1627
25.84,137.79,0,4,0,956,0,0,0,CARD,USD,0,TXN_108966,CUS_2474
26.97,18.4,0,1,0,656,0,0,0,UPI,INR,0,TXN_114767,CUS_1670
125.1,121.26,0,2,0,146,0,0,0,UPI,INR,0,TXN_107885,CUS_7421
84.46,79.5,1,4,0,369,0,0,0,NET_BANKING,INR,0,TXN_101471,CUS_1743
1632.37,257.47,5,10,4,18,1,0,2,CARD,USD,1,TXN_102198,CUS_5186
37.31,27.04,0,2,0,246,0,0,0,CARD,USD,0,TXN_112002,CUS_6886
25.25,43.45,1,1,1,141,0,1,0,UPI,INR,0,TXN_101622,CUS_9284
303.68,229.84,0,2,1,342,0,0,0,NET_BANKING,USD,0,TXN_112354,CUS_6056
64.66,82.4,0,3,1,330,0,0,0,CARD,USD,0,TXN_104502,CUS_1292
65.12,94.37,1,3,0,339,0,0,0,CARD,USD,0,TXN_114092,CUS_8352
50.03,40.68,1,4,0,290,0,0,0,UPI,EUR,0,TXN_113079,CUS_8572
57.23,58.17,0,4,0,325,0,0,0,NET_BANKING,USD,0,TXN_107323,CUS_5333
189.94,169.94,0,1,0,1136,0,0,0,UPI,INR,0,TXN_112204,CUS_8174
176.53,125.4,1,3,1,348,1,1,0,CARD,INR,0,TXN_100077,CUS_1001
70.94,80.84,0,4,0,61,0,0,0,NET_BANKING,INR,0,TXN_113657,CUS_3856
1114.91,186.38,2,10,5,26,1,1,2,CARD,INR,1,TXN_106665,CUS_6738
120.4,82.99,0,1,0,65,0,0,0,UPI,INR,0,TXN_104206,CUS_7392
139.17,64.96,1,1,0,215,0,0,0,UPI,INR,0,TXN_108285,CUS_5533
298.46,234.83,1,3,0,283,1,0,0,CARD,INR,0,TXN_104635,CUS_3106
100.53,92.53,2,5,0,246,0,0,0,WALLET,INR,0,TXN_101137,CUS_6935
65.33,62.83,0,3,0,176,0,0,0,UPI,INR,0,TXN_108535,CUS_6431
61.9,33.48,0,1,0,761,0,0,0,CARD,INR,0,TXN_108192,CUS_9670
218.05,191.74,0,1,0,543,0,0,0,NET_BANKING,INR,0,TXN_109187,CUS_6808
196.63,169.6,0,1,0,30,0,0,0,UPI,EUR,0,TXN_103944,CUS_8175
31.75,46.78,0,2,1,92,0,0,0,CARD,USD,0,TXN_103602,CUS_3797
74.66,64.65,0,1,0,265,0,0,0,CARD,EUR,0,TXN_106338,CUS_6653
174.74,201.44,0,1,0,39,0,1,0,UPI,EUR,0,TXN_100036,CUS_8151
160.9,218.13,1,2,0,254,0,1,0,CARD,EUR,0,TXN_102190,CUS_1748
57.96,79.44,2,4,0,182,0,0,0,CARD,EUR,0,TXN_110496,CUS_4237
190.48,150.18,0,3,0,39,0,0,0,CARD,INR,0,TXN_105106,CUS_3631
142.11,90.65,0,2,0,85,0,0,0,WALLET,INR,0,TXN_114041,CUS_7397
20.6,33.4,0,2,0,159,1,1,0,CARD,INR,0,TXN_101892,CUS_2780
81.9,87.34,0,3,0,203,0,0,0,UPI,INR,0,TXN_113148,CUS_3587
147.74,109.78,1,3,0,231,0,0,0,UPI,INR,0,TXN_113949,CUS_8924
148.62,132.96,2,5,0,88,0,0,0,UPI,INR,0,TXN_102994,CUS_1157
30.52,34.08,0,2,0,47,0,0,0,UPI,INR,0,TXN_102592,CUS_8745
79.35,52.37,0,5,0,447,0,0,0,CARD,INR,0,TXN_103000,CUS_9510
453.02,463.48,0,1,0,69,0,0,0,UPI,INR,0,TXN_113386,CUS_2982
400.15,109.53,4,12,0,42,0,1,1,CARD,INR,1,TXN_114785,CUS_7688
55.65,66.81,0,1,0,158,0,0,0,CARD,INR,0,TXN_103041,CUS_8972
85.28,68.05,0,3,0,89,0,1,0,UPI,INR,0,TXN_105271,CUS_4642
158.87,226.32,1,3,1,44,0,0,0,CARD,INR,0,TXN_105406,CUS_3810
139.3,112.51,0,3,1,370,0,0,0,CARD,INR,0,TXN_106344,CUS_6929
223.07,164.5,0,2,0,85,0,1,0,CARD,USD,0,TXN_103346,CUS_7747
53.34,152.0,0,1,0,30,0,0,0,CARD,INR,0,TXN_100714,CUS_4079
172.02,299.26,0,1,0,206,0,0,0,CARD,INR,0,TXN_105926,CUS_6312
59.69,109.25,1,1,0,545,0,0,0,UPI,EUR,0,TXN_110101,CUS_4717
63.81,43.45,0,2,0,148,0,0,0,UPI,INR,0,TXN_104581,CUS_8624
35.83,45.59,1,3,0,351,0,0,0,CARD,USD,0,TXN_105612,CUS_4868
376.38,388.73,1,2,0,72,0,0,0,WALLET,INR,0,TXN_109203,CUS_4792
94.56,173.9,0,1,1,827,0,0,0,CARD,USD,0,TXN_106009,CUS_5540
22.22,21.24,0,2,0,553,0,0,0,UPI,INR,0,TXN_113774,CUS_9742
275.56,168.91,0,0,0,280,0,0,0,NET_BANKING,INR,0,TXN_100843,CUS_3607
93.29,113.09,0,5,0,131,0,1,0,NET_BANKING,INR,0,TXN_105035,CUS_8317
78.0,66.9,0,3,0,107,0,0,0,UPI,INR,0,TXN_101499,CUS_1480
184.88,163.18,0,2,0,685,0,0,0,CARD,INR,0,TXN_101483,CUS_8668
406.72,92.06,4,7,4,72,1,1,0,CARD,EUR,1,TXN_104267,CUS_8416
56.72,84.11,0,1,0,517,0,0,0,CARD,INR,0,TXN_108212,CUS_4223
51.05,66.1,0,2,0,437,0,0,0,UPI,USD,0,TXN_112811,CUS_6782
23.53,16.38,0,6,1,279,0,0,0,CARD,INR,0,TXN_102342,CUS_2820
20.45,39.75,0,4,0,675,0,0,0,CARD,INR,0,TXN_104555,CUS_3360
222.69,160.03,0,2,1,680,1,1,0,CARD,INR,0,TXN_100117,CUS_9668
71.22,80.87,1,2,0,251,0,0,0,CARD,INR,0,TXN_103808,CUS_7519
110.84,87.84,0,3,0,536,0,1,0,UPI,USD,0,TXN_113497,CUS_4790
70.39,86.09,0,3,0,822,0,1,0,WALLET,USD,0,TXN_114578,CUS_8660
84.11,64.93,0,1,0,488,0,0,0,CARD,INR,0,TXN_106365,CUS_9821
5.0,86.05,0,4,0,268,0,0,0,CARD,INR,0,TXN_100414,CUS_1261
171.23,119.84,2,3,0,32,0,0,0,NET_BANKING,INR,0,TXN_112601,CUS_7333
98.79,79.97,2,7,0,243,0,0,0,CARD,INR,0,TXN_104724,CUS_6199
164.78,110.67,0,1,0,35,0,0,0,CARD,USD,0,TXN_112513,CUS_1971
193.24,220.94,0,5,0,154,0,0,0,CARD,INR,0,TXN_109139,CUS_9312
103.94,83.89,1,2,0,172,0,0,0,CARD,INR,0,TXN_100019,CUS_7835
229.92,268.53,0,1,0,377,0,0,0,WALLET,INR,0,TXN_114551,CUS_5217
248.15,171.72,1,4,0,230,0,1,0,UPI,INR,0,TXN_114864,CUS_4445
383.55,285.59,0,1,0,34,0,0,0,UPI,INR,0,TXN_107036,CUS_9968
29.08,32.35,1,1,0,171,0,0,0,CARD,INR,0,TXN_103450,CUS_8191
112.52,101.23,2,6,0,73,0,0,0,CARD,INR,0,TXN_113684,CUS_9823
545.25,334.25,0,0,0,56,0,0,0,CARD,INR,0,TXN_101579,CUS_2086
81.41,77.11,0,2,0,309,0,0,0,CARD,USD,0,TXN_108193,CUS_3847
204.12,117.8,2,3,0,125,0,0,0,CARD,INR,0,TXN_104991,CUS_8622
154.01,124.09,0,2,0,176,0,0,0,CARD,INR,0,TXN_104163,CUS_5454
40.64,50.32,1,3,0,76,0,0,0,UPI,INR,0,TXN_108608,CUS_7998
148.14,111.41,0,3,0,196,0,0,0,NET_BANKING,INR,0,TXN_112397,CUS_6463
37.43,82.59,0,1,0,111,1,0,0,CARD,INR,0,TXN_105815,CUS_3478
704.57,657.26,0,1,0,359,0,0,0,CARD,INR,0,TXN_100562,CUS_5550
146.14,89.31,0,3,0,263,0,0,0,CARD,USD,0,TXN_107555,CUS_4205
74.08,103.81,0,3,0,142,0,0,0,CARD,INR,0,TXN_104925,CUS_7445
322.09,232.89,1,4,1,812,0,0,0,CARD,USD,0,TXN_104660,CUS_1888
142.99,102.49,0,0,0,41,0,0,0,UPI,USD,0,TXN_112542,CUS_6058
67.68,80.42,0,2,0,119,0,0,0,CARD,INR,0,TXN_101551,CUS_1388
264.44,271.54,0,0,0,115,0,0,0,NET_BANKING,USD,0,TXN_114553,CUS_3185
259.95,274.04,0,4,0,108,0,0,0,CARD,INR,0,TXN_113862,CUS_8254
695.1,682.44,0,3,0,730,0,0,0,WALLET,USD,0,TXN_104153,CUS_2470
101.07,105.94,0,1,0,202,1,0,0,UPI,INR,0,TXN_109537,CUS_8668
1002.44,1001.27,0,1,1,89,0,0,0,UPI,USD,0,TXN_105109,CUS_3771
143.89,106.9,2,2,0,1091,0,0,0,CARD,INR,0,TXN_103242,CUS_5106
138.29,111.7,0,0,0,250,0,0,0,CARD,INR,0,TXN_111477,CUS_1356
156.85,112.36,0,3,0,235,0,1,0,CARD,USD,0,TXN_114022,CUS_1250
447.96,62.67,3,8,2,53,0,0,1,CARD,INR,1,TXN_113706,CUS_5106
76.44,227.63,0,0,0,700,0,0,0,WALLET,USD,0,TXN_107875,CUS_1669
124.67,148.53,0,0,1,106,0,1,0,CARD,USD,0,TXN_111974,CUS_6374
106.99,100.54,0,2,0,69,0,0,0,UPI,INR,0,TXN_100390,CUS_5363
237.95,163.76,0,1,0,82,0,0,0,NET_BANKING,INR,0,TXN_102514,CUS_3762
83.01,80.76,0,3,0,263,0,0,0,CARD,INR,0,TXN_105610,CUS_2354
5.0,161.48,0,2,0,109,0,0,0,CARD,INR,0,TXN_112145,CUS_8100
179.26,190.17,1,4,0,334,1,0,0,UPI,INR,0,TXN_113945,CUS_8225
73.12,86.63,0,2,0,50,0,1,0,CARD,INR,0,TXN_113165,CUS_5883
298.25,332.41,0,1,0,537,0,0,0,WALLET,INR,0,TXN_113712,CUS_2009
66.58,80.55,2,5,0,37,0,0,0,CARD,USD,0,TXN_114886,CUS_4910
63.35,54.32,0,1,0,324,0,0,0,WALLET,EUR,0,TXN_105579,CUS_4579
111.88,35.8,3,8,1,13,0,1,1,CARD,INR,1,TXN_103641,CUS_6843
30.51,104.92,0,2,0,546,0,0,0,CARD,USD,0,TXN_112637,CUS_2970
138.65,120.35,0,1,0,103,0,0,0,CARD,USD,0,TXN_112255,CUS_3081
95.36,59.33,1,6,0,1087,0,0,0,CARD,INR,0,TXN_106444,CUS_3311
82.68,98.18,0,2,0,874,0,0,0,UPI,USD,0,TXN_111601,CUS_7824
359.72,251.78,1,2,0,142,0,0,0,UPI,USD,0,TXN_103628,CUS_4144
156.69,103.43,0,0,1,462,0,0,0,CARD,USD,0,TXN_108867,CUS_3537
104.27,85.79,1,4,0,119,0,0,0,UPI,USD,0,TXN_111109,CUS_1088
203.72,171.26,1,2,0,209,0,1,0,CARD,INR,0,TXN_103220,CUS_4903
163.7,142.75,0,3,0,212,0,0,0,CARD,USD,0,TXN_110008,CUS_1588
37.39,83.17,0,1,0,98,0,0,0,CARD,USD,0,TXN_111661,CUS_6631
14.2,45.29,0,5,1,181,0,0,0,UPI,INR,0,TXN_113072,CUS_6463
67.56,93.67,0,1,0,220,0,0,0,CARD,INR,0,TXN_110195,CUS_7113
26.83,46.57,2,5,2,81,0,0,0,CARD,USD,0,TXN_114334,CUS_9515
30.08,79.24,0,0,0,136,0,0,0,CARD,INR,0,TXN_103704,CUS_4990
641.21,132.44,4,10,1,3,1,1,0,CARD,USD,1,TXN_105113,CUS_6410
72.31,78.05,0,4,1,272,1,1,0,WALLET,INR,0,TXN_114110,CUS_5278
41.07,39.07,0,3,0,34,1,0,0,CARD,EUR,0,TXN_103420,CUS_7915
110.52,89.32,0,7,0,95,0,0,0,CARD,INR,0,TXN_102397,CUS_4932
478.03,310.38,0,1,0,133,0,0,0,CARD,INR,0,TXN_110200,CUS_5418
168.96,137.06,0,2,0,71,0,0,0,CARD,INR,0,TXN_110889,CUS_7519
109.99,152.25,0,1,0,814,1,0,0,CARD,INR,0,TXN_103997,CUS_5077
46.05,48.37,0,4,0,144,0,0,0,UPI,USD,0,TXN_100050,CUS_5468
45.22,39.32,0,4,0,247,0,0,0,UPI,USD,0,TXN_110139,CUS_4407
127.45,138.56,0,2,0,416,0,0,0,UPI,USD,0,TXN_104817,CUS_4559
75.17,46.51,0,1,0,181,0,0,0,CARD,INR,0,TXN_109924,CUS_7503
630.37,444.37,0,1,0,182,0,0,0,CARD,INR,0,TXN_107176,CUS_8346
118.73,85.72,0,2,0,1041,0,0,0,CARD,INR,0,TXN_104641,CUS_5793
84.42,115.95,1,3,0,56,0,0,0,CARD,INR,0,TXN_110935,CUS_1733
115.74,214.45,0,5,0,173,0,0,0,CARD,INR,0,TXN_104275,CUS_7433
97.38,105.29,1,1,0,503,0,0,0,NET_BANKING,INR,0,TXN_113501,CUS_5031
57.95,60.21,2,3,0,204,0,0,0,CARD,EUR,0,TXN_109901,CUS_3117
115.4,107.85,1,2,1,465,0,0,0,CARD,EUR,0,TXN_111085,CUS_2587
154.28,223.85,0,2,1,86,0,0,0,CARD,USD,0,TXN_108450,CUS_8452
124.62,129.46,0,5,0,230,0,0,0,CARD,INR,0,TXN_100503,CUS_5023
332.15,212.89,0,1,0,453,0,0,0,CARD,INR,0,TXN_111702,CUS_5033
103.02,104.06,1,4,0,52,0,0,1,CARD,INR,0,TXN_106822,CUS_1825
45.84,48.87,0,2,1,299,0,0,0,CARD,USD,0,TXN_106498,CUS_3984
14.06,77.89,2,4,0,242,0,0,0,CARD,USD,0,TXN_112910,CUS_7427
60.55,49.16,0,4,0,95,0,0,0,CARD,INR,0,TXN_100042,CUS_8608
356.63,362.85,1,5,0,248,0,0,0,CARD,EUR,0,TXN_107128,CUS_4091
85.4,100.96,0,1,0,505,0,0,0,CARD,USD,0,TXN_112842,CUS_1661
57.06,68.18,0,2,0,66,0,0,0,CARD,USD,0,TXN_104280,CUS_2181
142.47,131.02,0,2,0,57,0,1,0,CARD,USD,0,TXN_114478,CUS_2616
150.5,155.49,1,5,0,162,0,0,0,NET_BANKING,INR,0,TXN_105865,CUS_2869
122.37,118.25,1,3,1,58,1,0,0,CARD,INR,0,TXN_105567,CUS_9056
55.94,99.44,2,4,0,352,0,0,0,CARD,INR,0,TXN_105596,CUS_9095
252.29,279.14,0,2,0,213,0,0,0,UPI,EUR,0,TXN_101425,CUS_9003
90.06,74.23,1,3,0,222,0,0,0,UPI,INR,0,TXN_111072,CUS_3351
28.45,43.13,0,6,0,348,0,0,0,CARD,USD,0,TXN_114969,CUS_5115
116.14,108.31,1,2,0,182,0,0,0,CARD,INR,0,TXN_103542,CUS_4875
48.88,38.6,1,2,0,240,0,1,0,UPI,INR,0,TXN_107200,CUS_7716
22.81,65.53,0,2,0,547,0,0,0,UPI,INR,0,TXN_112707,CUS_8733
171.37,229.17,0,4,0,780,0,0,0,CARD,EUR,0,TXN_100445,CUS_9912
446.17,348.19,0,1,0,472,0,0,0,CARD,INR,0,TXN_105132,CUS_1546
76.03,47.78,0,2,0,592,0,0,0,CARD,EUR,0,TXN_102185,CUS_6517
250.52,272.68,1,4,0,326,1,0,0,CARD,INR,0,TXN_105338,CUS_6023
158.1,121.81,1,2,1,547,0,1,0,CARD,INR,0,TXN_103313,CUS_6687
325.03,249.35,0,4,0,86,0,0,0,WALLET,USD,0,TXN_111169,CUS_5735
27.66,45.42,0,3,0,265,0,0,0,CARD,INR,0,TXN_103722,CUS_3536
91.81,313.54,0,3,0,721,0,0,0,CARD,INR,0,TXN_113081,CUS_6791
15.48,36.33,2,4,1,151,0,0,0,UPI,INR,0,TXN_108569,CUS_9377
82.99,116.05,0,3,1,33,0,0,0,CARD,INR,0,TXN_108026,CUS_1475
87.05,100.29,0,0,1,203,1,1,0,CARD,INR,0,TXN_114834,CUS_8334
68.12,137.03,1,3,0,796,0,0,0,CARD,INR,0,TXN_105096,CUS_6364
113.98,137.01,0,0,0,322,0,0,0,CARD,USD,0,TXN_109568,CUS_7247
32.73,37.39,1,5,0,133,0,0,0,CARD,USD,0,TXN_107333,CUS_4206
319.41,221.94,0,5,0,267,0,0,0,UPI,INR,0,TXN_113346,CUS_5692
197.83,173.71,0,0,0,57,1,0,0,UPI,INR,0,TXN_106683,CUS_7258
24.66,43.8,0,3,0,36,0,0,0,CARD,USD,0,TXN_102670,CUS_2496
18.28,26.4,1,1,0,343,0,1,0,NET_BANKING,USD,0,TXN_112726,CUS_3897
91.12,134.44,0,1,0,71,0,0,0,UPI,INR,0,TXN_101839,CUS_7661
129.21,100.52,0,1,0,1315,0,0,0,WALLET,INR,0,TXN_105125,CUS_4415
136.35,89.28,0,3,0,98,0,0,0,NET_BANKING,USD,0,TXN_108111,CUS_2381
56.22,35.19,0,4,0,96,0,0,0,CARD,INR,0,TXN_104857,CUS_3142
83.06,80.72,0,4,0,128,0,0,0,UPI,INR,0,TXN_112523,CUS_8584
119.27,162.02,0,1,0,198,0,0,0,CARD,INR,0,TXN_111211,CUS_5731
93.14,104.68,0,2,0,81,0,0,0,WALLET,EUR,0,TXN_113117,CUS_3389
227.91,156.23,0,4,1,59,0,0,0,UPI,INR,0,TXN_107545,CUS_8869
61.13,59.04,0,2,0,140,0,0,0,CARD,INR,0,TXN_111358,CUS_6932
116.48,81.44,1,2,0,963,0,0,0,WALLET,INR,0,TXN_102077,CUS_1958
183.15,193.85,0,4,0,264,0,0,0,UPI,INR,0,TXN_106185,CUS_5978
442.85,356.26,0,5,0,102,0,0,0,CARD,EUR,0,TXN_110506,CUS_4665
73.09,140.16,0,4,1,614,0,0,0,WALLET,INR,0,TXN_114526,CUS_3397
116.78,77.53,0,1,0,76,0,0,0,CARD,USD,0,TXN_110007,CUS_7476
24.11,40.67,0,0,0,85,0,0,0,CARD,INR,0,TXN_104085,CUS_7454
72.63,96.38,0,0,0,615,0,0,0,NET_BANKING,INR,0,TXN_110262,CUS_2894
260.14,204.43,0,5,0,662,0,0,0,CARD,USD,0,TXN_106348,CUS_8354
221.99,227.75,0,1,0,841,0,0,0,CARD,USD,0,TXN_113542,CUS_3058
39.5,60.93,1,7,0,205,0,1,0,CARD,USD,0,TXN_112888,CUS_9308
111.29,112.19,1,2,0,169,0,0,0,UPI,INR,0,TXN_104112,CUS_5287
65.7,130.56,1,1,0,299,0,0,0,WALLET,USD,0,TXN_104094,CUS_2926
128.22,103.59,2,2,1,99,0,0,0,NET_BANKING,USD,0,TXN_110979,CUS_1751
167.84,285.14,0,4,1,238,0,0,0,CARD,INR,0,TXN_104710,CUS_7064
43.54,46.1,0,1,0,809,0,0,0,CARD,USD,0,TXN_100256,CUS_5414
44.32,57.75,1,2,0,162,0,0,0,CARD,INR,0,TXN_113336,CUS_3782
206.65,149.37,1,3,0,854,0,1,0,UPI,USD,0,TXN_104611,CUS_9054
121.12,273.39,0,2,0,189,1,0,0,CARD,INR,0,TXN_114168,CUS_8243
134.13,134.81,1,2,0,546,0,0,0,CARD,USD,0,TXN_114850,CUS_6895
25.51,25.43,0,0,0,563,0,0,0,WALLET,USD,0,TXN_110327,CUS_4117
203.0,133.1,0,1,0,153,0,0,0,WALLET,INR,0,TXN_110481,CUS_4824
64.63,79.21,0,2,1,399,0,0,0,CARD,USD,0,TXN_100170,CUS_7205
64.44,69.18,0,2,2,165,0,0,0,CARD,INR,0,TXN_110875,CUS_1205
47.05,66.66,1,5,0,267,0,0,0,CARD,USD,0,TXN_109995,CUS_6692
155.48,122.12,1,5,0,108,0,0,0,NET_BANKING,INR,0,TXN_113973,CUS_6826
118.83,148.83,1,3,0,154,0,0,0,CARD,USD,0,TXN_103162,CUS_4968
100.32,67.95,1,6,0,66,0,0,0,CARD,INR,0,TXN_102192,CUS_3652
83.1,81.83,0,3,0,174,0,1,0,UPI,EUR,0,TXN_103048,CUS_5724
149.04,187.01,1,4,0,269,0,0,0,NET_BANKING,INR,0,TXN_114975,CUS_2884
55.24,47.04,1,4,0,189,0,0,0,UPI,INR,0,TXN_113362,CUS_7002
96.47,78.62,1,3,0,1074,0,1,0,WALLET,INR,0,TXN_102737,CUS_8498
38.88,67.08,0,0,0,210,0,0,0,CARD,EUR,0,TXN_108429,CUS_3965
108.53,185.16,0,0,0,62,0,1,0,UPI,INR,0,TXN_106222,CUS_4324
175.58,156.98,0,1,0,552,0,0,0,CARD,INR,0,TXN_110613,CUS_2627
93.14,85.83,0,1,1,264,0,0,0,CARD,USD,0,TXN_106835,CUS_1903
167.76,106.22,0,2,0,54,0,1,0,UPI,INR,0,TXN_109318,CUS_1443
116.47,122.83,1,4,0,436,0,0,0,CARD,INR,0,TXN_102146,CUS_2719
70.46,68.54,1,2,0,67,0,1,0,CARD,INR,0,TXN_100911,CUS_5669
60.34,51.0,0,4,0,46,0,0,0,WALLET,USD,0,TXN_106139,CUS_2721
119.27,94.11,1,4,0,439,0,0,0,UPI,USD,0,TXN_103105,CUS_4666
120.18,144.74,1,4,0,452,0,0,0,UPI,INR,0,TXN_113980,CUS_2575
42.69,120.28,3,6,0,415,0,0,0,CARD,INR,0,TXN_111973,CUS_9658
119.87,158.23,0,2,0,140,0,0,0,CARD,EUR,0,TXN_114502,CUS_4145
249.94,249.84,1,8,0,185,0,0,0,UPI,USD,0,TXN_110785,CUS_1636
167.52,150.95,0,1,0,194,0,0,0,WALLET,INR,0,TXN_113466,CUS_9445
254.95,275.84,0,0,0,217,1,0,0,CARD,USD,0,TXN_111218,CUS_3727
103.32,107.83,0,3,0,137,0,0,0,WALLET,USD,0,TXN_103543,CUS_4915
101.54,100.38,0,3,0,308,0,0,0,UPI,INR,0,TXN_113302,CUS_1249
29.42,34.84,1,2,1,392,0,0,0,CARD,INR,0,TXN_110099,CUS_8466
229.97,137.15,0,3,0,47,0,1,0,WALLET,INR,0,TXN_109368,CUS_1114
106.29,144.27,0,0,0,373,0,0,0,CARD,INR,0,TXN_112645,CUS_2773
473.57,425.61,0,10,1,68,0,0,0,CARD,INR,0,TXN_113509,CUS_3386
144.94,122.02,0,1,0,436,0,0,0,CARD,USD,0,TXN_103004,CUS_7252
48.42,61.82,1,4,1,194,0,1,0,UPI,INR,0,TXN_109467,CUS_6764
66.77,76.97,0,1,0,62,0,0,0,CARD,INR,0,TXN_114592,CUS_1601
126.44,96.31,0,3,0,135,1,0,0,CARD,USD,0,TXN_105203,CUS_2479
98.65,140.72,0,5,0,36,0,0,0,UPI,USD,0,TXN_114854,CUS_1672
54.1,62.9,1,2,0,117,0,0,0,CARD,INR,0,TXN_110140,CUS_2505
539.16,451.91,1,4,0,98,0,0,0,CARD,INR,0,TXN_109413,CUS_2613
132.03,88.03,1,5,0,60,0,0,0,CARD,INR,0,TXN_110132,CUS_1784
70.8,94.95,0,1,0,431,0,0,0,CARD,USD,0,TXN_102486,CUS_7477
61.79,59.15,0,0,0,289,0,0,0,CARD,INR,0,TXN_109705,CUS_7743
66.07,68.73,0,1,0,89,0,0,0,UPI,INR,0,TXN_101005,CUS_7613
96.33,80.64,1,1,0,389,0,1,0,CARD,USD,0,TXN_104337,CUS_3280
390.51,334.76,0,4,0,140,0,0,0,WALLET,USD,0,TXN_102659,CUS_8712
129.81,150.87,0,2,1,94,0,0,0,WALLET,USD,0,TXN_103894,CUS_7850
111.13,101.06,0,1,0,134,0,0,0,UPI,EUR,0,TXN_113385,CUS_5239
58.41,82.28,0,1,0,161,0,1,0,CARD,USD,0,TXN_108503,CUS_5813
177.74,135.34,1,2,0,43,1,0,0,CARD,EUR,0,TXN_108104,CUS_9232
246.86,147.4,0,4,0,34,1,0,0,UPI,USD,0,TXN_101266,CUS_2921
236.1,234.34,0,1,1,329,0,0,0,NET_BANKING,EUR,0,TXN_111195,CUS_5824
235.99,328.57,0,5,0,57,0,0,0,CARD,INR,0,TXN_100037,CUS_5863
169.41,128.92,0,1,0,525,0,1,0,UPI,USD,0,TXN_114284,CUS_4316
96.76,79.01,0,2,0,94,0,0,0,CARD,INR,0,TXN_114431,CUS_5277
221.6,188.03,0,3,0,399,0,0,0,CARD,USD,0,TXN_111535,CUS_5503
20.6,93.42,0,4,0,30,0,0,0,CARD,INR,0,TXN_110681,CUS_4306
321.32,236.99,2,2,0,111,0,0,0,UPI,INR,0,TXN_100882,CUS_3297
157.77,227.36,0,2,1,113,0,0,0,CARD,INR,0,TXN_100451,CUS_7691
86.81,66.21,0,3,0,53,0,0,0,CARD,INR,0,TXN_100086,CUS_8974
258.31,186.83,0,1,0,153,0,0,0,UPI,INR,0,TXN_113248,CUS_8366
351.87,439.06,1,3,0,295,0,0,0,CARD,INR,0,TXN_114091,CUS_8542
996.55,1035.1,0,1,0,46,0,0,0,UPI,INR,0,TXN_106466,CUS_8370
107.68,88.57,1,3,0,81,0,1,0,UPI,USD,0,TXN_102189,CUS_3724
108.89,203.63,0,3,0,164,0,0,0,CARD,USD,0,TXN_105377,CUS_7365
110.1,103.21,0,2,0,215,0,0,0,WALLET,INR,0,TXN_102417,CUS_7024
67.0,55.75,0,3,1,525,0,1,0,UPI,USD,0,TXN_100314,CUS_3221
67.7,66.23,2,3,0,249,0,0,0,UPI,EUR,0,TXN_103146,CUS_8896
141.7,124.39,0,2,0,309,0,0,0,WALLET,INR,0,TXN_105452,CUS_1699
11.91,59.0,1,6,0,73,0,1,0,UPI,INR,0,TXN_108473,CUS_6845
183.51,165.97,0,2,1,81,0,0,0,WALLET,USD,0,TXN_102281,CUS_3214
392.17,325.32,1,3,0,47,0,0,0,CARD,USD,0,TXN_108305,CUS_7479
51.13,77.28,0,2,0,153,0,0,0,UPI,USD,0,TXN_108130,CUS_9066
38.61,32.43,0,4,1,504,0,0,0,WALLET,INR,0,TXN_101854,CUS_1553
84.73,97.03,0,1,0,333,0,0,0,CARD,INR,0,TXN_104317,CUS_2070
299.56,201.0,1,3,1,333,0,0,0,CARD,USD,0,TXN_104288,CUS_8912
163.12,124.38,0,1,0,295,0,0,0,UPI,INR,0,TXN_102073,CUS_9390
30.8,60.68,0,5,0,540,0,0,0,CARD,USD,0,TXN_107060,CUS_6847
74.69,119.27,1,3,0,746,1,0,0,CARD,EUR,0,TXN_104697,CUS_8794
77.44,53.95,1,3,0,282,0,0,0,CARD,USD,0,TXN_102818,CUS_8681
114.07,227.76,1,5,0,60,0,0,0,CARD,USD,0,TXN_105773,CUS_9302
96.21,84.25,0,0,0,74,0,1,0,CARD,USD,0,TXN_110600,CUS_4528
211.04,211.97,0,2,0,189,0,0,0,UPI,EUR,0,TXN_110880,CUS_5546
48.91,47.83,0,1,0,42,0,0,0,CARD,USD,0,TXN_104449,CUS_2664
283.33,246.51,0,2,0,77,1,0,0,CARD,USD,0,TXN_100910,CUS_2890
47.84,46.41,0,0,0,195,0,0,0,CARD,INR,0,TXN_109383,CUS_8794
200.87,276.98,1,6,0,726,0,0,0,UPI,USD,0,TXN_114385,CUS_3408
22.4,44.66,0,4,0,206,0,0,0,WALLET,INR,0,TXN_103764,CUS_2240
112.84,109.88,1,2,0,200,0,0,0,NET_BANKING,USD,0,TXN_108491,CUS_2587
45.82,48.89,0,2,0,282,0,0,0,UPI,INR,0,TXN_108618,CUS_3647
45.03,79.19,0,1,0,113,1,0,0,CARD,INR,0,TXN_104435,CUS_8933
10.25,118.01,1,1,0,180,0,1,0,CARD,INR,0,TXN_113806,CUS_7134
28.12,50.99,0,4,0,309,0,0,0,CARD,INR,0,TXN_104909,CUS_2734
38.03,51.57,2,2,0,536,0,1,0,CARD,USD,0,TXN_102756,CUS_8407
240.17,231.94,1,3,1,392,0,0,0,UPI,INR,0,TXN_106862,CUS_1241
64.47,68.15,0,2,0,53,0,0,0,CARD,EUR,0,TXN_110947,CUS_5685
37.86,47.99,1,4,0,40,0,1,0,CARD,USD,0,TXN_103504,CUS_6081
97.48,85.09,0,1,0,205,0,0,0,NET_BANKING,INR,0,TXN_102008,CUS_3983
12.79,30.69,1,3,0,165,1,0,0,CARD,INR,0,TXN_105719,CUS_1783
285.89,303.77,0,5,0,751,0,0,0,CARD,USD,0,TXN_112215,CUS_9716
53.14,127.08,0,3,0,588,0,0,0,CARD,USD,0,TXN_113537,CUS_1360
109.06,136.18,1,2,0,80,0,0,0,CARD,INR,0,TXN_114667,CUS_8512
35.65,63.83,0,2,1,55,0,0,0,WALLET,INR,0,TXN_105856,CUS_7076
97.58,83.9,0,1,0,239,0,0,0,CARD,USD,0,TXN_107970,CUS_8102
94.89,92.54,0,1,0,301,0,0,0,CARD,INR,0,TXN_111312,CUS_9222
130.46,152.31,0,0,0,121,0,0,0,CARD,INR,0,TXN_101644,CUS_4431
68.14,72.04,0,3,0,154,0,0,0,UPI,INR,0,TXN_109718,CUS_8501
39.46,53.94,1,2,0,256,0,1,0,CARD,INR,0,TXN_107020,CUS_4235
160.06,188.5,1,3,2,242,0,0,0,CARD,INR,0,TXN_110678,CUS_6957
106.71,73.22,0,2,0,366,0,0,0,NET_BANKING,INR,0,TXN_114277,CUS_4879
48.67,75.14,0,1,0,445,0,0,0,CARD,INR,0,TXN_113769,CUS_3463
140.59,147.42,0,3,0,40,1,0,0,UPI,EUR,0,TXN_108780,CUS_6451
66.44,58.54,0,4,0,212,0,1,0,CARD,USD,0,TXN_102615,CUS_4150
106.51,156.82,2,5,1,140,0,0,0,UPI,INR,0,TXN_114788,CUS_6157
23.57,25.23,0,2,0,297,0,0,0,CARD,USD,0,TXN_113491,CUS_3353
41.89,39.26,0,2,0,65,0,0,0,NET_BANKING,USD,0,TXN_102435,CUS_4803
178.54,115.64,1,4,0,194,0,0,0,CARD,INR,0,TXN_104988,CUS_2824
42.37,51.93,0,0,0,89,0,0,0,CARD,INR,0,TXN_110987,CUS_1048
195.77,152.85,0,4,0,781,0,0,0,CARD,USD,0,TXN_112481,CUS_1476
57.47,51.46,0,2,0,488,0,0,0,CARD,INR,0,TXN_108038,CUS_1279
352.78,237.24,0,6,0,253,0,0,0,CARD,INR,0,TXN_104442,CUS_8188
50.21,70.04,1,2,0,220,0,0,0,WALLET,USD,0,TXN_102369,CUS_4114
103.11,113.91,1,4,0,43,0,0,0,UPI,USD,0,TXN_110919,CUS_6099
95.58,87.96,1,6,0,198,1,0,0,WALLET,USD,0,TXN_107863,CUS_1397
4889.82,270.64,4,14,0,41,1,1,2,CARD,EUR,1,TXN_106117,CUS_1139
48.61,42.21,0,1,0,60,0,0,0,CARD,USD,0,TXN_107094,CUS_3469
53.38,104.95,1,5,0,353,0,0,0,NET_BANKING,INR,0,TXN_105295,CUS_8318
97.35,111.74,0,3,0,494,0,0,0,WALLET,INR,0,TXN_100889,CUS_3321
240.92,234.36,1,2,0,218,0,0,0,NET_BANKING,USD,0,TXN_105298,CUS_6291
128.28,215.97,0,3,0,557,0,0,0,UPI,INR,0,TXN_110294,CUS_9690
69.83,68.45,0,2,0,967,1,0,1,UPI,EUR,0,TXN_104881,CUS_2732
34.73,32.34,1,3,1,488,0,0,0,WALLET,USD,0,TXN_105520,CUS_9671
112.74,116.22,3,4,0,188,0,0,0,WALLET,INR,0,TXN_102481,CUS_5979
76.78,94.36,0,2,0,153,0,0,0,CARD,USD,0,TXN_103167,CUS_9128
141.98,156.42,0,0,0,166,0,0,0,UPI,EUR,0,TXN_106221,CUS_2531
48.57,63.58,1,2,0,74,0,0,0,CARD,INR,0,TXN_107405,CUS_2387
133.8,106.11,0,3,0,101,0,0,0,UPI,INR,0,TXN_108490,CUS_7569
114.55,86.19,0,3,0,35,0,0,0,CARD,INR,0,TXN_104381,CUS_5141
87.79,63.91,0,2,0,300,1,1,0,CARD,USD,0,TXN_108802,CUS_4662
65.13,59.52,1,1,1,96,0,1,0,UPI,INR,0,TXN_106505,CUS_5988
453.35,312.7,0,1,0,41,0,1,0,CARD,INR,0,TXN_112256,CUS_2132
213.92,116.6,0,4,0,315,0,1,0,UPI,INR,0,TXN_108195,CUS_1759
113.64,86.07,0,1,0,462,0,0,0,CARD,INR,0,TXN_114856,CUS_8154
47.71,43.6,0,4,0,734,0,0,0,CARD,INR,0,TXN_107645,CUS_5022
299.5,299.52,0,2,0,373,0,0,0,CARD,EUR,0,TXN_107562,CUS_3547
619.31,350.46,0,2,0,64,0,1,0,CARD,USD,0,TXN_101494,CUS_5267
184.25,187.72,0,1,0,62,1,0,0,UPI,INR,0,TXN_106944,CUS_3900
166.16,169.88,0,0,0,335,0,0,0,CARD,INR,0,TXN_101296,CUS_1320
123.62,131.96,0,4,0,101,0,0,0,CARD,USD,0,TXN_111766,CUS_6163
43.77,60.75,0,0,0,918,0,0,0,UPI,INR,0,TXN_102325,CUS_9422
115.34,200.78,0,3,0,38,1,0,0,UPI,USD,0,TXN_100701,CUS_8898
52.13,133.18,0,5,1,31,0,0,0,NET_BANKING,INR,0,TXN_101873,CUS_4954
67.13,52.88,1,4,0,846,0,0,0,UPI,EUR,0,TXN_108306,CUS_9983
81.59,53.79,1,3,0,79,0,0,0,CARD,INR,0,TXN_106804,CUS_4744
48.71,39.2,0,1,0,47,0,0,0,CARD,USD,0,TXN_114641,CUS_5949
157.13,160.09,0,1,0,455,0,0,0,CARD,INR,0,TXN_104812,CUS_4877
54.58,76.66,1,4,0,50,0,0,0,UPI,INR,0,TXN_102488,CUS_7236
89.44,53.56,0,1,0,102,0,0,0,CARD,INR,0,TXN_102248,CUS_9249
390.0,232.8,0,3,0,481,0,0,0,CARD,USD,0,TXN_112534,CUS_1843
38.37,49.11,0,3,0,47,0,1,0,UPI,USD,0,TXN_100145,CUS_2841
121.08,145.0,0,0,0,106,0,0,0,WALLET,INR,0,TXN_114090,CUS_6849
50.94,79.37,0,2,0,95,0,0,0,CARD,USD,0,TXN_102166,CUS_7232
35.84,33.97,0,2,1,135,0,1,0,WALLET,INR,0,TXN_104846,CUS_4544
42.19,56.82,1,9,0,351,0,0,0,CARD,EUR,0,TXN_106865,CUS_1194
66.55,47.84,0,0,0,190,0,0,0,CARD,INR,0,TXN_108738,CUS_7852
92.67,94.33,1,2,0,123,0,0,0,NET_BANKING,INR,0,TXN_105698,CUS_7411
31.46,39.83,0,0,0,334,0,0,0,CARD,USD,0,TXN_109400,CUS_4869
84.28,54.27,0,2,0,524,0,1,0,NET_BANKING,USD,0,TXN_110259,CUS_5205
55.44,47.2,0,2,0,95,0,0,0,UPI,INR,0,TXN_104382,CUS_8587
72.86,100.57,1,6,0,93,0,0,0,UPI,USD,0,TXN_112788,CUS_1082
282.67,267.6,1,6,0,122,0,0,0,UPI,INR,0,TXN_106698,CUS_3986
129.05,98.49,0,3,0,96,0,0,0,CARD,INR,0,TXN_112092,CUS_3892
22.39,41.35,0,2,0,115,0,0,0,UPI,INR,0,TXN_100184,CUS_5219
115.05,123.09,0,0,0,187,0,0,0,CARD,USD,0,TXN_110014,CUS_6301
428.24,330.1,1,2,1,232,0,0,0,CARD,INR,0,TXN_105824,CUS_5767
63.92,86.52,0,3,0,299,0,0,0,UPI,EUR,0,TXN_101067,CUS_6071
55.55,54.99,1,3,0,87,0,0,0,CARD,INR,0,TXN_104357,CUS_2041
103.78,117.57,0,7,0,246,1,0,0,CARD,INR,0,TXN_101949,CUS_7956
123.09,121.75,0,5,0,91,0,0,0,UPI,INR,0,TXN_108644,CUS_7762
232.58,231.53,0,2,0,143,0,0,0,UPI,INR,0,TXN_103284,CUS_1203
115.07,223.14,0,3,1,95,0,0,0,WALLET,USD,0,TXN_105470,CUS_4443
764.77,608.64,2,5,0,35,0,0,0,UPI,USD,0,TXN_100504,CUS_1739
51.62,55.63,1,5,1,46,0,0,0,CARD,USD,0,TXN_108478,CUS_4072
215.53,228.97,1,3,0,202,0,1,0,UPI,INR,0,TXN_100691,CUS_6494
137.54,111.39,0,3,0,37,0,0,0,CARD,INR,0,TXN_108642,CUS_5043
31.83,48.26,0,1,0,412,0,0,0,NET_BANKING,INR,0,TXN_104689,CUS_9595
171.32,162.2,1,2,0,690,1,0,0,WALLET,INR,0,TXN_110731,CUS_8258
56.74,55.04,0,2,0,156,0,0,0,WALLET,INR,0,TXN_101648,CUS_8585
30.46,50.54,0,4,0,511,0,0,0,CARD,USD,0,TXN_112908,CUS_6869
144.92,122.72,0,2,0,573,0,0,0,CARD,INR,0,TXN_109249,CUS_1973
127.82,136.82,0,0,0,608,0,0,0,NET_BANKING,INR,0,TXN_103501,CUS_7612
69.33,84.96,1,3,0,78,0,0,0,CARD,INR,0,TXN_110450,CUS_8823
350.66,387.95,0,2,0,44,0,0,0,CARD,EUR,0,TXN_100442,CUS_6961
57.36,66.05,0,1,1,58,1,0,0,UPI,INR,0,TXN_114411,CUS_3923
76.63,108.93,0,2,0,43,0,1,0,UPI,INR,0,TXN_110370,CUS_9771
87.4,193.44,0,5,0,734,0,0,0,UPI,USD,0,TXN_111076,CUS_8952
211.35,188.42,1,3,0,467,0,1,0,CARD,USD,0,TXN_109992,CUS_6378
105.35,197.37,0,0,0,163,0,0,0,CARD,EUR,0,TXN_108361,CUS_5793
257.82,282.72,0,2,0,248,0,1,0,CARD,USD,0,TXN_114204,CUS_4782
265.1,395.78,0,2,0,172,0,0,1,UPI,EUR,0,TXN_104668,CUS_5131
28.78,41.3,0,1,0,307,0,0,0,CARD,USD,0,TXN_101462,CUS_6674
91.79,56.37,2,4,0,88,0,0,0,CARD,INR,0,TXN_108359,CUS_9706
252.59,198.83,0,1,0,534,0,0,0,CARD,USD,0,TXN_104048,CUS_1706
158.5,148.56,1,2,0,186,0,0,0,CARD,INR,0,TXN_104248,CUS_5851
44.3,65.85,0,1,0,131,0,0,0,CARD,INR,0,TXN_103676,CUS_2355
101.35,121.12,0,1,0,71,0,0,0,WALLET,INR,0,TXN_111050,CUS_4778
79.94,105.26,0,4,0,202,1,0,0,CARD,INR,0,TXN_104103,CUS_4745
1202.45,193.14,5,8,2,152,1,1,1,CARD,EUR,1,TXN_106122,CUS_1661
110.78,112.2,0,2,0,56,0,1,0,CARD,USD,0,TXN_110482,CUS_6009
171.61,122.82,0,1,0,1675,0,0,0,CARD,INR,0,TXN_106819,CUS_2693
93.84,73.4,0,3,0,290,0,0,0,CARD,USD,0,TXN_112021,CUS_8827
195.02,187.16,0,2,0,47,0,1,0,UPI,INR,0,TXN_100273,CUS_5790
38.2,50.11,0,4,0,567,0,0,0,CARD,EUR,0,TXN_114691,CUS_2788
55.48,89.52,0,2,0,941,0,0,0,CARD,USD,0,TXN_111594,CUS_6912
110.61,111.15,0,6,0,627,0,0,0,CARD,INR,0,TXN_112563,CUS_9185
19.16,36.21,0,4,0,461,0,0,0,UPI,INR,0,TXN_108699,CUS_5540
111.87,136.63,0,1,0,421,1,1,0,CARD,INR,0,TXN_113627,CUS_2959
48.77,46.2,0,1,0,250,1,1,0,CARD,INR,0,TXN_108627,CUS_2317
91.22,61.89,0,3,0,508,0,0,0,UPI,INR,0,TXN_106206,CUS_2903
106.15,100.55,0,1,0,423,0,0,0,WALLET,INR,0,TXN_113520,CUS_6942
50.55,79.9,0,3,1,160,0,0,0,WALLET,INR,0,TXN_104348,CUS_6669
331.06,267.76,0,2,1,119,0,1,0,UPI,INR,0,TXN_102603,CUS_4035
18.92,33.1,0,6,0,113,0,0,0,CARD,USD,0,TXN_107891,CUS_7877
275.18,273.82,0,1,0,1300,1,0,0,CARD,INR,0,TXN_111434,CUS_3555
61.52,56.18,2,5,0,58,0,0,0,CARD,USD,0,TXN_112348,CUS_8582
42.23,37.69,0,2,0,186,0,0,0,UPI,INR,0,TXN_111746,CUS_3126
58.1,184.75,0,1,0,206,0,0,0,WALLET,USD,0,TXN_111641,CUS_6028
89.44,102.34,1,2,0,43,0,0,0,UPI,USD,0,TXN_114515,CUS_1319
60.92,43.67,0,3,0,103,0,0,0,CARD,INR,0,TXN_114660,CUS_3190
105.87,73.66,2,5,0,64,0,0,0,CARD,INR,0,TXN_110166,CUS_5950
45.41,38.28,0,1,0,778,1,0,0,UPI,INR,0,TXN_114664,CUS_2444
115.2,102.44,0,3,0,116,0,0,0,CARD,INR,0,TXN_113010,CUS_7083
135.85,236.15,1,4,0,363,0,0,0,CARD,EUR,0,TXN_107922,CUS_2529
74.03,98.86,1,1,0,335,0,0,0,UPI,INR,0,TXN_113827,CUS_5507
76.53,56.13,0,3,0,131,0,1,0,UPI,USD,0,TXN_108537,CUS_2571
110.86,101.35,0,0,0,284,0,0,0,UPI,INR,0,TXN_102828,CUS_8232
67.99,89.93,0,2,0,355,0,0,0,NET_BANKING,USD,0,TXN_104217,CUS_4897
75.78,56.01,0,2,1,127,0,0,0,CARD,USD,0,TXN_104271,CUS_5977
313.41,207.66,0,0,0,241,0,0,0,CARD,USD,0,TXN_103092,CUS_8046
64.3,74.86,1,3,1,98,0,0,0,CARD,USD,0,TXN_102900,CUS_7074
99.27,56.72,0,3,1,68,0,0,0,CARD,INR,0,TXN_108574,CUS_9158
292.2,370.23,0,1,0,536,0,0,0,UPI,INR,0,TXN_113167,CUS_6567
77.07,77.11,0,0,0,47,0,0,0,CARD,EUR,0,TXN_101078,CUS_5963
34.82,32.42,0,2,0,231,0,0,0,CARD,USD,0,TXN_109773,CUS_5338
69.81,103.53,0,3,1,285,0,0,0,NET_BANKING,EUR,0,TXN_108419,CUS_8019
27.18,104.58,0,5,0,597,0,0,0,NET_BANKING,USD,0,TXN_112094,CUS_6811
37.89,33.33,1,2,0,123,0,0,0,CARD,USD,0,TXN_112316,CUS_4521
15.36,21.11,0,2,0,125,0,0,0,CARD,USD,0,TXN_107203,CUS_7914
65.96,52.45,0,4,1,128,0,0,0,CARD,INR,0,TXN_103149,CUS_8151
56.55,111.28,0,2,0,610,0,0,0,CARD,INR,0,TXN_102348,CUS_5511
54.16,38.72,1,2,0,75,0,0,0,UPI,USD,0,TXN_104892,CUS_5798
40.38,135.17,0,4,1,37,0,1,0,NET_BANKING,INR,0,TXN_104844,CUS_8779
69.56,60.89,0,3,1,52,1,0,0,UPI,EUR,0,TXN_111562,CUS_4883
51.15,81.46,1,4,1,120,0,0,0,UPI,INR,0,TXN_103290,CUS_6057
228.09,187.68,2,6,0,227,0,0,0,WALLET,EUR,0,TXN_108172,CUS_5231
56.56,114.81,2,2,0,452,0,0,0,CARD,INR,0,TXN_105303,CUS_3857
49.08,97.78,2,3,0,555,0,0,0,CARD,INR,0,TXN_109504,CUS_9322
60.15,32.8,1,3,0,286,0,0,0,WALLET,USD,0,TXN_109948,CUS_7240
176.71,127.28,1,5,0,279,0,0,0,UPI,USD,0,TXN_103109,CUS_2278
15.43,28.13,0,0,1,583,1,0,0,UPI,USD,0,TXN_108226,CUS_7987
17.15,29.71,0,3,0,683,0,0,0,CARD,INR,0,TXN_111309,CUS_2146
201.13,204.61,0,1,0,173,1,0,0,CARD,INR,0,TXN_109782,CUS_9810
170.32,118.95,0,1,0,175,0,0,0,CARD,EUR,0,TXN_101451,CUS_5901
192.53,391.18,0,3,0,106,0,0,0,CARD,INR,0,TXN_114186,CUS_2549
99.83,82.69,0,4,0,40,0,0,0,CARD,INR,0,TXN_110646,CUS_7388
64.58,60.37,1,4,0,259,0,0,0,CARD,USD,0,TXN_105619,CUS_5870
1009.99,117.87,3,8,3,7,1,1,0,CARD,USD,1,TXN_112202,CUS_1903
137.13,125.28,0,2,0,112,0,0,1,CARD,INR,0,TXN_107297,CUS_2666
61.77,52.74,1,1,0,195,0,0,0,CARD,USD,0,TXN_114563,CUS_7647
54.13,22.41,4,4,4,65,0,1,1,CARD,USD,1,TXN_106926,CUS_7900
48.48,45.14,0,2,0,277,1,0,0,CARD,USD,0,TXN_105661,CUS_4776
91.3,136.88,1,2,0,207,0,0,0,CARD,USD,0,TXN_114233,CUS_4566
147.97,154.37,0,3,0,269,1,0,0,CARD,INR,0,TXN_110881,CUS_5619
21.52,28.65,1,2,0,202,0,0,0,UPI,INR,0,TXN_114570,CUS_3492
98.78,89.6,0,1,0,217,0,0,0,WALLET,USD,0,TXN_112341,CUS_7106
158.27,118.77,0,0,0,60,0,0,0,CARD,EUR,0,TXN_112792,CUS_1592
88.13,75.82,0,1,0,469,0,1,0,CARD,INR,0,TXN_107391,CUS_9009
88.57,82.4,0,1,0,226,0,0,0,NET_BANKING,INR,0,TXN_103072,CUS_1495
367.25,216.57,0,1,0,142,0,0,0,CARD,INR,0,TXN_103391,CUS_6076
285.36,442.06,2,4,0,1079,0,0,0,WALLET,INR,0,TXN_104401,CUS_2158
126.55,130.65,1,2,0,646,0,0,0,UPI,INR,0,TXN_107991,CUS_4754
110.32,92.18,0,1,0,66,0,0,0,UPI,INR,0,TXN_101257,CUS_2131
298.57,251.27,1,4,0,70,0,0,0,UPI,USD,0,TXN_114496,CUS_3412
61.48,75.4,0,2,0,121,0,0,0,CARD,INR,0,TXN_101454,CUS_8090
25.96,63.03,0,4,0,86,0,0,0,UPI,USD,0,TXN_105724,CUS_4030
293.52,246.25,0,4,0,190,0,0,0,CARD,INR,0,TXN_114978,CUS_3469
55.42,69.02,1,2,0,220,0,0,0,CARD,INR,0,TXN_110395,CUS_6076
36.53,48.66,0,0,0,170,1,0,0,CARD,INR,0,TXN_104961,CUS_9316
507.48,358.69,0,3,1,310,0,0,0,WALLET,INR,0,TXN_113277,CUS_2017
95.79,131.57,0,1,0,901,0,0,0,UPI,USD,0,TXN_102061,CUS_8099
277.03,179.89,0,3,0,99,1,1,0,CARD,INR,0,TXN_110864,CUS_5463
100.53,109.17,0,7,0,127,0,0,0,NET_BANKING,INR,0,TXN_112311,CUS_4303
218.38,179.34,1,4,0,301,1,0,0,UPI,INR,0,TXN_100224,CUS_8010
137.75,83.52,1,2,0,443,0,0,0,CARD,INR,0,TXN_101723,CUS_3173
36.95,39.28,0,2,0,293,0,0,0,CARD,INR,0,TXN_107511,CUS_7284
126.08,141.82,0,1,0,64,0,0,0,CARD,USD,0,TXN_112346,CUS_6464
24.46,33.48,0,2,0,383,0,0,0,CARD,INR,0,TXN_107290,CUS_8941
124.39,119.92,0,1,0,196,0,0,0,CARD,INR,0,TXN_107577,CUS_5492
259.83,280.27,0,2,0,136,1,0,0,UPI,INR,0,TXN_103246,CUS_1183
608.35,450.62,1,2,0,186,0,0,0,CARD,INR,0,TXN_107982,CUS_9525
32.58,64.24,0,3,1,441,0,0,0,UPI,INR,0,TXN_109509,CUS_5232
101.79,120.09,0,4,0,79,0,0,0,UPI,USD,0,TXN_102182,CUS_1346
42.26,65.3,0,6,0,104,0,0,0,UPI,INR,0,TXN_101981,CUS_5915
69.94,115.62,0,3,0,460,0,0,0,CARD,INR,0,TXN_113048,CUS_1175
35.1,64.5,0,1,0,156,0,0,0,UPI,USD,0,TXN_109127,CUS_3349
61.68,88.23,1,3,0,391,0,0,0,CARD,EUR,0,TXN_103779,CUS_6039
131.94,87.09,1,2,0,554,0,0,0,CARD,USD,0,TXN_112162,CUS_7934
190.18,182.06,0,3,0,75,1,0,0,CARD,USD,0,TXN_105643,CUS_7045
242.05,28.04,3,7,0,21,1,1,0,CARD,USD,1,TXN_107611,CUS_9096
205.52,436.18,0,1,0,267,0,0,0,NET_BANKING,EUR,0,TXN_111093,CUS_1888
85.61,64.98,0,1,0,94,0,0,0,UPI,INR,0,TXN_111139,CUS_8973
61.4,84.99,0,1,1,84,0,0,0,CARD,EUR,0,TXN_108603,CUS_1764
180.43,200.26,0,2,0,59,0,0,0,UPI,USD,0,TXN_112335,CUS_5040
79.29,108.63,0,4,0,496,0,0,0,CARD,USD,0,TXN_106825,CUS_9106
68.96,91.08,0,2,0,515,0,0,0,UPI,USD,0,TXN_110068,CUS_6647
60.23,56.41,0,2,0,289,0,1,0,CARD,USD,0,TXN_107258,CUS_8754
36.41,50.85,1,2,1,170,0,0,0,UPI,INR,0,TXN_102088,CUS_8207
231.14,196.72,0,3,0,160,0,0,0,UPI,EUR,0,TXN_114463,CUS_1192
54.95,56.5,2,3,0,227,0,0,0,CARD,INR,0,TXN_111000,CUS_2554
1.14,31.96,5,10,2,63,1,1,0,CARD,INR,1,TXN_112815,CUS_8668
194.45,145.1,0,1,0,1933,0,0,0,CARD,EUR,0,TXN_104266,CUS_7784
81.61,67.14,0,1,0,636,0,0,0,CARD,EUR,0,TXN_102295,CUS_1205
56.2,60.69,0,1,0,1859,0,0,0,UPI,INR,0,TXN_100000,CUS_8211
3919.76,233.93,4,7,1,2,1,0,0,NET_BANKING,INR,1,TXN_107129,CUS_5845
49.41,54.04,2,9,0,59,0,0,0,UPI,EUR,0,TXN_114384,CUS_1389
72.96,71.76,0,2,0,157,0,0,0,UPI,USD,0,TXN_114143,CUS_3659
123.41,79.99,1,3,0,151,0,0,0,NET_BANKING,INR,0,TXN_101770,CUS_9920
846.45,552.26,0,4,0,58,0,0,0,UPI,INR,0,TXN_110857,CUS_4787
185.58,328.27,1,4,0,241,0,0,0,CARD,INR,0,TXN_109693,CUS_5611
193.79,151.72,0,3,0,1631,0,0,0,UPI,USD,0,TXN_102743,CUS_6481
136.06,103.7,1,4,0,293,0,0,0,NET_BANKING,USD,0,TXN_105513,CUS_8816
50.48,39.84,0,2,0,80,0,0,0,CARD,INR,0,TXN_106371,CUS_6167
33.11,30.47,0,2,0,82,0,0,0,CARD,INR,0,TXN_102564,CUS_9073
64.55,52.09,1,5,1,85,0,0,0,CARD,USD,0,TXN_109384,CUS_9582
99.18,55.9,0,2,0,464,0,0,0,CARD,INR,0,TXN_109137,CUS_3148
100.93,173.17,1,2,0,57,0,0,0,CARD,USD,0,TXN_107774,CUS_4531
293.77,229.14,2,5,0,89,1,0,0,UPI,INR,0,TXN_101423,CUS_4602
145.05,95.05,0,3,0,244,0,1,0,CARD,USD,0,TXN_107483,CUS_7147
91.84,66.94,0,5,0,527,0,0,0,NET_BANKING,INR,0,TXN_105672,CUS_2684
46.81,34.79,1,2,0,261,0,1,0,NET_BANKING,USD,0,TXN_105554,CUS_2687
165.52,132.03,2,4,0,417,0,0,0,CARD,USD,0,TXN_111232,CUS_9241
277.23,225.34,1,3,0,119,0,0,0,CARD,INR,0,TXN_109102,CUS_6103
77.84,74.1,0,4,0,653,0,0,0,CARD,USD,0,TXN_108178,CUS_2968
53.68,76.21,0,4,0,304,0,0,0,WALLET,INR,0,TXN_114288,CUS_4318
52.74,60.6,1,7,0,157,0,0,0,CARD,INR,0,TXN_103867,CUS_1087
71.2,65.07,0,2,0,305,0,0,0,CARD,INR,0,TXN_108745,CUS_5581
132.41,204.64,0,3,0,38,0,0,0,UPI,USD,0,TXN_103277,CUS_5024
47.63,45.34,1,2,0,246,0,0,0,WALLET,INR,0,TXN_112285,CUS_4175
223.92,174.88,0,4,0,1104,0,0,0,UPI,INR,0,TXN_105282,CUS_2062
268.0,688.31,0,2,0,189,0,0,0,CARD,INR,0,TXN_105348,CUS_9924
112.0,120.59,1,1,0,232,0,0,0,CARD,INR,0,TXN_112353,CUS_5542
194.59,191.35,1,4,0,50,0,0,0,CARD,INR,0,TXN_114889,CUS_5242
70.04,89.02,0,1,0,47,1,0,0,CARD,INR,0,TXN_108378,CUS_5562
158.16,81.88,0,0,0,132,0,0,0,UPI,USD,0,TXN_105568,CUS_1483
79.33,118.05,1,3,0,99,0,0,0,UPI,INR,0,TXN_101553,CUS_9314
63.93,75.43,1,2,0,41,0,1,0,CARD,INR,0,TXN_112181,CUS_2861
8.26,42.51,0,0,0,85,0,0,0,UPI,USD,0,TXN_108927,CUS_8910
68.86,104.72,0,2,1,116,0,0,0,CARD,INR,0,TXN_108145,CUS_7221
115.13,133.33,1,2,0,834,0,0,0,CARD,EUR,0,TXN_100777,CUS_8835
26.29,28.48,1,1,0,333,1,0,0,CARD,USD,0,TXN_108760,CUS_8141
48.59,52.82,0,0,0,845,1,0,0,UPI,INR,0,TXN_114037,CUS_7536
263.75,293.44,1,3,0,94,0,0,0,CARD,EUR,0,TXN_109427,CUS_1380
58.56,35.65,0,3,0,542,0,0,0,CARD,INR,0,TXN_107605,CUS_7393
153.59,145.76,0,1,0,186,0,0,0,CARD,EUR,0,TXN_106131,CUS_8667
135.41,110.44,0,0,0,608,0,0,0,UPI,USD,0,TXN_104137,CUS_2784
115.6,85.87,1,3,1,68,0,1,0,CARD,INR,0,TXN_114658,CUS_2328
129.83,107.64,0,3,0,688,0,0,0,CARD,INR,0,TXN_100605,CUS_1925
103.68,108.04,0,2,0,194,0,1,0,CARD,EUR,0,TXN_104897,CUS_1080
61.53,68.76,0,3,0,88,0,0,0,UPI,USD,0,TXN_110470,CUS_4289
190.84,138.16,0,3,0,983,0,0,0,UPI,USD,0,TXN_109022,CUS_7151
14.13,38.52,0,3,0,53,1,0,0,CARD,USD,0,TXN_102472,CUS_4745
244.34,195.88,2,5,0,60,0,0,0,UPI,INR,0,TXN_100932,CUS_4028
79.42,89.03,0,4,0,84,1,0,0,CARD,INR,0,TXN_111861,CUS_1970
1091.29,120.61,5,8,4,14,1,0,0,CARD,USD,1,TXN_105800,CUS_1591
81.11,65.39,0,2,0,45,0,0,0,CARD,USD,0,TXN_111115,CUS_6952
122.52,92.79,0,1,0,244,0,0,0,UPI,INR,0,TXN_102465,CUS_9743
25.07,37.26,1,2,0,52,0,0,0,NET_BANKING,USD,0,TXN_109347,CUS_1760
43.51,32.34,1,3,0,110,0,0,0,NET_BANKING,INR,0,TXN_112652,CUS_8229
57.82,33.78,1,3,0,1168,0,0,0,CARD,INR,0,TXN_104379,CUS_7114
231.44,311.94,1,2,0,215,0,0,0,WALLET,EUR,0,TXN_114581,CUS_6975
193.95,159.99,1,3,0,334,0,1,0,UPI,USD,0,TXN_112185,CUS_5525
387.9,316.86,0,4,0,161,0,0,0,CARD,INR,0,TXN_104992,CUS_9906
63.54,60.85,0,1,0,66,1,0,0,UPI,USD,0,TXN_111981,CUS_9438
141.03,151.32,0,2,1,45,0,0,0,NET_BANKING,INR,0,TXN_101097,CUS_8641
41.29,70.7,0,1,0,87,0,1,0,CARD,INR,0,TXN_109683,CUS_9010
52.22,33.83,0,3,1,34,0,1,0,WALLET,INR,0,TXN_109132,CUS_3870
77.91,214.8,1,3,0,213,0,1,0,UPI,INR,0,TXN_113178,CUS_1396
243.84,145.33,0,3,0,38,0,0,0,CARD,USD,0,TXN_103168,CUS_9383
444.27,340.56,1,5,0,171,0,1,0,UPI,USD,0,TXN_112897,CUS_6853
990.82,83.96,3,10,2,50,1,1,1,CARD,INR,1,TXN_110440,CUS_3702
286.17,373.38,0,1,1,258,1,0,0,CARD,INR,0,TXN_108355,CUS_6596
106.93,81.57,2,5,0,414,0,0,0,UPI,INR,0,TXN_109164,CUS_7040
99.62,69.7,1,3,0,202,0,0,0,UPI,INR,0,TXN_103772,CUS_3588
25.16,67.93,1,3,0,158,0,0,0,CARD,INR,0,TXN_100534,CUS_3041
140.73,125.77,0,1,0,116,0,0,0,WALLET,INR,0,TXN_100089,CUS_1839
264.31,174.27,0,2,0,481,0,0,0,UPI,USD,0,TXN_104874,CUS_4205
293.65,180.96,1,3,0,41,0,0,0,CARD,USD,0,TXN_112651,CUS_2342
161.49,82.18,0,1,0,53,0,0,0,UPI,USD,0,TXN_105888,CUS_6819
57.27,72.11,0,1,0,786,0,1,0,UPI,USD,0,TXN_102449,CUS_4621
258.52,161.45,0,3,0,148,0,0,0,NET_BANKING,INR,0,TXN_114727,CUS_2561
145.82,105.55,0,1,0,98,0,0,0,NET_BANKING,USD,0,TXN_114124,CUS_4288
111.9,110.02,0,3,0,32,0,0,0,CARD,USD,0,TXN_104101,CUS_7851
25.27,46.34,0,3,0,1184,0,0,0,CARD,USD,0,TXN_112655,CUS_8371
53.97,50.26,1,3,0,77,0,0,0,UPI,USD,0,TXN_101536,CUS_4230
311.08,293.97,0,2,0,197,0,0,0,UPI,INR,0,TXN_112818,CUS_1510
164.34,130.72,0,1,0,325,0,0,0,CARD,INR,0,TXN_109259,CUS_3148
45.89,41.86,0,1,0,57,0,0,0,UPI,INR,0,TXN_102251,CUS_6673
226.65,323.14,0,6,0,374,0,0,0,UPI,INR,0,TXN_109471,CUS_5446
702.61,636.95,1,3,0,142,0,0,0,UPI,INR,0,TXN_108980,CUS_3370
63.56,91.84,1,3,0,244,0,0,0,NET_BANKING,INR,0,TXN_102539,CUS_2290
731.56,55.41,7,7,2,11,1,1,1,CARD,USD,1,TXN_114259,CUS_2385
54.12,75.11,0,6,0,133,0,0,0,CARD,INR,0,TXN_100863,CUS_8646
65.97,53.1,0,1,0,294,0,1,0,WALLET,USD,0,TXN_109593,CUS_8213
74.55,51.5,0,2,0,380,0,0,0,WALLET,USD,0,TXN_113557,CUS_3558
63.75,56.97,0,0,0,437,0,1,0,WALLET,USD,0,TXN_102857,CUS_1622
62.95,45.2,1,5,0,40,0,0,0,NET_BANKING,INR,0,TXN_101739,CUS_8791
202.62,204.31,1,4,0,668,0,1,0,NET_BANKING,INR,0,TXN_113984,CUS_9369
111.59,84.62,1,2,0,169,0,1,0,CARD,INR,0,TXN_107106,CUS_9741
256.31,233.1,0,2,1,121,0,0,0,CARD,INR,0,TXN_107648,CUS_2203
114.65,120.94,0,4,0,232,0,1,0,CARD,INR,0,TXN_107915,CUS_1324
112.95,132.5,0,1,0,86,0,0,0,UPI,INR,0,TXN_109869,CUS_2712
2570.23,349.49,3,9,1,43,1,1,1,CARD,INR,1,TXN_105489,CUS_7376
99.38,128.11,0,4,0,577,0,0,0,CARD,INR,0,TXN_106507,CUS_3557
43.92,35.88,0,2,1,537,0,0,0,WALLET,EUR,0,TXN_108953,CUS_7769
188.16,195.16,1,1,0,223,0,0,0,UPI,USD,0,TXN_106196,CUS_4687
137.25,15.7,8,8,4,44,1,1,1,WALLET,USD,1,TXN_109309,CUS_2496
188.96,192.03,0,3,0,397,1,0,0,UPI,INR,0,TXN_103206,CUS_1166
79.79,79.74,1,2,0,57,0,0,0,UPI,INR,0,TXN_105525,CUS_1164
124.54,150.43,0,1,0,87,0,0,0,UPI,INR,0,TXN_110280,CUS_4176
300.33,220.38,0,0,1,249,0,1,0,CARD,INR,0,TXN_105747,CUS_8590
36.8,34.45,1,5,1,119,0,0,0,CARD,INR,0,TXN_104499,CUS_8453
52.27,88.63,0,2,0,273,0,0,0,NET_BANKING,INR,0,TXN_105326,CUS_2335
88.14,67.29,0,3,0,591,0,0,0,WALLET,USD,0,TXN_102747,CUS_8911
45.0,56.89,0,1,0,147,0,0,0,UPI,USD,0,TXN_114149,CUS_7120
37.22,46.73,1,2,0,96,0,0,0,CARD,INR,0,TXN_108181,CUS_4790
168.16,117.98,0,6,0,209,0,0,0,UPI,USD,0,TXN_108995,CUS_6543
210.42,190.57,0,2,0,456,0,0,0,CARD,INR,0,TXN_104402,CUS_6771
242.21,178.21,0,0,0,65,0,1,0,CARD,USD,0,TXN_108374,CUS_5938
124.86,84.5,1,5,0,138,0,0,0,UPI,USD,0,TXN_109272,CUS_4835
222.36,198.21,0,2,0,178,0,0,0,UPI,USD,0,TXN_110374,CUS_6332
94.82,97.64,0,0,0,390,0,0,0,UPI,INR,0,TXN_105788,CUS_4612
707.82,460.5,1,3,0,243,0,0,0,UPI,INR,0,TXN_101670,CUS_7627
99.32,171.64,1,1,0,43,0,1,0,WALLET,INR,0,TXN_102286,CUS_7844
53.76,48.38,0,1,1,38,0,0,0,UPI,EUR,0,TXN_104005,CUS_3557
97.34,119.32,0,2,0,183,0,0,0,CARD,USD,0,TXN_108190,CUS_8281
152.35,195.05,1,2,1,392,0,1,0,UPI,USD,0,TXN_112196,CUS_1902
13.3,23.89,0,0,0,351,0,0,0,CARD,INR,0,TXN_113416,CUS_3791
143.01,103.22,1,4,0,44,0,0,0,UPI,INR,0,TXN_103759,CUS_7084
84.47,142.27,0,2,0,1256,0,0,0,NET_BANKING,INR,0,TXN_107808,CUS_4757
138.36,120.84,0,0,0,156,0,0,0,UPI,EUR,0,TXN_112499,CUS_1997
65.71,69.48,0,3,0,65,0,1,0,UPI,USD,0,TXN_114678,CUS_6532
55.45,48.63,1,3,0,590,0,0,0,CARD,INR,0,TXN_109616,CUS_9204
31.85,38.35,0,1,0,697,0,0,0,CARD,INR,0,TXN_110299,CUS_5849
67.7,59.49,0,2,0,323,0,0,0,NET_BANKING,INR,0,TXN_113518,CUS_4608
62.12,92.34,0,1,0,980,0,0,0,WALLET,USD,0,TXN_102113,CUS_1780
48.12,43.07,1,3,0,570,0,0,0,UPI,USD,0,TXN_114133,CUS_5617
89.45,73.07,0,5,0,60,0,1,0,UPI,EUR,0,TXN_108007,CUS_9090
372.39,309.54,0,3,0,43,0,0,0,UPI,USD,0,TXN_100470,CUS_7300
276.17,236.65,1,3,0,32,0,0,0,UPI,INR,0,TXN_102530,CUS_3696
106.71,82.06,0,1,0,68,0,0,0,CARD,INR,0,TXN_105944,CUS_5275
55.41,59.83,0,2,0,129,0,0,0,UPI,INR,0,TXN_111089,CUS_3199
282.79,289.57,0,1,0,94,0,0,0,WALLET,INR,0,TXN_100883,CUS_3658
46.65,90.33,0,1,0,52,0,0,0,CARD,INR,0,TXN_108044,CUS_4445
131.95,106.3,0,3,0,107,0,0,0,CARD,INR,0,TXN_109984,CUS_2146
570.8,582.08,1,4,0,293,0,0,0,UPI,INR,0,TXN_105808,CUS_3735
95.63,81.36,0,4,0,355,0,0,0,UPI,INR,0,TXN_101348,CUS_6016
336.34,190.2,0,5,0,95,0,0,0,UPI,USD,0,TXN_101307,CUS_8881
100.34,272.65,0,2,0,154,0,0,0,UPI,INR,0,TXN_114070,CUS_3208
38.39,39.28,2,4,0,337,0,0,0,UPI,INR,0,TXN_106868,CUS_4752
137.86,212.38,0,4,0,261,0,0,0,NET_BANKING,USD,0,TXN_107606,CUS_6889
57.4,34.92,2,5,0,416,0,0,0,CARD,INR,0,TXN_105276,CUS_7267
183.87,123.05,0,3,1,289,0,0,0,CARD,INR,0,TXN_110108,CUS_6824
310.43,267.28,0,2,0,220,1,0,0,CARD,EUR,0,TXN_109630,CUS_3452
101.0,110.1,1,1,0,1446,0,0,0,NET_BANKING,USD,0,TXN_104262,CUS_1208
69.54,47.74,0,2,0,103,0,0,0,UPI,USD,0,TXN_105139,CUS_1959
152.0,142.9,1,5,0,337,0,0,0,CARD,USD,0,TXN_104591,CUS_1187
116.35,95.78,0,1,0,110,0,0,0,UPI,INR,0,TXN_106942,CUS_2999
110.39,129.09,0,4,0,263,0,0,0,CARD,EUR,0,TXN_101657,CUS_7169
116.67,178.51,0,1,0,224,0,0,0,CARD,USD,0,TXN_100729,CUS_8560
76.21,112.94,0,3,2,33,0,0,0,UPI,EUR,0,TXN_106256,CUS_5396
149.07,137.6,0,0,0,139,0,0,0,WALLET,INR,0,TXN_105502,CUS_3857
28.72,22.87,0,4,0,191,0,0,0,WALLET,INR,0,TXN_101443,CUS_7836
294.59,428.9,0,5,1,210,0,0,0,WALLET,INR,0,TXN_111452,CUS_5752
111.3,88.41,0,2,0,371,0,0,0,CARD,USD,0,TXN_102213,CUS_3310
16.59,62.96,1,3,0,958,0,0,0,CARD,INR,0,TXN_110706,CUS_8154
108.96,85.0,1,4,0,466,0,0,0,CARD,INR,0,TXN_104229,CUS_4962
260.58,175.08,0,4,0,162,0,0,0,CARD,INR,0,TXN_105889,CUS_6953
64.36,58.44,1,3,0,475,0,0,0,UPI,INR,0,TXN_113873,CUS_4192
98.85,142.82,1,3,0,119,0,1,0,UPI,EUR,0,TXN_109135,CUS_3180
60.4,101.15,1,3,0,548,0,0,0,UPI,INR,0,TXN_106936,CUS_1969
129.28,181.73,0,2,2,414,0,0,0,CARD,INR,0,TXN_113289,CUS_5918
188.96,104.75,0,3,0,772,0,0,0,UPI,USD,0,TXN_105717,CUS_1667
91.98,135.5,0,0,0,33,0,0,0,CARD,USD,0,TXN_111998,CUS_5460
374.46,308.4,1,3,0,595,0,0,0,CARD,INR,0,TXN_111327,CUS_2450
31.44,34.13,0,3,0,219,0,1,0,NET_BANKING,INR,0,TXN_102122,CUS_2692
86.73,87.39,0,2,0,225,0,0,0,CARD,INR,0,TXN_111366,CUS_3913
48.54,43.52,0,3,1,123,0,0,0,CARD,USD,0,TXN_102623,CUS_2950
84.2,72.98,0,1,0,32,0,0,0,NET_BANKING,USD,0,TXN_102997,CUS_3677
28.97,24.11,0,0,0,150,0,0,0,UPI,EUR,0,TXN_109930,CUS_4554
79.25,63.56,1,3,0,64,0,0,0,CARD,INR,0,TXN_102503,CUS_1437
162.77,42.09,1,7,1,209,1,1,1,CARD,USD,1,TXN_106488,CUS_5457
158.11,181.12,0,4,0,291,0,0,0,NET_BANKING,INR,0,TXN_108081,CUS_6770
132.53,144.75,0,3,0,271,0,0,0,WALLET,USD,0,TXN_102010,CUS_6619
136.49,112.23,1,4,0,336,0,0,0,UPI,INR,0,TXN_107138,CUS_6031
31.61,41.59,0,4,0,347,0,0,0,CARD,INR,0,TXN_105995,CUS_3223
135.18,141.42,0,3,1,232,0,0,0,CARD,INR,0,TXN_113887,CUS_6414
282.47,248.29,0,3,0,197,0,1,0,CARD,EUR,0,TXN_113153,CUS_9923
2.51,49.61,7,7,1,154,1,1,0,CARD,USD,1,TXN_101455,CUS_3225
43.21,66.26,1,4,0,219,0,0,0,UPI,INR,0,TXN_102440,CUS_5701
246.61,200.84,0,4,0,83,0,0,0,UPI,INR,0,TXN_102932,CUS_8625
244.81,190.49,1,4,0,515,0,0,0,UPI,INR,0,TXN_100307,CUS_5005
78.33,233.94,1,4,0,363,0,0,0,CARD,USD,0,TXN_105779,CUS_3525
45.44,68.71,0,2,1,528,0,0,1,CARD,INR,0,TXN_113264,CUS_4809
70.93,63.88,2,2,0,652,0,0,0,CARD,INR,0,TXN_107189,CUS_6654
176.88,179.4,2,2,0,87,0,0,0,CARD,USD,0,TXN_110927,CUS_4721
69.17,67.85,1,1,0,364,0,0,0,CARD,USD,0,TXN_113667,CUS_9955
182.16,280.85,1,3,0,132,0,0,0,WALLET,INR,0,TXN_112322,CUS_5874
56.17,76.06,1,5,0,383,0,0,0,CARD,INR,0,TXN_109075,CUS_1579
245.54,229.4,0,3,0,662,0,0,0,UPI,INR,0,TXN_114946,CUS_9714
176.29,144.98,0,2,0,471,1,0,0,CARD,INR,0,TXN_105590,CUS_5184
22.21,29.22,0,2,0,79,0,0,0,CARD,USD,0,TXN_102353,CUS_2789
59.07,56.47,0,2,0,372,0,0,0,CARD,INR,0,TXN_101983,CUS_8870
1.74,45.16,5,10,1,48,1,1,1,UPI,USD,1,TXN_109243,CUS_3615
21.15,29.05,0,1,0,110,1,0,0,CARD,USD,0,TXN_107675,CUS_3811
216.84,249.0,1,5,0,350,0,0,0,NET_BANKING,INR,0,TXN_101364,CUS_4844
79.55,50.77,1,4,1,74,0,1,0,WALLET,USD,0,TXN_106661,CUS_7994
104.37,88.33,1,3,1,342,0,0,0,UPI,USD,0,TXN_109307,CUS_7668
223.97,180.5,1,5,0,478,0,0,0,CARD,INR,0,TXN_103216,CUS_1833
68.87,60.27,1,3,1,209,0,0,0,WALLET,USD,0,TXN_101340,CUS_7324
38.45,45.07,0,0,0,312,0,0,0,CARD,USD,0,TXN_105136,CUS_1472
90.97,149.85,1,2,0,299,0,0,0,NET_BANKING,INR,0,TXN_107736,CUS_3433
8.41,50.84,0,2,0,120,0,0,0,CARD,USD,0,TXN_111768,CUS_2465
49.07,51.77,0,1,0,198,0,0,0,NET_BANKING,INR,0,TXN_113379,CUS_8320
92.94,68.93,0,0,0,123,0,0,0,WALLET,USD,0,TXN_100507,CUS_3249
2.11,58.5,3,9,1,110,0,1,2,CARD,USD,1,TXN_104890,CUS_2119
161.4,184.93,0,2,0,66,0,0,0,CARD,INR,0,TXN_103425,CUS_9540
16.08,22.77,0,1,0,101,0,0,0,CARD,INR,0,TXN_106695,CUS_4003
272.33,64.99,4,7,3,18,0,1,1,CARD,INR,1,TXN_108800,CUS_3919
45.03,37.93,0,3,0,61,0,1,0,CARD,INR,0,TXN_101919,CUS_3942
97.28,66.19,0,2,0,118,0,0,0,CARD,INR,0,TXN_103627,CUS_5305
296.88,197.65,0,2,0,1516,0,0,0,CARD,USD,0,TXN_103171,CUS_1530
122.25,126.65,0,3,0,56,0,0,0,UPI,INR,0,TXN_114895,CUS_2289
151.01,121.41,1,3,0,179,0,0,0,CARD,USD,0,TXN_100121,CUS_1472
68.52,41.95,1,2,0,137,0,0,0,UPI,INR,0,TXN_113650,CUS_7946
201.73,143.55,0,1,0,539,0,0,0,NET_BANKING,INR,0,TXN_111069,CUS_5012
54.48,51.32,0,1,0,638,0,0,0,CARD,USD,0,TXN_114084,CUS_4389
29.67,49.81,0,2,0,115,0,0,0,UPI,USD,0,TXN_104838,CUS_8476
131.01,145.23,1,2,0,86,0,0,0,WALLET,USD,0,TXN_101181,CUS_3327
363.62,295.45,0,1,1,64,0,0,0,UPI,INR,0,TXN_110366,CUS_3024
729.52,127.13,7,7,2,16,1,1,2,CARD,USD,1,TXN_107435,CUS_8327
194.88,160.97,0,4,0,462,0,0,0,WALLET,USD,0,TXN_105542,CUS_5327
160.8,193.44,1,4,0,156,0,0,0,CARD,INR,0,TXN_101822,CUS_5053
217.9,140.54,0,4,0,266,1,1,0,CARD,USD,0,TXN_100398,CUS_9680
35.48,49.83,2,2,0,190,0,0,0,CARD,INR,0,TXN_107087,CUS_4967
175.46,153.43,0,2,0,68,0,0,0,CARD,USD,0,TXN_113585,CUS_5902
410.87,313.76,0,1,1,53,0,1,0,UPI,USD,0,TXN_106140,CUS_8339
89.25,162.19,0,1,0,124,0,0,0,CARD,INR,0,TXN_105802,CUS_4238
314.41,420.46,0,2,0,114,0,0,0,UPI,USD,0,TXN_107358,CUS_9727
31.35,51.77,0,1,0,193,0,0,0,CARD,INR,0,TXN_102675,CUS_3774
11.32,47.12,1,5,1,386,0,0,0,CARD,INR,0,TXN_110788,CUS_3426
69.59,75.84,0,2,0,1162,0,1,0,CARD,INR,0,TXN_114648,CUS_6350
650.57,417.6,0,1,0,223,0,0,0,NET_BANKING,USD,0,TXN_100634,CUS_9158
311.08,219.18,0,1,0,37,0,1,0,UPI,INR,0,TXN_102299,CUS_3992
100.64,99.81,0,2,0,283,0,0,0,CARD,INR,0,TXN_102660,CUS_6134
54.51,96.75,1,3,1,343,0,0,0,CARD,USD,0,TXN_100474,CUS_3733
393.43,455.09,0,2,1,123,0,0,0,UPI,INR,0,TXN_109430,CUS_6921
45.99,74.77,2,3,0,260,0,0,0,NET_BANKING,USD,0,TXN_103623,CUS_4368
194.23,45.36,6,8,4,56,0,1,0,CARD,INR,1,TXN_112810,CUS_6172
339.57,240.53,0,1,0,64,0,0,0,WALLET,INR,0,TXN_102634,CUS_4311
129.07,124.18,0,5,0,222,0,0,0,UPI,EUR,0,TXN_108394,CUS_8168
10.0,35.23,1,2,1,164,0,0,0,CARD,INR,0,TXN_111123,CUS_7555
223.77,214.17,0,3,0,99,0,0,0,UPI,INR,0,TXN_110418,CUS_2652
646.17,435.05,0,2,0,56,0,0,0,CARD,INR,0,TXN_111235,CUS_3758
164.99,128.49,1,2,0,113,0,0,0,UPI,INR,0,TXN_100333,CUS_1765
234.31,271.61,0,1,0,40,0,0,0,CARD,INR,0,TXN_109980,CUS_7193
28.16,70.13,0,0,0,328,0,0,0,UPI,INR,0,TXN_101062,CUS_5638
23.88,51.45,0,1,0,43,0,1,0,CARD,INR,0,TXN_111655,CUS_8008
159.87,122.6,1,4,0,124,0,1,0,CARD,INR,0,TXN_102990,CUS_2328
251.14,220.49,0,0,1,55,0,0,0,WALLET,USD,0,TXN_110405,CUS_2795
179.95,150.69,0,3,1,101,0,0,0,UPI,EUR,0,TXN_103185,CUS_4120
72.16,47.52,0,2,1,875,1,1,0,CARD,USD,0,TXN_114381,CUS_4930
136.53,102.91,0,3,0,300,0,0,0,UPI,INR,0,TXN_110117,CUS_4554
57.91,87.84,1,6,0,32,0,0,0,CARD,INR,0,TXN_102696,CUS_5946
508.96,487.24,1,2,1,586,0,0,0,CARD,USD,0,TXN_112074,CUS_8501
92.29,65.05,1,4,0,409,0,0,0,UPI,USD,0,TXN_114262,CUS_8412
141.23,123.45,0,0,0,192,0,0,0,UPI,INR,0,TXN_108534,CUS_5737
201.6,179.91,1,2,0,1461,0,0,0,CARD,INR,0,TXN_109328,CUS_3608
32.69,59.47,2,4,0,33,0,0,0,UPI,INR,0,TXN_103121,CUS_7357
75.49,61.96,0,3,0,289,0,0,0,CARD,EUR,0,TXN_101617,CUS_8469
59.42,55.4,1,4,0,362,1,0,0,NET_BANKING,USD,0,TXN_113096,CUS_4723
72.46,58.65,0,3,0,171,1,0,0,UPI,EUR,0,TXN_113896,CUS_8477
90.74,62.92,0,2,0,310,0,0,0,CARD,USD,0,TXN_102443,CUS_2435
51.05,96.84,0,2,0,35,0,0,0,CARD,INR,0,TXN_104476,CUS_4011
91.99,92.95,0,2,0,97,0,0,0,NET_BANKING,EUR,0,TXN_104638,CUS_1813
145.73,157.28,1,4,1,332,0,0,0,CARD,EUR,0,TXN_103466,CUS_9027
98.99,83.87,0,2,0,122,1,0,0,CARD,INR,0,TXN_113748,CUS_3024
56.1,91.0,0,1,0,49,0,0,0,NET_BANKING,INR,0,TXN_109713,CUS_6871
231.96,170.66,0,3,0,448,0,0,0,CARD,USD,0,TXN_113384,CUS_9474
96.62,79.48,0,5,0,754,0,0,0,WALLET,INR,0,TXN_103357,CUS_9275
88.05,89.86,1,4,0,246,0,0,0,CARD,USD,0,TXN_113562,CUS_7129
426.31,384.04,1,2,0,149,0,0,0,CARD,USD,0,TXN_106305,CUS_3462
144.43,108.93,0,1,0,91,0,0,0,UPI,INR,0,TXN_104729,CUS_5480
89.31,132.19,0,1,1,276,0,0,0,CARD,INR,0,TXN_112147,CUS_3917
135.68,140.19,1,1,0,112,0,1,0,NET_BANKING,INR,0,TXN_103132,CUS_3553
42.13,58.95,1,5,0,56,0,0,0,CARD,INR,0,TXN_114357,CUS_7170
81.69,72.56,2,5,0,75,0,0,0,UPI,USD,0,TXN_112449,CUS_9571
57.48,61.42,1,3,0,131,0,0,0,CARD,INR,0,TXN_114517,CUS_9812
122.2,139.07,0,0,0,161,0,0,0,CARD,INR,0,TXN_109199,CUS_7683
71.9,75.44,0,2,0,82,0,0,0,CARD,INR,0,TXN_106608,CUS_1469
145.0,115.12,1,5,0,66,0,0,0,UPI,USD,0,TXN_101560,CUS_9563
219.41,37.02,8,8,2,83,1,1,0,CARD,USD,1,TXN_105391,CUS_9434
36.35,40.23,1,1,0,92,0,0,0,NET_BANKING,INR,0,TXN_100760,CUS_8764
205.51,202.21,2,5,1,390,0,0,0,CARD,INR,0,TXN_105805,CUS_2505
152.76,84.18,0,4,0,420,0,1,0,NET_BANKING,INR,0,TXN_110812,CUS_9925
103.31,105.0,0,0,0,170,0,1,0,UPI,USD,0,TXN_104763,CUS_2992
79.33,113.45,0,1,0,343,1,0,0,CARD,INR,0,TXN_108201,CUS_8311
132.21,126.32,0,3,0,198,0,0,0,CARD,USD,0,TXN_111772,CUS_5540
30.87,82.79,0,2,0,276,0,1,0,NET_BANKING,INR,0,TXN_108588,CUS_1727
75.62,44.94,0,4,0,66,0,1,0,CARD,INR,0,TXN_107570,CUS_5130
1947.45,400.42,6,10,1,291,1,1,1,UPI,INR,1,TXN_106860,CUS_4886
49.88,48.59,0,1,0,178,0,0,0,CARD,USD,0,TXN_107918,CUS_7027
143.64,79.21,0,1,0,294,1,0,0,CARD,USD,0,TXN_100739,CUS_6237
127.26,168.47,0,2,0,105,0,0,0,WALLET,INR,0,TXN_102541,CUS_1237
55.03,69.77,0,3,0,347,0,0,0,NET_BANKING,INR,0,TXN_114768,CUS_3618
9.46,43.81,0,0,0,149,1,0,0,UPI,USD,0,TXN_101848,CUS_8362
132.55,153.21,0,3,0,41,0,0,0,CARD,USD,0,TXN_104215,CUS_7744
15.57,52.21,1,1,0,519,0,0,0,UPI,INR,0,TXN_107859,CUS_4249
55.03,84.85,0,2,1,206,0,0,0,WALLET,INR,0,TXN_106887,CUS_4700
38.56,44.04,0,2,0,228,0,0,0,UPI,EUR,0,TXN_113848,CUS_8898
346.08,595.57,1,2,1,129,0,0,0,UPI,INR,0,TXN_114101,CUS_2395
168.47,112.32,2,2,0,56,0,1,0,WALLET,INR,0,TXN_103823,CUS_3027
188.5,196.81,1,2,0,823,0,1,0,CARD,INR,0,TXN_108870,CUS_2238
185.84,179.99,0,1,0,189,0,0,0,CARD,USD,0,TXN_113776,CUS_2063
42.04,39.42,3,5,0,45,0,0,0,WALLET,EUR,0,TXN_103417,CUS_2838
148.25,214.17,0,1,0,132,1,0,0,UPI,INR,0,TXN_109569,CUS_3044
401.25,359.47,0,1,0,425,0,0,0,CARD,USD,0,TXN_109747,CUS_6338
48.83,53.43,0,2,0,261,0,0,0,UPI,INR,0,TXN_105463,CUS_9882
45.49,43.53,1,2,1,113,0,0,0,CARD,INR,0,TXN_105840,CUS_7787
42.11,50.57,0,1,0,140,0,0,0,UPI,INR,0,TXN_100616,CUS_8448
100.8,114.07,0,4,0,161,0,0,0,CARD,USD,0,TXN_107308,CUS_2654
210.78,179.02,1,2,0,236,0,0,0,UPI,INR,0,TXN_102962,CUS_7899
146.98,126.92,1,2,0,36,0,0,0,WALLET,USD,0,TXN_105398,CUS_6111
58.19,57.26,1,5,1,500,0,0,0,CARD,INR,0,TXN_106778,CUS_2887
45.96,35.76,1,2,0,50,0,0,0,UPI,USD,0,TXN_102448,CUS_8339
211.77,149.73,0,3,0,472,0,0,0,UPI,INR,0,TXN_104256,CUS_7805
73.58,50.11,0,1,0,294,0,0,0,UPI,INR,0,TXN_100150,CUS_7625
38.69,29.49,0,6,0,710,0,0,0,UPI,INR,0,TXN_106193,CUS_7198
92.81,86.87,0,2,0,87,1,0,0,CARD,USD,0,TXN_101867,CUS_9779
43.63,35.49,2,3,0,284,0,0,0,UPI,INR,0,TXN_100823,CUS_5249
65.22,57.19,0,0,1,469,0,0,0,UPI,INR,0,TXN_104725,CUS_7025
56.27,46.21,0,0,0,170,0,0,0,UPI,INR,0,TXN_102841,CUS_9144
83.43,99.86,0,0,0,48,0,0,0,NET_BANKING,INR,0,TXN_110249,CUS_8640
888.81,679.58,0,2,1,313,0,0,0,WALLET,USD,0,TXN_101628,CUS_9812
102.97,231.85,0,1,0,118,0,0,0,WALLET,INR,0,TXN_106758,CUS_3310
137.7,105.38,1,5,0,720,1,0,0,UPI,EUR,0,TXN_105797,CUS_9945
84.51,114.14,0,1,0,470,0,0,0,UPI,USD,0,TXN_112618,CUS_1368
200.71,131.97,0,0,0,446,0,0,0,UPI,INR,0,TXN_111274,CUS_2829
64.12,42.6,1,3,1,40,0,0,0,WALLET,INR,0,TXN_101872,CUS_1736
39.4,52.68,0,3,0,134,0,0,0,UPI,EUR,0,TXN_101922,CUS_9993
41.07,66.03,1,4,0,545,0,0,1,CARD,INR,0,TXN_104212,CUS_6852
98.13,65.79,0,4,1,117,0,0,0,CARD,INR,0,TXN_100090,CUS_2695
472.95,81.69,4,4,2,71,1,0,2,CARD,INR,1,TXN_102815,CUS_1213
34.49,51.72,0,2,0,327,0,0,0,CARD,INR,0,TXN_100904,CUS_9539
249.14,163.65,0,1,0,763,0,0,0,CARD,EUR,0,TXN_111740,CUS_2899
126.23,134.36,0,2,1,356,0,0,0,CARD,INR,0,TXN_109154,CUS_5238
46.8,110.86,0,2,0,282,0,0,0,CARD,INR,0,TXN_110142,CUS_5032
149.04,122.92,1,4,0,406,0,0,0,NET_BANKING,INR,0,TXN_106751,CUS_5342
192.27,289.42,0,1,0,47,0,0,0,CARD,EUR,0,TXN_112172,CUS_5500
161.35,175.5,1,5,0,424,0,0,0,CARD,USD,0,TXN_101355,CUS_7288
242.03,205.0,0,1,0,195,0,0,0,CARD,USD,0,TXN_107198,CUS_7282
45.07,76.89,0,2,0,71,1,0,0,UPI,INR,0,TXN_114800,CUS_6436
393.99,213.05,1,3,1,291,0,0,0,UPI,USD,0,TXN_108672,CUS_6578
66.32,121.59,0,0,0,554,0,0,0,CARD,EUR,0,TXN_100828,CUS_4175
279.04,61.73,6,8,0,38,1,1,1,CARD,USD,1,TXN_114900,CUS_3285
223.66,151.66,0,1,0,688,0,0,0,CARD,USD,0,TXN_114062,CUS_8095
13.31,21.7,1,2,0,462,0,0,0,UPI,EUR,0,TXN_103748,CUS_5074
75.24,143.9,0,5,0,177,0,0,0,UPI,INR,0,TXN_111878,CUS_3890
133.86,119.53,0,1,0,120,0,1,0,CARD,INR,0,TXN_100978,CUS_2704
81.91,98.54,0,4,0,211,0,0,1,CARD,USD,0,TXN_100332,CUS_4608
33.55,44.22,0,0,0,189,0,0,0,UPI,USD,0,TXN_111524,CUS_6913
429.54,400.41,0,0,0,32,0,0,0,NET_BANKING,EUR,0,TXN_106317,CUS_4521
166.08,243.39,0,3,1,308,0,0,0,CARD,USD,0,TXN_110421,CUS_3970
75.68,46.36,0,1,0,343,0,1,0,WALLET,INR,0,TXN_114178,CUS_1756
104.85,207.87,1,1,0,33,0,0,0,UPI,USD,0,TXN_100321,CUS_8680
50.92,104.89,0,0,0,494,0,1,0,WALLET,USD,0,TXN_104617,CUS_6255
31.27,35.14,1,3,0,147,0,0,0,WALLET,INR,0,TXN_109971,CUS_6385
90.99,64.64,0,2,1,382,0,0,0,UPI,INR,0,TXN_113360,CUS_3460
127.23,75.35,2,4,0,213,0,0,0,UPI,USD,0,TXN_110096,CUS_8753
65.31,154.66,0,0,0,277,0,0,0,CARD,USD,0,TXN_107285,CUS_4246
177.84,144.6,0,2,0,383,0,0,0,UPI,USD,0,TXN_109723,CUS_3709
188.73,60.69,6,6,2,161,0,0,1,CARD,USD,1,TXN_111081,CUS_5676
42.4,37.0,0,1,0,47,0,1,0,UPI,USD,0,TXN_101876,CUS_8476
97.47,83.98,0,2,0,181,0,0,0,UPI,EUR,0,TXN_109728,CUS_8433
58.34,83.92,0,3,0,478,0,0,0,UPI,USD,0,TXN_102499,CUS_6654
119.19,94.8,1,2,0,962,0,0,0,UPI,USD,0,TXN_106379,CUS_3704
532.87,676.87,0,2,0,86,0,0,0,CARD,EUR,0,TXN_104915,CUS_6344
79.45,175.19,1,4,0,226,0,1,0,UPI,INR,0,TXN_101320,CUS_7213
196.17,219.06,2,2,0,355,1,0,0,CARD,INR,0,TXN_110917,CUS_3812
62.44,32.05,1,3,0,314,0,0,0,CARD,INR,0,TXN_101349,CUS_6160
83.25,85.08,0,0,0,403,0,0,0,CARD,INR,0,TXN_101487,CUS_4956
82.5,97.09,0,2,0,140,0,0,0,CARD,INR,0,TXN_114177,CUS_2358
98.73,111.23,1,5,0,695,0,0,0,WALLET,USD,0,TXN_106650,CUS_5597
434.61,550.5,1,2,0,1254,0,1,0,NET_BANKING,USD,0,TXN_104032,CUS_9885
357.99,57.05,3,14,3,58,1,1,2,NET_BANKING,USD,1,TXN_102042,CUS_6200
52.82,134.23,0,2,0,282,1,0,0,NET_BANKING,INR,0,TXN_102689,CUS_2113
74.4,75.82,1,4,0,313,0,0,0,CARD,USD,0,TXN_108924,CUS_9231
168.86,208.76,0,3,0,468,0,0,0,UPI,INR,0,TXN_109444,CUS_5797
174.62,208.4,1,1,0,543,0,0,0,CARD,USD,0,TXN_108757,CUS_7229
224.55,217.48,0,2,0,74,0,1,0,CARD,INR,0,TXN_109266,CUS_9451
110.05,154.66,0,0,0,178,0,0,0,WALLET,INR,0,TXN_114752,CUS_3488
75.47,99.6,0,3,0,177,0,0,0,CARD,INR,0,TXN_111855,CUS_1993
33.93,41.08,0,2,0,471,0,1,0,CARD,INR,0,TXN_100607,CUS_7815
910.19,566.77,1,4,0,203,0,0,0,UPI,USD,0,TXN_104785,CUS_6580
57.08,96.19,0,2,0,290,0,0,0,CARD,INR,0,TXN_100441,CUS_1283
83.42,74.12,1,3,0,399,0,1,0,CARD,USD,0,TXN_113231,CUS_7002
105.56,119.36,0,6,1,110,0,0,0,UPI,INR,0,TXN_103208,CUS_2013
121.92,159.88,0,2,0,159,0,0,0,WALLET,INR,0,TXN_108641,CUS_4235
119.01,138.23,0,1,1,60,1,0,0,CARD,USD,0,TXN_100098,CUS_7152
81.42,75.13,0,2,0,99,0,0,0,NET_BANKING,USD,0,TXN_113866,CUS_1581
83.25,123.6,0,4,0,734,0,0,0,UPI,USD,0,TXN_103654,CUS_8744
89.51,197.81,0,2,0,47,0,1,0,CARD,INR,0,TXN_106042,CUS_9762
149.86,149.14,0,2,0,516,0,0,0,WALLET,EUR,0,TXN_103989,CUS_5978
59.51,62.81,0,3,1,79,0,1,0,CARD,INR,0,TXN_111598,CUS_3322
200.2,162.56,0,2,1,275,0,0,0,WALLET,INR,0,TXN_108963,CUS_1468
41.05,47.88,1,1,0,409,0,0,0,CARD,INR,0,TXN_103564,CUS_6934
58.16,47.36,0,1,0,963,0,0,0,CARD,USD,0,TXN_112470,CUS_8922
99.19,144.92,1,2,1,166,0,0,0,CARD,EUR,0,TXN_106805,CUS_7809
166.24,139.63,1,1,0,321,0,0,0,CARD,INR,0,TXN_111299,CUS_7553
30.9,39.34,0,0,0,293,0,0,0,CARD,USD,0,TXN_107636,CUS_6458
562.98,292.96,1,3,0,960,0,1,0,CARD,INR,0,TXN_107280,CUS_2584
104.79,183.19,0,2,0,284,0,0,0,NET_BANKING,EUR,0,TXN_102929,CUS_3152
23.22,31.74,0,2,0,367,0,0,0,CARD,INR,0,TXN_108589,CUS_5884
137.23,102.12,1,3,0,222,0,0,0,CARD,INR,0,TXN_112736,CUS_3701
58.58,46.93,0,2,0,407,0,0,0,NET_BANKING,INR,0,TXN_105804,CUS_1064
54.61,63.17,1,3,0,110,0,1,0,WALLET,USD,0,TXN_106038,CUS_6890
105.19,88.25,0,0,0,584,0,0,0,UPI,USD,0,TXN_102972,CUS_6094
87.5,145.04,0,2,0,155,0,0,0,CARD,INR,0,TXN_105433,CUS_8833
31.21,49.23,0,0,0,205,0,1,0,WALLET,USD,0,TXN_105637,CUS_1950
47.68,54.85,0,1,0,40,0,0,0,UPI,INR,0,TXN_103617,CUS_6363
47.92,46.52,0,1,0,718,0,0,0,CARD,INR,0,TXN_106575,CUS_9367
131.86,119.41,0,3,0,105,0,0,0,CARD,INR,0,TXN_106685,CUS_9600
528.56,318.1,0,4,0,90,0,0,0,CARD,EUR,0,TXN_104771,CUS_5859
259.15,337.6,2,3,0,242,0,0,0,CARD,USD,0,TXN_112785,CUS_3232
472.87,290.68,1,3,0,44,0,0,0,WALLET,USD,0,TXN_109073,CUS_1351
46.53,68.49,0,0,0,1225,0,0,0,CARD,USD,0,TXN_104694,CUS_8224
102.29,92.51,0,5,0,73,0,0,0,UPI,INR,0,TXN_100316,CUS_7308
134.24,96.59,1,5,0,139,0,0,0,CARD,USD,0,TXN_101122,CUS_6611
37.79,42.8,0,0,0,498,0,1,0,WALLET,INR,0,TXN_104750,CUS_2803
107.03,86.57,1,5,0,85,0,0,0,UPI,USD,0,TXN_103098,CUS_9250
68.06,62.46,0,1,0,326,0,0,0,UPI,INR,0,TXN_101731,CUS_5903
107.97,68.48,0,1,0,128,0,0,0,UPI,EUR,0,TXN_102620,CUS_3449
118.91,107.17,0,3,0,169,0,0,0,UPI,INR,0,TXN_104484,CUS_5028
79.93,61.51,2,4,0,94,0,0,0,CARD,USD,0,TXN_104572,CUS_4814
123.75,127.08,1,6,0,57,0,0,0,CARD,INR,0,TXN_109054,CUS_7368
104.78,195.17,1,3,1,392,0,0,0,CARD,EUR,0,TXN_114013,CUS_8054
502.55,447.28,0,4,0,79,0,0,0,UPI,INR,0,TXN_107523,CUS_6118
125.36,278.65,0,0,0,457,1,0,0,CARD,USD,0,TXN_100419,CUS_4506
47.23,47.34,0,1,0,326,0,0,0,CARD,INR,0,TXN_104821,CUS_5443
227.46,154.54,1,3,0,94,0,0,0,NET_BANKING,USD,0,TXN_106632,CUS_6387
105.9,56.66,0,2,0,1107,0,1,0,CARD,USD,0,TXN_112697,CUS_2700
82.8,67.14,1,2,0,138,0,0,0,WALLET,INR,0,TXN_103776,CUS_5766
344.07,372.38,0,1,0,54,0,0,0,UPI,INR,0,TXN_103922,CUS_4191
28.95,41.46,0,2,0,299,0,0,0,WALLET,USD,0,TXN_107677,CUS_5284
267.36,229.01,0,3,0,277,0,0,0,UPI,USD,0,TXN_109570,CUS_7133
118.06,76.94,0,2,0,275,0,1,0,CARD,INR,0,TXN_113033,CUS_6080
21.2,40.33,0,0,0,199,0,0,0,CARD,EUR,0,TXN_114857,CUS_8542
141.33,35.34,3,6,1,53,1,1,3,CARD,USD,1,TXN_108199,CUS_1814
41.03,39.3,0,2,1,56,0,0,0,UPI,INR,0,TXN_111843,CUS_5053
91.24,91.16,0,2,0,297,0,1,0,UPI,EUR,0,TXN_110522,CUS_6482
245.2,394.29,0,3,0,905,0,0,0,NET_BANKING,INR,0,TXN_112469,CUS_3649
197.73,155.62,0,3,0,197,0,0,0,UPI,INR,0,TXN_100662,CUS_9141
34.1,51.45,0,4,0,645,1,0,0,CARD,INR,0,TXN_111712,CUS_9547
51.76,54.19,0,4,0,224,0,0,0,UPI,EUR,0,TXN_111847,CUS_8991
99.5,122.19,0,3,1,95,0,0,0,NET_BANKING,EUR,0,TXN_109387,CUS_2705
144.04,122.47,0,3,1,210,0,0,0,UPI,INR,0,TXN_103233,CUS_1700
140.61,84.7,0,4,0,148,0,0,0,CARD,USD,0,TXN_112684,CUS_2967
40.64,61.54,5,7,0,261,0,0,0,WALLET,USD,0,TXN_113510,CUS_6485
26.91,31.87,1,3,0,346,0,0,0,CARD,INR,0,TXN_109959,CUS_1786
129.56,205.55,1,5,0,294,0,0,0,CARD,USD,0,TXN_110753,CUS_6465
137.18,150.57,2,4,0,129,0,0,0,UPI,USD,0,TXN_108461,CUS_4336
313.85,243.86,0,2,0,456,0,0,0,NET_BANKING,INR,0,TXN_111957,CUS_6763
225.42,169.99,1,4,0,183,0,0,0,UPI,INR,0,TXN_114591,CUS_4934
421.13,372.61,0,3,0,179,0,0,0,CARD,INR,0,TXN_111652,CUS_6776
765.25,66.32,2,8,3,5,1,1,1,WALLET,EUR,1,TXN_100362,CUS_1520
298.48,353.95,0,2,0,782,0,0,0,UPI,USD,0,TXN_114297,CUS_9529
115.78,86.09,1,3,0,368,0,0,0,NET_BANKING,INR,0,TXN_103157,CUS_9096
152.91,151.36,1,2,0,140,0,0,0,CARD,INR,0,TXN_102007,CUS_2487
113.57,135.06,0,2,0,39,0,0,0,WALLET,INR,0,TXN_112059,CUS_3202
115.51,130.58,2,4,0,118,0,1,0,CARD,USD,0,TXN_101933,CUS_1071
287.92,173.0,1,2,0,333,0,0,0,WALLET,USD,0,TXN_102006,CUS_4734
66.5,86.53,1,1,0,511,0,0,0,CARD,USD,0,TXN_109920,CUS_8197
26.88,40.25,0,3,0,265,0,0,0,CARD,USD,0,TXN_103141,CUS_6980
171.99,172.0,1,3,0,75,0,0,0,CARD,USD,0,TXN_111018,CUS_7639
135.93,299.2,1,1,0,146,0,0,0,UPI,USD,0,TXN_113488,CUS_7375
80.25,92.91,0,1,0,105,0,1,0,CARD,INR,0,TXN_107591,CUS_4015
47.83,51.9,0,3,0,382,0,0,0,WALLET,USD,0,TXN_107692,CUS_2471
67.09,70.28,0,0,0,232,0,0,0,WALLET,INR,0,TXN_108942,CUS_4327
112.95,68.47,0,5,0,75,1,0,0,UPI,INR,0,TXN_103511,CUS_5085
121.39,146.56,1,1,0,75,0,0,0,CARD,INR,0,TXN_103238,CUS_2494
237.36,249.24,0,2,1,205,0,0,0,CARD,INR,0,TXN_102585,CUS_5444
419.19,312.1,0,1,0,521,0,1,0,NET_BANKING,USD,0,TXN_113697,CUS_9670
373.47,265.83,0,1,0,701,0,0,0,NET_BANKING,USD,0,TXN_101754,CUS_3040
49.77,57.29,0,3,0,365,0,0,0,CARD,USD,0,TXN_100885,CUS_9792
214.28,58.62,2,13,0,2,1,1,2,CARD,USD,1,TXN_101567,CUS_4626
103.87,132.57,2,4,0,82,0,0,0,CARD,USD,0,TXN_110282,CUS_4383
19.17,38.86,0,3,0,754,0,0,0,WALLET,INR,0,TXN_104656,CUS_9798
488.92,291.55,0,2,0,104,0,0,0,UPI,USD,0,TXN_108452,CUS_1827
375.65,30.1,2,11,2,72,1,1,2,CARD,USD,1,TXN_111206,CUS_2164
323.82,449.66,0,3,0,508,0,0,0,UPI,EUR,0,TXN_114605,CUS_9631
132.03,260.16,0,4,1,237,0,0,0,UPI,USD,0,TXN_103552,CUS_7851
111.95,86.48,1,2,0,737,0,0,0,WALLET,USD,0,TXN_112986,CUS_8804
70.13,69.46,1,4,0,38,0,0,0,NET_BANKING,INR,0,TXN_108837,CUS_7906
237.02,394.05,1,1,0,239,0,0,0,CARD,INR,0,TXN_109200,CUS_5222
24.73,21.88,0,1,0,551,0,0,0,UPI,USD,0,TXN_101306,CUS_4882
82.43,105.78,0,2,1,104,0,0,0,NET_BANKING,INR,0,TXN_102367,CUS_4169
111.15,160.4,1,3,0,44,0,1,0,UPI,INR,0,TXN_109513,CUS_5164
209.37,154.56,2,5,0,434,0,0,0,UPI,INR,0,TXN_102124,CUS_6164
223.69,196.18,0,2,0,135,1,0,0,CARD,INR,0,TXN_111999,CUS_2528
410.13,306.04,0,3,0,141,0,0,0,CARD,INR,0,TXN_104041,CUS_4152
162.67,437.45,2,2,0,111,0,0,0,UPI,INR,0,TXN_100531,CUS_3265
125.17,151.69,0,1,0,768,0,0,0,WALLET,USD,0,TXN_102375,CUS_8848
22.79,50.34,1,3,0,179,0,0,0,CARD,USD,0,TXN_105722,CUS_4959
26.25,39.55,0,1,0,35,0,0,0,UPI,USD,0,TXN_106580,CUS_3781
83.9,72.17,0,3,0,237,0,0,0,CARD,INR,0,TXN_113236,CUS_7533
131.52,101.22,1,3,0,49,0,0,0,UPI,INR,0,TXN_111564,CUS_6973
1164.6,808.55,0,2,0,1024,0,0,0,CARD,INR,0,TXN_100661,CUS_9682
70.54,76.13,0,1,0,396,0,0,0,UPI,INR,0,TXN_114211,CUS_7038
127.41,164.7,1,5,0,116,0,0,0,UPI,INR,0,TXN_110175,CUS_3268
139.62,96.38,1,2,0,1543,0,0,0,WALLET,INR,0,TXN_101828,CUS_1697
337.92,241.82,0,2,0,201,0,0,0,CARD,USD,0,TXN_102456,CUS_6116
270.1,210.87,0,0,0,253,1,0,0,NET_BANKING,USD,0,TXN_107727,CUS_7211
885.26,75.69,3,9,5,180,1,0,1,UPI,INR,1,TXN_113685,CUS_8980
84.92,85.61,0,4,0,774,0,1,0,CARD,INR,0,TXN_112194,CUS_5750
79.11,86.18,0,3,0,221,0,0,0,UPI,USD,0,TXN_109803,CUS_1806
47.09,39.67,0,2,0,495,0,0,0,NET_BANKING,INR,0,TXN_113796,CUS_9200
268.2,194.61,2,2,0,559,0,0,0,UPI,INR,0,TXN_114993,CUS_2093
127.43,228.33,0,2,0,747,0,0,0,CARD,INR,0,TXN_104544,CUS_4112
26.4,29.1,0,2,0,94,0,0,0,UPI,INR,0,TXN_105825,CUS_1888
524.09,288.57,0,3,0,255,0,0,0,CARD,EUR,0,TXN_111199,CUS_2231
55.85,58.52,0,0,0,36,0,0,0,WALLET,USD,0,TXN_109431,CUS_7367
186.31,211.36,1,4,0,451,0,0,0,CARD,INR,0,TXN_103147,CUS_6291
424.05,299.22,0,0,0,321,0,0,0,UPI,USD,0,TXN_109375,CUS_1761
59.29,169.84,0,2,0,233,0,0,0,CARD,INR,0,TXN_110930,CUS_7465
47.73,83.84,0,1,0,156,0,0,0,CARD,INR,0,TXN_110279,CUS_2643
96.15,101.24,0,3,0,31,0,0,0,CARD,USD,0,TXN_103668,CUS_8149
151.18,173.52,0,0,1,179,0,0,0,UPI,EUR,0,TXN_101965,CUS_5675
104.54,123.27,0,0,0,289,0,0,0,CARD,USD,0,TXN_108783,CUS_8331
70.74,110.93,0,3,1,161,0,0,0,CARD,USD,0,TXN_107927,CUS_2874
106.07,66.44,0,1,1,31,0,1,0,CARD,INR,0,TXN_103373,CUS_8264
25.26,31.62,1,3,0,93,0,0,0,WALLET,USD,0,TXN_111243,CUS_4195
114.62,83.0,0,1,0,199,0,0,0,CARD,EUR,0,TXN_102454,CUS_2449
88.28,83.45,0,2,0,32,1,0,0,CARD,EUR,0,TXN_106492,CUS_4602
9.26,34.47,1,6,0,325,1,0,0,CARD,INR,0,TXN_105496,CUS_7506
42.3,59.19,0,2,0,62,0,0,0,UPI,INR,0,TXN_103434,CUS_6846
111.36,104.95,0,0,0,84,0,0,0,WALLET,INR,0,TXN_107244,CUS_8741
1256.65,548.26,0,3,0,53,0,0,0,CARD,USD,0,TXN_106406,CUS_2173
271.77,218.7,1,3,0,183,0,0,0,CARD,INR,0,TXN_111534,CUS_4162
5.0,55.61,0,3,1,86,1,0,0,NET_BANKING,USD,0,TXN_112236,CUS_7579
78.12,120.54,0,2,0,36,0,0,0,UPI,INR,0,TXN_107038,CUS_2399
5.0,66.37,1,4,0,45,0,0,0,CARD,INR,0,TXN_108671,CUS_9612
103.06,112.01,1,5,0,150,0,0,0,CARD,INR,0,TXN_100560,CUS_7557
106.35,108.39,0,2,0,404,0,0,0,UPI,INR,0,TXN_114238,CUS_7232
259.03,178.82,0,1,0,100,0,0,0,CARD,INR,0,TXN_110292,CUS_4637
542.25,445.76,0,1,0,157,0,0,0,UPI,EUR,0,TXN_111978,CUS_8232
9.61,40.93,1,3,0,41,0,0,0,CARD,INR,0,TXN_113420,CUS_8964
161.14,175.09,0,1,0,192,0,0,0,NET_BANKING,INR,0,TXN_104500,CUS_2840
105.3,61.13,0,3,0,55,0,0,0,NET_BANKING,USD,0,TXN_105960,CUS_1912
70.32,183.17,0,2,0,336,0,1,0,CARD,INR,0,TXN_111691,CUS_4602
35.4,34.77,0,2,0,60,0,0,0,WALLET,USD,0,TXN_104453,CUS_3530
76.83,67.9,0,7,0,73,0,0,0,CARD,EUR,0,TXN_113450,CUS_7392
449.74,260.71,0,3,0,162,0,0,0,WALLET,INR,0,TXN_109349,CUS_3106
348.68,406.72,0,1,0,99,0,0,0,UPI,INR,0,TXN_109578,CUS_8806
147.23,100.46,1,3,0,164,1,0,0,UPI,USD,0,TXN_111829,CUS_6171
166.75,138.1,1,2,0,601,0,0,0,CARD,INR,0,TXN_114471,CUS_5570
36.24,66.4,0,1,0,1731,0,0,0,CARD,USD,0,TXN_101113,CUS_2878
58.35,49.96,1,1,1,235,0,0,0,UPI,USD,0,TXN_106539,CUS_5962
136.46,122.46,1,4,0,100,0,0,0,UPI,USD,0,TXN_105817,CUS_5739
424.95,536.08,2,5,0,330,1,0,0,CARD,USD,0,TXN_110755,CUS_7726
207.72,142.01,2,3,0,156,1,0,0,UPI,USD,0,TXN_109957,CUS_6528
29.5,29.67,0,1,0,158,0,0,0,CARD,INR,0,TXN_103270,CUS_1310
69.68,50.79,1,3,0,356,0,0,0,CARD,USD,0,TXN_114250,CUS_9073
278.4,179.41,1,3,0,39,0,0,0,CARD,INR,0,TXN_110561,CUS_4763
267.92,178.71,0,1,0,263,0,0,0,WALLET,INR,0,TXN_109936,CUS_9842
152.5,179.99,0,1,1,320,0,0,0,UPI,INR,0,TXN_111544,CUS_7208
47.91,52.91,0,1,0,802,0,0,0,CARD,INR,0,TXN_107883,CUS_3116
291.56,192.53,0,0,0,226,0,0,0,UPI,EUR,0,TXN_114012,CUS_8226
127.35,120.97,0,1,1,35,0,0,0,UPI,INR,0,TXN_104870,CUS_3612
47.87,42.85,0,1,0,96,0,0,0,CARD,INR,0,TXN_100515,CUS_8955
519.68,420.56,0,2,0,377,0,0,0,CARD,EUR,0,TXN_114342,CUS_1459
87.56,62.22,0,2,0,297,0,0,0,WALLET,USD,0,TXN_103079,CUS_7606
158.09,187.82,0,4,0,86,0,0,0,NET_BANKING,INR,0,TXN_113939,CUS_3230
208.46,275.51,1,3,0,937,0,0,0,WALLET,INR,0,TXN_102334,CUS_3114
35.34,55.46,0,3,0,322,0,0,0,CARD,USD,0,TXN_112505,CUS_6984
2.2,42.19,6,8,1,161,1,1,1,CARD,INR,1,TXN_112389,CUS_7735
399.74,440.67,1,2,0,191,0,0,0,UPI,USD,0,TXN_102806,CUS_1090
27.8,60.32,0,1,0,457,0,0,0,NET_BANKING,INR,0,TXN_111011,CUS_1563
37.18,46.81,1,1,0,37,0,0,0,CARD,USD,0,TXN_111609,CUS_7348
66.58,68.21,1,3,0,339,0,1,0,UPI,USD,0,TXN_105385,CUS_3908
46.61,29.21,0,2,0,246,0,0,0,WALLET,USD,0,TXN_108565,CUS_3655
96.91,70.81,0,1,0,68,0,0,0,CARD,INR,0,TXN_113972,CUS_1983
63.07,64.53,0,1,0,300,0,1,0,UPI,USD,0,TXN_114703,CUS_2908
213.65,145.92,0,3,0,490,0,0,0,CARD,INR,0,TXN_104394,CUS_4084
256.06,216.79,0,2,0,285,1,0,0,UPI,INR,0,TXN_110240,CUS_4016
442.3,411.19,0,4,1,562,0,0,0,CARD,USD,0,TXN_101255,CUS_3133
31.45,34.77,1,2,0,157,0,0,0,CARD,USD,0,TXN_108188,CUS_3791
97.44,60.5,1,3,0,253,0,0,0,CARD,INR,0,TXN_114646,CUS_1986
87.51,128.74,3,4,0,138,0,0,0,CARD,INR,0,TXN_104826,CUS_1407
67.81,58.36,0,4,0,283,0,0,0,CARD,INR,0,TXN_102148,CUS_2949
87.73,87.42,1,4,0,62,0,0,0,NET_BANKING,USD,0,TXN_109841,CUS_1872
130.59,87.02,0,4,0,296,1,0,0,CARD,INR,0,TXN_100106,CUS_2885
396.47,269.93,0,1,1,222,0,0,0,CARD,INR,0,TXN_112058,CUS_1589
423.39,321.63,0,3,0,176,1,0,0,WALLET,INR,0,TXN_107617,CUS_5219
157.65,182.68,0,2,0,71,0,0,0,CARD,INR,0,TXN_103222,CUS_7703
52.81,45.96,2,5,0,151,0,0,0,UPI,USD,0,TXN_108631,CUS_9950
80.16,68.72,0,2,0,67,0,0,0,CARD,INR,0,TXN_114816,CUS_5038
46.0,126.21,1,1,0,210,1,0,0,CARD,INR,0,TXN_109048,CUS_1682
112.43,210.77,0,1,0,430,0,0,0,NET_BANKING,INR,0,TXN_105549,CUS_4256
104.59,83.4,0,2,0,225,0,0,0,WALLET,INR,0,TXN_101035,CUS_1716
111.51,128.82,1,2,0,481,0,0,0,CARD,INR,0,TXN_114199,CUS_3857
149.68,148.43,2,5,0,351,0,1,0,CARD,INR,0,TXN_106167,CUS_8352
73.99,56.11,1,3,0,286,0,0,0,UPI,USD,0,TXN_114688,CUS_9502
58.43,53.93,1,1,1,101,0,0,0,NET_BANKING,INR,0,TXN_113419,CUS_8184
163.82,174.19,0,2,0,58,0,0,0,CARD,USD,0,TXN_108925,CUS_4957
81.23,79.32,0,1,0,74,0,0,0,UPI,INR,0,TXN_112755,CUS_7859
103.19,114.5,0,2,0,666,0,0,0,CARD,USD,0,TXN_106546,CUS_8238
92.17,75.67,0,2,0,346,0,0,0,CARD,INR,0,TXN_111448,CUS_6093
1488.35,341.16,6,6,2,82,1,1,1,CARD,INR,1,TXN_111205,CUS_6512
78.09,82.76,0,4,0,162,0,0,0,NET_BANKING,INR,0,TXN_103609,CUS_9878
154.54,153.9,0,1,0,91,0,0,0,CARD,INR,0,TXN_101677,CUS_8361
52.21,47.63,0,4,0,739,0,0,0,UPI,INR,0,TXN_110922,CUS_1094
28.61,34.5,1,2,1,197,0,0,0,UPI,INR,0,TXN_103998,CUS_9457
99.06,88.56,1,8,0,261,1,0,0,NET_BANKING,INR,0,TXN_109332,CUS_5439
156.91,106.99,0,2,1,219,0,1,0,NET_BANKING,USD,0,TXN_112901,CUS_1335
114.17,85.32,1,3,0,788,0,0,0,CARD,USD,0,TXN_102823,CUS_3236
24.58,29.88,0,1,0,126,0,0,0,CARD,INR,0,TXN_113956,CUS_2702
315.44,335.24,1,3,0,126,0,0,0,CARD,INR,0,TXN_113592,CUS_3749
21.91,45.29,0,3,0,34,0,0,0,UPI,INR,0,TXN_107438,CUS_6398
65.37,53.37,0,3,0,357,0,0,0,UPI,USD,0,TXN_101924,CUS_1679
38.92,91.43,1,2,0,42,0,0,0,CARD,INR,0,TXN_114048,CUS_5598
26.0,48.46,0,1,0,734,0,0,0,CARD,USD,0,TXN_104504,CUS_8293
86.35,138.09,0,3,0,128,1,0,0,UPI,INR,0,TXN_105576,CUS_9836
14.37,24.77,0,1,1,229,0,0,0,UPI,INR,0,TXN_108063,CUS_8182
66.17,68.31,1,6,0,693,0,0,0,CARD,USD,0,TXN_103581,CUS_4695
78.14,73.84,1,1,0,525,0,1,0,NET_BANKING,INR,0,TXN_108684,CUS_1383
49.05,34.76,1,2,0,294,0,0,0,CARD,USD,0,TXN_105892,CUS_8433
96.43,138.05,1,4,0,220,0,0,0,UPI,INR,0,TXN_113203,CUS_3440
327.97,396.24,1,3,0,104,0,0,0,UPI,INR,0,TXN_113682,CUS_3801
61.01,54.55,0,1,1,826,0,1,0,WALLET,INR,0,TXN_100891,CUS_1055
77.72,95.65,0,3,0,103,1,0,0,CARD,USD,0,TXN_104201,CUS_5985
179.9,259.45,1,3,0,479,0,1,0,WALLET,INR,0,TXN_107763,CUS_6203
83.47,114.76,1,3,0,411,0,0,0,UPI,INR,0,TXN_108121,CUS_9543
192.59,260.21,0,3,1,43,0,0,0,CARD,INR,0,TXN_112946,CUS_3420
71.3,79.09,0,2,0,192,0,0,0,NET_BANKING,INR,0,TXN_104023,CUS_4709
98.43,393.64,0,0,0,159,0,0,0,CARD,USD,0,TXN_105300,CUS_5424
171.08,139.39,1,3,0,348,1,0,0,WALLET,USD,0,TXN_110365,CUS_3875
46.63,73.83,0,2,0,98,0,0,0,CARD,EUR,0,TXN_110275,CUS_8179
368.45,281.32,0,3,0,73,0,0,0,CARD,EUR,0,TXN_103049,CUS_9585
118.75,87.04,0,3,0,300,0,0,0,CARD,EUR,0,TXN_114176,CUS_6161
42.27,99.56,0,2,0,40,1,1,0,CARD,INR,0,TXN_109278,CUS_7726
85.44,120.14,0,2,0,70,0,0,0,CARD,INR,0,TXN_114582,CUS_3954
92.8,88.9,0,0,0,983,0,0,0,UPI,INR,0,TXN_111087,CUS_8799
166.27,113.17,1,3,0,43,0,0,0,UPI,INR,0,TXN_106502,CUS_1317
142.31,117.35,1,1,0,668,0,0,0,CARD,USD,0,TXN_109666,CUS_6596
63.07,69.66,0,4,0,56,0,0,0,WALLET,INR,0,TXN_104589,CUS_6749
164.74,143.14,0,2,0,127,0,1,0,UPI,INR,0,TXN_107039,CUS_4917
396.82,330.59,1,2,0,574,0,0,0,UPI,INR,0,TXN_114242,CUS_7212
384.65,277.07,1,2,0,136,0,0,0,NET_BANKING,INR,0,TXN_108889,CUS_7705
242.52,226.52,0,1,0,164,0,0,0,CARD,INR,0,TXN_110477,CUS_3993
96.53,77.8,0,1,1,440,0,0,0,CARD,INR,0,TXN_102552,CUS_6681
115.38,92.61,0,5,0,484,0,0,0,CARD,INR,0,TXN_102351,CUS_6878
73.36,60.03,1,2,0,110,0,0,0,NET_BANKING,INR,0,TXN_112041,CUS_6961
207.26,112.24,0,2,0,467,0,0,0,CARD,USD,0,TXN_105835,CUS_1368
42.3,58.53,0,1,0,496,0,0,0,CARD,INR,0,TXN_113683,CUS_1710
80.01,81.03,0,3,1,71,0,0,0,UPI,INR,0,TXN_104759,CUS_2316
72.12,106.37,0,4,0,96,0,0,0,CARD,INR,0,TXN_103644,CUS_3947
314.76,400.36,0,2,0,142,0,0,0,UPI,USD,0,TXN_106802,CUS_5158
90.81,115.87,0,0,1,236,0,0,0,CARD,USD,0,TXN_114849,CUS_5159
85.89,115.41,0,0,0,332,0,0,0,NET_BANKING,USD,0,TXN_114995,CUS_4791
222.66,216.26,1,4,0,327,0,0,0,CARD,INR,0,TXN_106945,CUS_1184
130.25,162.47,0,1,0,93,0,0,0,NET_BANKING,INR,0,TXN_103470,CUS_3705
44.41,74.15,2,3,0,179,0,0,0,CARD,INR,0,TXN_104359,CUS_9900
41.96,75.86,0,1,0,386,0,0,0,CARD,USD,0,TXN_109292,CUS_1392
78.08,132.35,1,3,0,344,0,0,0,UPI,USD,0,TXN_111146,CUS_8987
132.69,133.37,1,1,0,129,0,0,0,UPI,INR,0,TXN_106003,CUS_1315
209.33,159.25,2,3,1,50,0,0,0,UPI,INR,0,TXN_105982,CUS_6034
307.01,296.66,1,4,0,221,0,0,0,CARD,EUR,0,TXN_110677,CUS_2366
42.8,54.78,0,5,0,114,0,0,0,NET_BANKING,INR,0,TXN_107667,CUS_9544
59.34,50.49,0,0,0,501,0,0,0,CARD,INR,0,TXN_103191,CUS_4332
236.34,261.42,0,2,0,242,0,0,0,UPI,INR,0,TXN_106150,CUS_8276
89.48,111.79,0,4,1,274,0,0,0,CARD,USD,0,TXN_101079,CUS_7736
187.06,149.2,0,1,0,238,0,1,0,UPI,INR,0,TXN_114290,CUS_3450
55.49,57.76,1,4,0,130,0,0,0,UPI,INR,0,TXN_106979,CUS_8498
131.79,102.55,0,5,0,346,0,0,0,NET_BANKING,USD,0,TXN_100956,CUS_8772
23.86,94.43,0,2,0,138,0,0,0,UPI,USD,0,TXN_108961,CUS_1329
181.08,119.61,0,0,0,260,0,0,0,UPI,USD,0,TXN_109247,CUS_3024
20.03,79.12,0,2,0,248,0,0,0,UPI,USD,0,TXN_111611,CUS_1430
130.33,153.8,1,4,0,718,0,1,0,CARD,USD,0,TXN_104822,CUS_7969
186.25,172.68,1,1,1,227,0,0,0,CARD,EUR,0,TXN_114778,CUS_5695
472.15,358.06,0,3,0,83,0,0,0,UPI,INR,0,TXN_105988,CUS_2292
38.66,37.87,1,3,1,92,0,0,0,NET_BANKING,USD,0,TXN_101166,CUS_1353
129.6,79.57,1,3,0,958,0,0,0,NET_BANKING,USD,0,TXN_109643,CUS_6841
24.67,31.71,1,3,0,132,0,0,0,CARD,INR,0,TXN_104100,CUS_9525
90.39,56.87,0,3,0,91,0,0,0,CARD,USD,0,TXN_114719,CUS_9256
131.56,126.27,0,3,0,432,0,0,0,CARD,USD,0,TXN_109962,CUS_1309
187.86,147.17,1,3,0,343,1,0,0,WALLET,USD,0,TXN_113739,CUS_1090
45.0,80.65,0,1,0,133,1,0,0,UPI,INR,0,TXN_111926,CUS_4466
54.58,56.03,2,3,0,95,0,1,0,UPI,INR,0,TXN_108868,CUS_8955
46.55,39.92,0,3,1,629,0,0,0,WALLET,INR,0,TXN_107033,CUS_6832
94.96,90.38,0,1,0,336,0,0,0,UPI,INR,0,TXN_112467,CUS_3599
552.82,140.83,4,9,1,330,1,1,0,WALLET,USD,1,TXN_104439,CUS_2596
116.69,123.58,0,5,0,43,0,0,0,NET_BANKING,USD,0,TXN_105017,CUS_5200
186.2,129.48,0,3,0,385,0,0,0,WALLET,INR,0,TXN_103640,CUS_7100
83.23,102.3,0,1,0,293,0,0,0,UPI,USD,0,TXN_100670,CUS_3308
108.02,140.08,0,1,0,307,0,0,0,WALLET,INR,0,TXN_106729,CUS_2400
178.78,145.72,0,3,0,229,0,0,0,CARD,INR,0,TXN_103278,CUS_9903
116.45,117.32,0,1,0,270,0,0,0,CARD,EUR,0,TXN_109149,CUS_6392
28.64,27.42,0,0,0,283,0,0,0,NET_BANKING,INR,0,TXN_108669,CUS_7844
83.61,77.65,0,1,0,90,0,0,0,CARD,INR,0,TXN_105138,CUS_1909
38.52,27.97,1,5,1,59,0,1,0,UPI,INR,0,TXN_100280,CUS_8525
49.84,36.74,0,3,0,314,0,1,0,CARD,INR,0,TXN_109470,CUS_1428
84.96,138.58,0,0,0,423,0,0,0,WALLET,INR,0,TXN_105363,CUS_2488
276.91,179.43,0,1,0,652,0,0,0,CARD,EUR,0,TXN_101557,CUS_7306
31.59,39.17,0,3,0,278,0,0,0,UPI,INR,0,TXN_101285,CUS_5768
185.64,156.67,0,2,0,86,0,0,0,CARD,INR,0,TXN_113017,CUS_8139
406.67,340.0,0,3,0,32,0,0,0,UPI,USD,0,TXN_109112,CUS_9420
49.7,94.75,1,3,0,418,0,0,0,UPI,INR,0,TXN_106676,CUS_5702
135.47,156.31,0,1,0,582,0,0,0,NET_BANKING,USD,0,TXN_109186,CUS_1299
217.79,173.78,1,2,0,782,0,0,0,UPI,USD,0,TXN_106833,CUS_3172
80.77,114.01,0,2,0,423,0,0,0,CARD,INR,0,TXN_111216,CUS_3174
146.12,104.2,0,2,0,797,0,0,0,CARD,INR,0,TXN_109599,CUS_1959
299.3,170.53,0,5,0,158,0,0,0,CARD,INR,0,TXN_104561,CUS_8231
231.94,203.95,0,4,0,122,0,0,0,UPI,INR,0,TXN_106484,CUS_2898
73.37,108.08,2,2,1,90,0,0,0,UPI,EUR,0,TXN_108809,CUS_2103
92.24,76.91,0,7,0,591,1,0,0,UPI,USD,0,TXN_103763,CUS_7906
140.73,192.43,0,0,0,266,0,0,0,UPI,INR,0,TXN_103293,CUS_1761
25.59,38.38,0,2,0,132,0,0,0,CARD,INR,0,TXN_109688,CUS_5259
49.73,53.0,2,4,0,103,0,0,0,UPI,INR,0,TXN_110727,CUS_9463
29.59,70.81,1,2,0,279,0,0,0,UPI,INR,0,TXN_111049,CUS_4275
162.31,173.54,0,2,0,164,0,0,0,CARD,INR,0,TXN_103282,CUS_8613
136.83,145.17,2,4,0,1277,0,0,0,WALLET,INR,0,TXN_109487,CUS_9041
109.14,192.51,0,3,0,240,0,0,0,WALLET,INR,0,TXN_105378,CUS_7965
26.29,337.09,0,2,0,230,0,0,0,CARD,USD,0,TXN_112293,CUS_7446
44.77,58.97,0,5,0,238,0,0,0,CARD,INR,0,TXN_109159,CUS_4628
50.89,52.4,0,0,0,261,0,0,0,CARD,INR,0,TXN_106261,CUS_7159
38.13,65.17,0,3,1,880,0,0,0,CARD,INR,0,TXN_100479,CUS_7595
103.38,352.6,0,2,0,114,0,0,0,UPI,INR,0,TXN_107862,CUS_5787
73.99,81.66,0,2,0,64,0,0,0,CARD,USD,0,TXN_102399,CUS_9963
263.75,161.97,0,2,0,37,0,0,0,WALLET,INR,0,TXN_110408,CUS_9987
45.01,34.42,0,1,0,245,0,1,0,WALLET,INR,0,TXN_106595,CUS_8807
73.75,55.52,0,3,0,353,0,0,0,CARD,USD,0,TXN_107616,CUS_7247
57.69,52.31,0,1,0,297,0,0,0,CARD,INR,0,TXN_113410,CUS_1810
82.5,87.07,0,1,0,194,0,0,0,UPI,INR,0,TXN_107750,CUS_7986
51.38,46.48,0,2,0,33,0,0,0,CARD,USD,0,TXN_101293,CUS_8626
46.06,71.38,1,3,0,414,0,0,0,CARD,INR,0,TXN_100498,CUS_1413
102.47,98.53,0,0,0,260,0,0,0,UPI,USD,0,TXN_111929,CUS_5963
81.88,67.68,0,4,0,832,0,0,0,CARD,INR,0,TXN_109585,CUS_5144
276.27,323.65,0,1,1,123,0,0,0,CARD,INR,0,TXN_103033,CUS_8136
103.5,106.13,0,5,1,126,0,0,0,CARD,USD,0,TXN_111832,CUS_9597
33.66,44.97,0,2,0,629,0,0,0,CARD,USD,0,TXN_104035,CUS_4635
133.32,157.97,1,2,0,143,0,1,0,UPI,INR,0,TXN_102831,CUS_6548
323.01,311.81,1,1,1,278,0,0,0,UPI,INR,0,TXN_110300,CUS_4800
51.02,63.51,0,2,0,76,0,0,0,UPI,EUR,0,TXN_107715,CUS_9149
38.1,41.36,0,3,0,497,0,0,0,CARD,INR,0,TXN_113598,CUS_2544
220.78,302.11,0,0,0,258,0,0,0,CARD,INR,0,TXN_100329,CUS_7715
67.41,76.05,0,1,0,101,0,0,0,CARD,INR,0,TXN_108003,CUS_9898
42.06,67.33,0,2,0,277,0,0,0,CARD,INR,0,TXN_105230,CUS_1795
39.98,43.85,0,1,0,67,0,1,0,CARD,INR,0,TXN_106987,CUS_7327
79.64,64.03,0,3,1,114,0,0,0,UPI,INR,0,TXN_111182,CUS_1979
62.24,65.52,0,4,0,423,0,0,0,UPI,USD,0,TXN_103159,CUS_5551
291.71,181.52,0,3,0,172,0,1,0,UPI,USD,0,TXN_107801,CUS_1368
63.09,163.53,0,5,0,183,0,1,0,UPI,USD,0,TXN_102149,CUS_7115
149.15,125.88,1,3,0,51,0,0,0,CARD,USD,0,TXN_107170,CUS_1124
54.06,38.84,0,2,1,384,0,0,0,WALLET,INR,0,TXN_102948,CUS_4443
60.76,74.74,0,2,0,387,0,0,0,CARD,USD,0,TXN_110916,CUS_4983
167.52,205.69,1,4,0,84,0,0,0,CARD,USD,0,TXN_104958,CUS_7305
131.36,131.11,0,3,0,163,0,0,0,NET_BANKING,USD,0,TXN_104583,CUS_9851
95.74,99.54,1,2,1,128,0,1,0,CARD,USD,0,TXN_110813,CUS_4017
336.14,303.92,0,2,0,107,0,1,0,WALLET,INR,0,TXN_103479,CUS_7735
39.6,59.5,0,4,0,180,0,0,0,WALLET,USD,0,TXN_103018,CUS_6983
308.97,275.97,1,2,0,164,0,0,0,NET_BANKING,USD,0,TXN_109317,CUS_7578
236.85,269.89,0,2,0,334,0,0,0,WALLET,USD,0,TXN_109315,CUS_8329
95.88,77.96,0,2,0,228,1,0,0,UPI,USD,0,TXN_110995,CUS_6822
96.91,166.8,0,2,0,342,0,0,0,CARD,INR,0,TXN_112033,CUS_6521
184.93,104.63,1,7,0,44,0,1,0,UPI,EUR,0,TXN_113847,CUS_6891
127.33,87.6,0,1,1,97,0,0,0,CARD,INR,0,TXN_114537,CUS_5751
37.21,46.42,0,0,1,179,0,0,0,CARD,INR,0,TXN_107716,CUS_7714
326.53,293.88,0,2,0,60,0,0,0,CARD,INR,0,TXN_114934,CUS_6088
320.41,240.02,1,5,0,122,0,0,0,UPI,USD,0,TXN_103193,CUS_4945
151.88,151.71,0,0,0,597,0,0,0,NET_BANKING,EUR,0,TXN_109990,CUS_4798
147.18,159.26,2,7,0,51,1,0,0,UPI,INR,0,TXN_103265,CUS_9061
122.76,120.16,0,2,0,238,0,0,0,CARD,INR,0,TXN_101832,CUS_1213
74.58,106.36,0,2,0,39,0,1,0,CARD,USD,0,TXN_110619,CUS_1401
89.61,79.87,0,1,0,457,0,0,1,UPI,INR,0,TXN_101438,CUS_2600
63.23,39.29,0,0,0,210,0,0,0,UPI,INR,0,TXN_109823,CUS_8526
69.55,56.02,0,2,0,52,0,0,0,CARD,INR,0,TXN_113752,CUS_7815
69.81,111.74,0,0,0,153,0,0,0,CARD,INR,0,TXN_114595,CUS_1833
32.52,44.65,0,1,0,457,1,0,0,CARD,INR,0,TXN_111237,CUS_1904
79.44,109.47,1,2,0,49,0,1,0,NET_BANKING,EUR,0,TXN_104669,CUS_2321
